model,D,seed,method,d,n_kc,sparsity,ratio,recall15,fit_rho,nav_median_best,nav_reach_top10pct,nav_reach_top1pct,navcarry_median_best,navcarry_reach_top10pct,navcarry_reach_top1pct
8M,320,0,random_walk,320,0,,,,,1.41825,0.98,0.54,,,
8M,320,0,chemotaxis,320,0,,,,,1.6226500000000001,0.98,0.76,,,
8M,320,0,dense_cosine,64,0,,,0.5302666666666667,0.6488942121795654,1.41825,0.98,0.54,,,
8M,320,0,centered_cosine,64,0,,,0.6870666666666666,0.6501022136641411,1.454,0.96,0.54,,,
8M,320,0,simhash,64,2000,,31.25,0.6712666666666667,0.6445094826835683,1.4598,0.98,0.56,,,
8M,320,0,flyhash,64,2000,0.02,31.25,0.5024,0.6053833238612684,,,,,,
8M,320,0,flyhash,64,2000,0.05,31.25,0.5796666666666667,0.6317634536843311,1.39715,0.92,0.48,1.7029,0.88,0.64
8M,320,0,flyhash,64,2000,0.1,31.25,0.6198666666666667,0.6502488051408699,,,,,,
8M,320,0,simhash,64,4000,,62.5,0.6740666666666667,0.6511579914580259,1.4482,0.96,0.54,,,
8M,320,0,flyhash,64,4000,0.02,62.5,0.5588,0.634516182735178,,,,,,
8M,320,0,flyhash,64,4000,0.05,62.5,0.6108,0.6410854083347435,1.4135499999999999,0.96,0.5,1.7029,0.94,0.66
8M,320,0,flyhash,64,4000,0.1,62.5,0.6382666666666666,0.6566851395144756,,,,,,
8M,320,0,simhash,64,8000,,125.0,0.6830666666666667,0.6580445485419242,1.454,1.0,0.56,,,
8M,320,0,flyhash,64,8000,0.02,125.0,0.5858666666666666,0.6368525734033608,,,,,,
8M,320,0,flyhash,64,8000,0.05,125.0,0.626,0.6500894643288688,1.4598,0.94,0.52,1.7029,0.92,0.68
8M,320,0,flyhash,64,8000,0.1,125.0,0.6465333333333334,0.6551397877764634,,,,,,
8M,320,0,simhash,64,16000,,250.0,0.6830666666666667,0.6491215969944465,1.3963999999999999,0.94,0.48,,,
8M,320,0,flyhash,64,16000,0.02,250.0,0.6007333333333332,0.6390705695645684,,,,,,
8M,320,0,flyhash,64,16000,0.05,250.0,0.6310666666666667,0.6438875559664006,1.36065,0.94,0.4,1.7029,0.92,0.52
8M,320,0,flyhash,64,16000,0.1,250.0,0.6494666666666667,0.6497775348580535,,,,,,
8M,320,0,dense_cosine,128,0,,,0.5839333333333333,0.675233125704298,1.41825,0.98,0.54,,,
8M,320,0,centered_cosine,128,0,,,0.7692666666666667,0.6884296252449614,1.4482,0.96,0.56,,,
8M,320,0,simhash,128,2000,,15.625,0.7425333333333334,0.6834513969406828,1.3659,0.96,0.4,,,
8M,320,0,flyhash,128,2000,0.02,15.625,0.5702666666666667,0.6436731124896873,,,,,,
8M,320,0,flyhash,128,2000,0.05,15.625,0.6591333333333333,0.6591279202623787,1.4598,0.94,0.56,1.6531,0.94,0.64
8M,320,0,flyhash,128,2000,0.1,15.625,0.6999333333333334,0.6802846572879621,,,,,,
8M,320,0,simhash,128,4000,,31.25,0.7546,0.6891456118694947,1.3845999999999998,0.96,0.48,,,
8M,320,0,flyhash,128,4000,0.02,31.25,0.6388,0.6643337804990453,,,,,,
8M,320,0,flyhash,128,4000,0.05,31.25,0.7020666666666667,0.6862965437618959,1.4598,0.98,0.6,1.7029,0.96,0.66
8M,320,0,flyhash,128,4000,0.1,31.25,0.729,0.694242341885773,,,,,,
8M,320,0,simhash,128,8000,,62.5,0.7621333333333333,0.6878610370086944,1.4482,0.92,0.54,,,
8M,320,0,flyhash,128,8000,0.02,62.5,0.6850666666666666,0.6727946380304137,,,,,,
8M,320,0,flyhash,128,8000,0.05,62.5,0.7238,0.6891948244233573,1.4598,0.98,0.56,1.6089,0.92,0.58
8M,320,0,flyhash,128,8000,0.1,62.5,0.7433333333333334,0.6983498430495845,,,,,,
8M,320,0,simhash,128,16000,,125.0,0.7660666666666667,0.688283947780357,1.454,0.92,0.56,,,
8M,320,0,flyhash,128,16000,0.02,125.0,0.7121999999999999,0.6759329668155574,,,,,,
8M,320,0,flyhash,128,16000,0.05,125.0,0.738,0.68804099350734,1.4598,1.0,0.54,1.7029,0.86,0.56
8M,320,0,flyhash,128,16000,0.1,125.0,0.7499333333333333,0.6950519061688176,,,,,,
8M,320,0,dense_cosine,256,0,,,0.6114666666666667,0.6735111317316851,1.41825,0.98,0.54,,,
8M,320,0,centered_cosine,256,0,,,0.8395333333333334,0.6853792491722809,1.3894,0.94,0.44,,,
8M,320,0,simhash,256,2000,,7.8125,0.7999333333333334,0.674728670442885,1.4598,0.94,0.56,,,
8M,320,0,flyhash,256,2000,0.02,7.8125,0.5983333333333333,0.6361340015152832,,,,,,
8M,320,0,flyhash,256,2000,0.05,7.8125,0.7010666666666666,0.6619410731979531,1.4886,0.98,0.64,1.4598,0.9,0.58
8M,320,0,flyhash,256,2000,0.1,7.8125,0.7542666666666666,0.6767691411305466,,,,,,
8M,320,0,simhash,256,4000,,15.625,0.8207333333333333,0.6826505077494833,1.43285,0.96,0.52,,,
8M,320,0,flyhash,256,4000,0.02,15.625,0.6879333333333334,0.6647812220058075,,,,,,
8M,320,0,flyhash,256,4000,0.05,15.625,0.7551333333333333,0.673777842725581,1.4346999999999999,0.98,0.5,1.4598,0.96,0.66
8M,320,0,flyhash,256,4000,0.1,15.625,0.7911333333333334,0.6770036841538187,,,,,,
8M,320,0,simhash,256,8000,,31.25,0.8312666666666666,0.6838707605046331,1.4289,0.96,0.5,,,
8M,320,0,flyhash,256,8000,0.02,31.25,0.7464666666666666,0.6709911475735408,,,,,,
8M,320,0,flyhash,256,8000,0.05,31.25,0.7917333333333333,0.6852089229719387,1.4598,0.96,0.52,1.7029,0.94,0.6
8M,320,0,flyhash,256,8000,0.1,31.25,0.8089999999999999,0.6902481751695814,,,,,,
8M,320,0,simhash,256,16000,,62.5,0.8354,0.6837657374354714,1.4096,0.98,0.48,,,
8M,320,0,flyhash,256,16000,0.02,62.5,0.7802,0.678518240897107,,,,,,
8M,320,0,flyhash,256,16000,0.05,62.5,0.8114,0.677524410946059,1.4742,0.98,0.6,1.47115,0.98,0.66
8M,320,0,flyhash,256,16000,0.1,62.5,0.8211999999999999,0.680706746995301,,,,,,
8M,320,0,dense_cosine,320,0,,,0.6370666666666666,0.6834627622336478,1.41825,0.98,0.54,,,
8M,320,0,centered_cosine,320,0,,,1.0,0.6878202837779701,1.4482,0.96,0.54,,,
8M,320,0,simhash,320,2000,,6.25,0.8737333333333334,0.6801848431920449,1.4598,0.98,0.58,,,
8M,320,0,flyhash,320,2000,0.02,6.25,0.6132666666666666,0.648061710868391,1.44745,0.96,0.54,1.454,0.9,0.56
8M,320,0,flyhash,320,2000,0.05,6.25,0.7161333333333334,0.6615849254698971,1.5154999999999998,0.94,0.56,1.4085999999999999,0.92,0.5
8M,320,0,flyhash,320,2000,0.1,6.25,0.7686666666666666,0.6730678703592715,1.5181499999999999,0.94,0.58,1.7029,0.94,0.72
8M,320,0,simhash,320,4000,,12.5,0.9138666666666667,0.6862652019915988,1.5181499999999999,0.96,0.58,,,
8M,320,0,flyhash,320,4000,0.02,12.5,0.7004666666666667,0.6631108255557819,,,,,,
8M,320,0,flyhash,320,4000,0.05,12.5,0.7722666666666667,0.6755598936277034,1.4047999999999998,0.96,0.48,1.7029,0.96,0.62
8M,320,0,flyhash,320,4000,0.1,12.5,0.8154,0.6758383839314688,,,,,,
8M,320,0,simhash,320,8000,,25.0,0.9323333333333333,0.6894786138585872,1.4598,0.94,0.58,,,
8M,320,0,flyhash,320,8000,0.02,25.0,0.7663333333333333,0.6841539701622062,,,,,,
8M,320,0,flyhash,320,8000,0.05,25.0,0.8166,0.6854927386566972,1.5154999999999998,0.92,0.6,1.4742,0.94,0.68
8M,320,0,flyhash,320,8000,0.1,25.0,0.8462,0.6753601214882173,,,,,,
8M,320,0,simhash,320,16000,,50.0,0.9526666666666667,0.6904125000614147,1.4459,0.94,0.54,,,
8M,320,0,flyhash,320,16000,0.02,50.0,0.8140000000000001,0.6819865466483555,,,,,,
8M,320,0,flyhash,320,16000,0.05,50.0,0.8452000000000001,0.680038994867624,1.46475,0.94,0.58,1.59915,0.92,0.58
8M,320,0,flyhash,320,16000,0.1,50.0,0.8672666666666667,0.6804155141581758,,,,,,
150M,640,0,random_walk,640,0,,,,,1.4825,0.88,0.6,,,
150M,640,0,chemotaxis,640,0,,,,,1.6161,1.0,0.92,,,
150M,640,0,dense_cosine,64,0,,,0.5375333333333334,0.7754536092330027,1.4825,0.88,0.6,,,
150M,640,0,centered_cosine,64,0,,,0.6764,0.7824791711168003,1.4825,0.94,0.76,,,
150M,640,0,simhash,64,2000,,31.25,0.6576000000000001,0.7781900782319261,1.4598,0.94,0.7,,,
150M,640,0,flyhash,64,2000,0.02,31.25,0.4891333333333333,0.733549700783053,,,,,,
150M,640,0,flyhash,64,2000,0.05,31.25,0.5667333333333333,0.7626148061051903,1.4598,0.92,0.68,1.5477,0.98,0.94
150M,640,0,flyhash,64,2000,0.1,31.25,0.6072666666666666,0.774125535113974,,,,,,
150M,640,0,simhash,64,4000,,62.5,0.6682,0.7774678150819851,1.4825,0.9,0.62,,,
150M,640,0,flyhash,64,4000,0.02,62.5,0.5412666666666667,0.7564492043319987,,,,,,
150M,640,0,flyhash,64,4000,0.05,62.5,0.5929333333333333,0.7688517011867761,1.4825,0.92,0.64,1.7029,0.98,0.94
150M,640,0,flyhash,64,4000,0.1,62.5,0.6237999999999999,0.7743368388512418,,,,,,
150M,640,0,simhash,64,8000,,125.0,0.6706,0.7786824580994864,1.44745,0.92,0.6,,,
150M,640,0,flyhash,64,8000,0.02,125.0,0.5703999999999999,0.7632407240113074,,,,,,
150M,640,0,flyhash,64,8000,0.05,125.0,0.6072666666666666,0.7760928428868242,1.42645,0.92,0.5,1.6153,0.96,0.82
150M,640,0,flyhash,64,8000,0.1,125.0,0.6331333333333333,0.7814486773017404,,,,,,
150M,640,0,simhash,64,16000,,250.0,0.6746666666666666,0.7810472242073069,1.454,0.9,0.64,,,
150M,640,0,flyhash,64,16000,0.02,250.0,0.5868,0.7716243212414342,,,,,,
150M,640,0,flyhash,64,16000,0.05,250.0,0.6162666666666666,0.7794865580468645,1.4825,0.92,0.58,1.5477,0.98,0.9
150M,640,0,flyhash,64,16000,0.1,250.0,0.6365999999999999,0.7838588461419802,,,,,,
150M,640,0,dense_cosine,128,0,,,0.5854,0.7892120297505304,1.4825,0.88,0.6,,,
150M,640,0,centered_cosine,128,0,,,0.757,0.7903832686055943,1.4825,0.96,0.74,,,
150M,640,0,simhash,128,2000,,15.625,0.7326666666666667,0.7887982079860015,1.4761,0.9,0.72,,,
150M,640,0,flyhash,128,2000,0.02,15.625,0.5614666666666667,0.763864995576168,,,,,,
150M,640,0,flyhash,128,2000,0.05,15.625,0.6502,0.7854812454393596,1.4825,0.94,0.68,1.4825,0.98,0.86
150M,640,0,flyhash,128,2000,0.1,15.625,0.6910000000000001,0.7931844274736304,,,,,,
150M,640,0,simhash,128,4000,,31.25,0.7411333333333334,0.7883453316716466,1.4697,0.94,0.7,,,
150M,640,0,flyhash,128,4000,0.02,31.25,0.6344,0.7744397216353003,,,,,,
150M,640,0,flyhash,128,4000,0.05,31.25,0.6911333333333334,0.7860088400899133,1.44745,0.9,0.58,1.5477,0.98,0.76
150M,640,0,flyhash,128,4000,0.1,31.25,0.7161333333333334,0.7913498306848723,,,,,,
150M,640,0,simhash,128,8000,,62.5,0.7468,0.7890879201040742,1.4825,0.94,0.7,,,
150M,640,0,flyhash,128,8000,0.02,62.5,0.6755333333333333,0.7825482248550217,,,,,,
150M,640,0,flyhash,128,8000,0.05,62.5,0.7153333333333334,0.7894284556546848,1.4627,0.92,0.64,1.5477,0.96,0.8
150M,640,0,flyhash,128,8000,0.1,62.5,0.7309333333333333,0.7919198629012283,,,,,,
150M,640,0,simhash,128,16000,,125.0,0.7532,0.7927629027412961,1.46475,0.92,0.68,,,
150M,640,0,flyhash,128,16000,0.02,125.0,0.7058666666666666,0.7921911460946389,,,,,,
150M,640,0,flyhash,128,16000,0.05,125.0,0.728,0.7948152527334024,1.4825,0.92,0.64,1.5477,0.98,0.76
150M,640,0,flyhash,128,16000,0.1,125.0,0.7390000000000001,0.7912289186594185,,,,,,
150M,640,0,dense_cosine,256,0,,,0.6261333333333333,0.7952627192493191,1.4825,0.88,0.6,,,
150M,640,0,centered_cosine,256,0,,,0.8351333333333333,0.8147393105480589,1.4825,0.94,0.76,,,
150M,640,0,simhash,256,2000,,7.8125,0.8001333333333334,0.8063335150663542,1.4598,0.92,0.64,,,
150M,640,0,flyhash,256,2000,0.02,7.8125,0.6050666666666668,0.7852812977562295,,,,,,
150M,640,0,flyhash,256,2000,0.05,7.8125,0.7017333333333333,0.802405883418784,1.4825,0.88,0.62,1.7029,0.96,0.78
150M,640,0,flyhash,256,2000,0.1,7.8125,0.7550666666666667,0.8036421379423755,,,,,,
150M,640,0,simhash,256,4000,,15.625,0.8163333333333332,0.8133806235083378,1.4482,0.9,0.7,,,
150M,640,0,flyhash,256,4000,0.02,15.625,0.6856666666666666,0.7954694171063773,,,,,,
150M,640,0,flyhash,256,4000,0.05,15.625,0.7522666666666668,0.8051120455829492,1.4825,0.88,0.6,1.4825,0.98,0.86
150M,640,0,flyhash,256,4000,0.1,15.625,0.7864666666666668,0.8068796761444523,,,,,,
150M,640,0,simhash,256,8000,,31.25,0.8225333333333332,0.813438658022274,1.45105,0.88,0.58,,,
150M,640,0,flyhash,256,8000,0.02,31.25,0.7397333333333334,0.8054802994593129,,,,,,
150M,640,0,flyhash,256,8000,0.05,31.25,0.7866666666666667,0.8088676616189329,1.4598,0.9,0.64,1.7029,0.98,0.92
150M,640,0,flyhash,256,8000,0.1,31.25,0.8075333333333333,0.8107854419843445,,,,,,
150M,640,0,simhash,256,16000,,62.5,0.8294666666666667,0.8122236786891266,1.46535,0.92,0.6,,,
150M,640,0,flyhash,256,16000,0.02,62.5,0.7759333333333333,0.8044902371436286,,,,,,
150M,640,0,flyhash,256,16000,0.05,62.5,0.8069333333333333,0.8131581277877595,1.47115,0.92,0.62,1.47115,0.98,0.68
150M,640,0,flyhash,256,16000,0.1,62.5,0.8181333333333334,0.8121218923604161,,,,,,
150M,640,0,dense_cosine,512,0,,,0.6328666666666667,0.7823114073556929,1.4825,0.88,0.6,,,
150M,640,0,centered_cosine,512,0,,,0.8789333333333332,0.8029360450253938,1.46475,0.94,0.74,,,
150M,640,0,simhash,512,2000,,3.90625,0.8320000000000001,0.8026803304854858,1.4825,0.9,0.66,,,
150M,640,0,flyhash,512,2000,0.02,3.90625,0.6116666666666667,0.7818050747554324,,,,,,
150M,640,0,flyhash,512,2000,0.05,3.90625,0.7282666666666666,0.7922301016478122,1.4697,0.92,0.64,1.5477,0.96,0.78
150M,640,0,flyhash,512,2000,0.1,3.90625,0.7804,0.798765718662682,,,,,,
150M,640,0,simhash,512,4000,,7.8125,0.8498,0.8043564709299638,1.4825,0.92,0.62,,,
150M,640,0,flyhash,512,4000,0.02,7.8125,0.7021333333333334,0.7946940184554817,,,,,,
150M,640,0,flyhash,512,4000,0.05,7.8125,0.7852,0.7998687637763929,1.454,0.94,0.64,1.4598,0.98,0.84
150M,640,0,flyhash,512,4000,0.1,7.8125,0.8196666666666667,0.8004059540040641,,,,,,
150M,640,0,simhash,512,8000,,15.625,0.8668666666666667,0.8042882494565108,1.4825,0.92,0.7,,,
150M,640,0,flyhash,512,8000,0.02,15.625,0.7698666666666667,0.7956442887747891,,,,,,
150M,640,0,flyhash,512,8000,0.05,15.625,0.8228000000000001,0.8002229640756278,1.46475,0.92,0.64,1.58885,0.92,0.82
150M,640,0,flyhash,512,8000,0.1,15.625,0.8441333333333334,0.8024304133453527,,,,,,
150M,640,0,simhash,512,16000,,31.25,0.8732666666666666,0.8050403265861151,1.46475,0.92,0.72,,,
150M,640,0,flyhash,512,16000,0.02,31.25,0.8124,0.8030557762328291,,,,,,
150M,640,0,flyhash,512,16000,0.05,31.25,0.8468666666666667,0.8008973892521716,1.47115,0.9,0.62,1.6161,0.98,0.8
150M,640,0,flyhash,512,16000,0.1,31.25,0.8589333333333333,0.8031044761129268,,,,,,
150M,640,0,dense_cosine,640,0,,,0.6501333333333333,0.7918145567207262,1.4825,0.88,0.6,,,
150M,640,0,centered_cosine,640,0,,,1.0,0.8113268443408818,1.454,0.92,0.58,,,
150M,640,0,simhash,640,2000,,3.125,0.88,0.8089790075556522,1.4825,0.92,0.68,,,
150M,640,0,flyhash,640,2000,0.02,3.125,0.6170666666666667,0.7753054400828941,1.4598,0.92,0.72,1.4627,0.96,0.9
150M,640,0,flyhash,640,2000,0.05,3.125,0.7327333333333333,0.7898905679812008,1.4761,0.9,0.66,1.7029,0.98,0.88
150M,640,0,flyhash,640,2000,0.1,3.125,0.7939333333333334,0.803325872620117,1.4598,0.9,0.6,1.4761,0.98,0.68
150M,640,0,simhash,640,4000,,6.25,0.9126666666666666,0.8076652918743104,1.4825,0.9,0.74,,,
150M,640,0,flyhash,640,4000,0.02,6.25,0.7141333333333333,0.791707878248886,,,,,,
150M,640,0,flyhash,640,4000,0.05,6.25,0.7946666666666666,0.8027870377079828,1.4825,0.92,0.68,1.5477,0.96,0.84
150M,640,0,flyhash,640,4000,0.1,6.25,0.841,0.8000712668936935,,,,,,
150M,640,0,simhash,640,8000,,12.5,0.9382666666666667,0.8094122356414912,1.45975,0.9,0.6,,,
150M,640,0,flyhash,640,8000,0.02,12.5,0.7829999999999999,0.8014121021857188,,,,,,
150M,640,0,flyhash,640,8000,0.05,12.5,0.8350000000000001,0.7982892682727241,1.4482,0.92,0.6,1.5819,0.98,0.94
150M,640,0,flyhash,640,8000,0.1,12.5,0.8726,0.8078941783643124,,,,,,
150M,640,0,simhash,640,16000,,25.0,0.9525333333333333,0.8124890835789943,1.4598,0.9,0.66,,,
150M,640,0,flyhash,640,16000,0.02,25.0,0.8357333333333333,0.8054933829365138,,,,,,
150M,640,0,flyhash,640,16000,0.05,25.0,0.8696,0.7990885680163199,1.4627,0.92,0.64,1.4825,0.96,0.82
150M,640,0,flyhash,640,16000,0.1,25.0,0.8963333333333333,0.8047271291258524,,,,,,
650M,1280,0,random_walk,1280,0,,,,,1.432,0.9,0.52,,,
650M,1280,0,chemotaxis,1280,0,,,,,1.7029,0.96,0.92,,,
650M,1280,0,dense_cosine,64,0,,,0.5284,0.81924460117462,1.4459,0.9,0.54,,,
650M,1280,0,centered_cosine,64,0,,,0.6627333333333334,0.7876234901403469,1.4598,0.92,0.66,,,
650M,1280,0,simhash,64,2000,,31.25,0.6427333333333334,0.7871768006492406,1.43865,0.82,0.58,,,
650M,1280,0,flyhash,64,2000,0.02,31.25,0.46900000000000003,0.732247240839941,,,,,,
650M,1280,0,flyhash,64,2000,0.05,31.25,0.5449333333333333,0.7611280901983029,1.4598,0.84,0.56,1.6161,0.96,0.74
650M,1280,0,flyhash,64,2000,0.1,31.25,0.5905333333333334,0.7749216981907157,,,,,,
650M,1280,0,simhash,64,4000,,62.5,0.6552666666666667,0.793971825257316,1.4825,0.84,0.6,,,
650M,1280,0,flyhash,64,4000,0.02,62.5,0.5201333333333333,0.7548796311963633,,,,,,
650M,1280,0,flyhash,64,4000,0.05,62.5,0.5708666666666667,0.7641769659984315,1.5540500000000002,0.92,0.6,1.4393500000000001,0.98,0.54
650M,1280,0,flyhash,64,4000,0.1,62.5,0.6061333333333334,0.7773559680362683,,,,,,
650M,1280,0,simhash,64,8000,,125.0,0.6555333333333333,0.7939751769767002,1.47115,0.88,0.62,,,
650M,1280,0,flyhash,64,8000,0.02,125.0,0.5508666666666666,0.7617820933821886,,,,,,
650M,1280,0,flyhash,64,8000,0.05,125.0,0.5923999999999999,0.7712428184043176,1.44745,0.84,0.52,1.6595,0.94,0.7
650M,1280,0,flyhash,64,8000,0.1,125.0,0.6149333333333333,0.7797026665732181,,,,,,
650M,1280,0,simhash,64,16000,,250.0,0.6598,0.7915678250180985,1.4175,0.88,0.54,,,
650M,1280,0,flyhash,64,16000,0.02,250.0,0.5662,0.7648297054183236,,,,,,
650M,1280,0,flyhash,64,16000,0.05,250.0,0.5988,0.768162070358252,1.4825,0.84,0.66,1.6161,0.96,0.96
650M,1280,0,flyhash,64,16000,0.1,250.0,0.6202666666666666,0.7793643006927872,,,,,,
650M,1280,0,dense_cosine,128,0,,,0.5782,0.8167509594104072,1.432,0.9,0.52,,,
650M,1280,0,centered_cosine,128,0,,,0.7667333333333333,0.8203575483273234,1.45895,0.92,0.58,,,
650M,1280,0,simhash,128,2000,,15.625,0.7386,0.8130548959868796,1.4598,0.84,0.56,,,
650M,1280,0,flyhash,128,2000,0.02,15.625,0.5580666666666667,0.7747481489496282,,,,,,
650M,1280,0,flyhash,128,2000,0.05,15.625,0.651,0.7948482699617513,1.54505,0.86,0.64,1.6161,0.92,0.78
650M,1280,0,flyhash,128,2000,0.1,15.625,0.6936666666666667,0.8012361942770394,,,,,,
650M,1280,0,simhash,128,4000,,31.25,0.7517333333333334,0.8166167353569178,1.46475,0.86,0.62,,,
650M,1280,0,flyhash,128,4000,0.02,31.25,0.6272666666666668,0.7944946936673647,,,,,,
650M,1280,0,flyhash,128,4000,0.05,31.25,0.6902,0.806944327518037,1.43865,0.82,0.52,1.7029,0.9,0.82
650M,1280,0,flyhash,128,4000,0.1,31.25,0.7181333333333334,0.804539795053798,,,,,,
650M,1280,0,simhash,128,8000,,62.5,0.7599333333333332,0.8189007967908934,1.4761,0.86,0.62,,,
650M,1280,0,flyhash,128,8000,0.02,62.5,0.673,0.8054781742278538,,,,,,
650M,1280,0,flyhash,128,8000,0.05,62.5,0.7163333333333333,0.8137519248412838,1.454,0.86,0.54,1.3868,0.88,0.38
650M,1280,0,flyhash,128,8000,0.1,62.5,0.7346666666666667,0.8160001387360536,,,,,,
650M,1280,0,simhash,128,16000,,125.0,0.7637333333333333,0.8167001918772567,1.46475,0.9,0.58,,,
650M,1280,0,flyhash,128,16000,0.02,125.0,0.7021999999999999,0.8070677949843967,,,,,,
650M,1280,0,flyhash,128,16000,0.05,125.0,0.7306666666666667,0.8153136484503104,1.46475,0.88,0.56,1.4598,0.94,0.68
650M,1280,0,flyhash,128,16000,0.1,125.0,0.7438,0.8158415839477899,,,,,,
650M,1280,0,dense_cosine,256,0,,,0.6132666666666666,0.8364368304216553,1.432,0.9,0.52,,,
650M,1280,0,centered_cosine,256,0,,,0.8276,0.8295308413555101,1.4598,0.9,0.6,,,
650M,1280,0,simhash,256,2000,,7.8125,0.7928666666666667,0.8277185085564315,1.4627,0.88,0.64,,,
650M,1280,0,flyhash,256,2000,0.02,7.8125,0.5947333333333333,0.801379857211939,,,,,,
650M,1280,0,flyhash,256,2000,0.05,7.8125,0.6997333333333333,0.8138945371480937,1.4825,0.94,0.66,1.7029,0.98,0.88
650M,1280,0,flyhash,256,2000,0.1,7.8125,0.7483333333333333,0.8274904822202338,,,,,,
650M,1280,0,simhash,256,4000,,15.625,0.8141333333333333,0.8312304826837031,1.5424,0.9,0.62,,,
650M,1280,0,flyhash,256,4000,0.02,15.625,0.678,0.814117193756756,,,,,,
650M,1280,0,flyhash,256,4000,0.05,15.625,0.7508,0.8263598530724904,1.47115,0.86,0.6,1.44505,0.86,0.56
650M,1280,0,flyhash,256,4000,0.1,15.625,0.7844666666666666,0.8330502981401638,,,,,,
650M,1280,0,simhash,256,8000,,31.25,0.8181999999999999,0.8286152557053488,1.4598,0.9,0.58,,,
650M,1280,0,flyhash,256,8000,0.02,31.25,0.7340666666666666,0.8222456188126338,,,,,,
650M,1280,0,flyhash,256,8000,0.05,31.25,0.7823333333333333,0.8321354780140431,1.4825,0.82,0.66,1.6161,0.9,0.68
650M,1280,0,flyhash,256,8000,0.1,31.25,0.8011333333333333,0.8308015022210711,,,,,,
650M,1280,0,simhash,256,16000,,62.5,0.8234,0.8307200787460596,1.40425,0.9,0.46,,,
650M,1280,0,flyhash,256,16000,0.02,62.5,0.7718,0.827406917178515,,,,,,
650M,1280,0,flyhash,256,16000,0.05,62.5,0.8007333333333333,0.8312086325173939,1.4825,0.86,0.64,1.7029,0.96,0.74
650M,1280,0,flyhash,256,16000,0.1,62.5,0.8134,0.8328711867305648,,,,,,
650M,1280,0,dense_cosine,512,0,,,0.6292666666666666,0.8338333332911523,1.432,0.9,0.52,,,
650M,1280,0,centered_cosine,512,0,,,0.8764000000000001,0.8307005306635138,1.4598,0.88,0.6,,,
650M,1280,0,simhash,512,2000,,3.90625,0.8320666666666666,0.830918839272251,1.4598,0.9,0.56,,,
650M,1280,0,flyhash,512,2000,0.02,3.90625,0.6165333333333333,0.8095914111961586,,,,,,
650M,1280,0,flyhash,512,2000,0.05,3.90625,0.7232000000000001,0.8140847453344547,1.4761,0.86,0.66,1.5124499999999999,0.92,0.66
650M,1280,0,flyhash,512,2000,0.1,3.90625,0.7836666666666667,0.8219984348130006,,,,,,
650M,1280,0,simhash,512,4000,,7.8125,0.8566666666666667,0.8291050014698748,1.5819,0.92,0.72,,,
650M,1280,0,flyhash,512,4000,0.02,7.8125,0.7086,0.818847365177129,,,,,,
650M,1280,0,flyhash,512,4000,0.05,7.8125,0.7831333333333333,0.8260330292016167,1.4598,0.86,0.58,1.5220500000000001,0.96,0.64
650M,1280,0,flyhash,512,4000,0.1,7.8125,0.8196666666666667,0.8286290550937117,,,,,,
650M,1280,0,simhash,512,8000,,15.625,0.8654,0.830970445816416,1.5124499999999999,0.92,0.72,,,
650M,1280,0,flyhash,512,8000,0.02,15.625,0.7719333333333334,0.826076373988891,,,,,,
650M,1280,0,flyhash,512,8000,0.05,15.625,0.8216666666666667,0.8280901978489028,1.46475,0.86,0.58,1.4111,0.94,0.5
650M,1280,0,flyhash,512,8000,0.1,15.625,0.8443333333333333,0.827815779561628,,,,,,
650M,1280,0,simhash,512,16000,,31.25,0.8707999999999999,0.8298504574761697,1.4825,0.92,0.66,,,
650M,1280,0,flyhash,512,16000,0.02,31.25,0.8145333333333333,0.8273409091847155,,,,,,
650M,1280,0,flyhash,512,16000,0.05,31.25,0.8439333333333334,0.8280346326548972,1.4825,0.9,0.7,1.47115,0.92,0.72
650M,1280,0,flyhash,512,16000,0.1,31.25,0.8589333333333333,0.8292483133109976,,,,,,
650M,1280,0,dense_cosine,1024,0,,,0.6411333333333334,0.8422628383812308,1.4459,0.9,0.54,,,
650M,1280,0,centered_cosine,1024,0,,,0.9145333333333333,0.8363060414715116,1.4482,0.9,0.58,,,
650M,1280,0,simhash,1024,2000,,1.953125,0.8596666666666667,0.8359926490062989,1.4598,0.86,0.58,,,
650M,1280,0,flyhash,1024,2000,0.02,1.953125,0.6256,0.7985948376888056,,,,,,
650M,1280,0,flyhash,1024,2000,0.05,1.953125,0.7481333333333333,0.8215854194083256,1.47115,0.86,0.62,1.6161,0.96,0.92
650M,1280,0,flyhash,1024,2000,0.1,1.953125,0.8021999999999999,0.8297358640362125,,,,,,
650M,1280,0,simhash,1024,4000,,3.90625,0.8826,0.8374633149116607,1.5909,0.9,0.72,,,
650M,1280,0,flyhash,1024,4000,0.02,3.90625,0.7219333333333334,0.8175748047427164,,,,,,
650M,1280,0,flyhash,1024,4000,0.05,3.90625,0.8106000000000001,0.8274362080987875,1.4598,0.92,0.56,1.4598,0.92,0.62
650M,1280,0,flyhash,1024,4000,0.1,3.90625,0.8460666666666667,0.8336034643463881,,,,,,
650M,1280,0,simhash,1024,8000,,7.8125,0.8942666666666667,0.8370798723542481,1.47405,0.88,0.62,,,
650M,1280,0,flyhash,1024,8000,0.02,7.8125,0.7861999999999999,0.8267906955652787,,,,,,
650M,1280,0,flyhash,1024,8000,0.05,7.8125,0.8501333333333334,0.8268114932327569,1.4598,0.88,0.58,1.48895,0.92,0.58
650M,1280,0,flyhash,1024,8000,0.1,7.8125,0.8716,0.8344141358345406,,,,,,
650M,1280,0,simhash,1024,16000,,15.625,0.9038,0.8358361522797181,1.4825,0.88,0.64,,,
650M,1280,0,flyhash,1024,16000,0.02,15.625,0.8378666666666666,0.8293251791446294,,,,,,
650M,1280,0,flyhash,1024,16000,0.05,15.625,0.8804666666666667,0.8295424301940412,1.4532500000000002,0.86,0.52,1.5909,0.94,0.56
650M,1280,0,flyhash,1024,16000,0.1,15.625,0.8921333333333333,0.8346731971556518,,,,,,
650M,1280,0,dense_cosine,1280,0,,,0.6452000000000001,0.8399009060451437,1.432,0.9,0.52,,,
650M,1280,0,centered_cosine,1280,0,,,1.0,0.8321061776179247,1.4321000000000002,0.88,0.56,,,
650M,1280,0,simhash,1280,2000,,1.5625,0.8836666666666667,0.8317124917351647,1.454,0.88,0.56,,,
650M,1280,0,flyhash,1280,2000,0.02,1.5625,0.6130666666666666,0.7863261243156608,1.48895,0.86,0.62,1.3516,0.86,0.46
650M,1280,0,flyhash,1280,2000,0.05,1.5625,0.7165333333333332,0.8137992531532245,1.4598,0.88,0.58,1.4598,0.92,0.6
650M,1280,0,flyhash,1280,2000,0.1,1.5625,0.7794666666666666,0.8249305619044294,1.4598,0.84,0.56,1.7029,0.92,0.78
650M,1280,0,simhash,1280,4000,,3.125,0.9129333333333334,0.8282784800196792,1.4598,0.92,0.62,,,
650M,1280,0,flyhash,1280,4000,0.02,3.125,0.7095333333333333,0.8082446945260878,,,,,,
650M,1280,0,flyhash,1280,4000,0.05,3.125,0.7827333333333333,0.8154337240768856,1.454,0.88,0.56,1.4825,0.88,0.6
650M,1280,0,flyhash,1280,4000,0.1,3.125,0.8274,0.8242152347723878,,,,,,
650M,1280,0,simhash,1280,8000,,6.25,0.9371333333333334,0.8364369349340492,1.4598,0.9,0.62,,,
650M,1280,0,flyhash,1280,8000,0.02,6.25,0.7727333333333333,0.8125568436257155,,,,,,
650M,1280,0,flyhash,1280,8000,0.05,6.25,0.8246666666666667,0.8218577490980273,1.4825,0.9,0.7,1.6161,0.88,0.68
650M,1280,0,flyhash,1280,8000,0.1,6.25,0.8558666666666667,0.8298848870266503,,,,,,
650M,1280,0,simhash,1280,16000,,12.5,0.9521333333333334,0.8334056933743944,1.4761,0.84,0.6,,,
650M,1280,0,flyhash,1280,16000,0.02,12.5,0.818,0.8213955316738251,,,,,,
650M,1280,0,flyhash,1280,16000,0.05,12.5,0.8528,0.8243789717720045,1.43285,0.88,0.52,1.6595,0.9,0.9
650M,1280,0,flyhash,1280,16000,0.1,12.5,0.878,0.8296678314925338,,,,,,
8M,320,1,random_walk,320,0,,,,,1.40195,0.86,0.48,,,
8M,320,1,chemotaxis,320,0,,,,,1.7029,0.96,0.7,,,
8M,320,1,dense_cosine,64,0,,,0.5452666666666667,0.6622991430541616,1.40195,0.86,0.48,,,
8M,320,1,centered_cosine,64,0,,,0.6967333333333333,0.6736795707785095,1.44745,0.92,0.54,,,
8M,320,1,simhash,64,2000,,31.25,0.6782666666666667,0.6587975213071938,1.4482,0.88,0.54,,,
8M,320,1,flyhash,64,2000,0.02,31.25,0.4921333333333333,0.5909536152329612,,,,,,
8M,320,1,flyhash,64,2000,0.05,31.25,0.5724666666666667,0.6425027441417236,1.4482,0.9,0.52,1.4598,0.82,0.54
8M,320,1,flyhash,64,2000,0.1,31.25,0.6183333333333334,0.6539416385858566,,,,,,
8M,320,1,simhash,64,4000,,62.5,0.6872,0.6653793920719947,1.4289,0.86,0.5,,,
8M,320,1,flyhash,64,4000,0.02,62.5,0.5459999999999999,0.6212692218378328,,,,,,
8M,320,1,flyhash,64,4000,0.05,62.5,0.6015999999999999,0.6508973366787852,1.42815,0.9,0.5,1.4598,0.92,0.58
8M,320,1,flyhash,64,4000,0.1,62.5,0.6364,0.6645392236839899,,,,,,
8M,320,1,simhash,64,8000,,125.0,0.6944,0.6709339168576056,1.454,0.92,0.54,,,
8M,320,1,flyhash,64,8000,0.02,125.0,0.5833999999999999,0.6315780900853445,,,,,,
8M,320,1,flyhash,64,8000,0.05,125.0,0.6213333333333334,0.6568408431871021,1.3927,0.88,0.48,1.7029,0.92,0.68
8M,320,1,flyhash,64,8000,0.1,125.0,0.6463333333333333,0.6663777302251545,,,,,,
8M,320,1,simhash,64,16000,,250.0,0.6964666666666666,0.669904618735164,1.4328500000000002,0.88,0.52,,,
8M,320,1,flyhash,64,16000,0.02,250.0,0.5981333333333333,0.6377151125436336,,,,,,
8M,320,1,flyhash,64,16000,0.05,250.0,0.6346,0.6578256568777036,1.40605,0.88,0.46,1.4401,0.9,0.52
8M,320,1,flyhash,64,16000,0.1,250.0,0.653,0.6722948999539372,,,,,,
8M,320,1,dense_cosine,128,0,,,0.5808,0.672760310993654,1.4047999999999998,0.86,0.48,,,
8M,320,1,centered_cosine,128,0,,,0.7733333333333333,0.6582581359674995,1.4598,0.86,0.54,,,
8M,320,1,simhash,128,2000,,15.625,0.7433333333333334,0.6564340459008371,1.4598,0.82,0.54,,,
8M,320,1,flyhash,128,2000,0.02,15.625,0.5635333333333333,0.6126022655879856,,,,,,
8M,320,1,flyhash,128,2000,0.05,15.625,0.6538,0.642609973163621,1.43285,0.88,0.52,1.7029,0.82,0.54
8M,320,1,flyhash,128,2000,0.1,15.625,0.6964666666666666,0.6494667794724868,,,,,,
8M,320,1,simhash,128,4000,,31.25,0.7566,0.6518832963683457,1.4189500000000002,0.82,0.5,,,
8M,320,1,flyhash,128,4000,0.02,31.25,0.6373333333333334,0.6307716409416851,,,,,,
8M,320,1,flyhash,128,4000,0.05,31.25,0.6964666666666666,0.6488097515213934,1.4096,0.86,0.48,1.4241,0.9,0.5
8M,320,1,flyhash,128,4000,0.1,31.25,0.7269333333333333,0.6502555752960345,,,,,,
8M,320,1,simhash,128,8000,,62.5,0.7646,0.6602584133867313,1.454,0.86,0.54,,,
8M,320,1,flyhash,128,8000,0.02,62.5,0.6833333333333333,0.643078822611511,,,,,,
8M,320,1,flyhash,128,8000,0.05,62.5,0.7228666666666667,0.6424463683663213,1.4096,0.84,0.48,1.3692,0.92,0.42
8M,320,1,flyhash,128,8000,0.1,62.5,0.7422,0.6438671431445189,,,,,,
8M,320,1,simhash,128,16000,,125.0,0.7694,0.6579677291694839,1.42815,0.86,0.5,,,
8M,320,1,flyhash,128,16000,0.02,125.0,0.7119333333333333,0.6403547283454268,,,,,,
8M,320,1,flyhash,128,16000,0.05,125.0,0.7384666666666667,0.647279257404013,1.367,0.86,0.44,1.4598,0.82,0.56
8M,320,1,flyhash,128,16000,0.1,125.0,0.7524,0.6450749566991203,,,,,,
8M,320,1,dense_cosine,256,0,,,0.6082,0.6784669953847098,1.4047999999999998,0.86,0.48,,,
8M,320,1,centered_cosine,256,0,,,0.8446,0.6810063120428922,1.454,0.86,0.54,,,
8M,320,1,simhash,256,2000,,7.8125,0.8034666666666667,0.6850464920661312,1.4289,0.82,0.5,,,
8M,320,1,flyhash,256,2000,0.02,7.8125,0.6040666666666666,0.6369275268459078,,,,,,
8M,320,1,flyhash,256,2000,0.05,7.8125,0.7074666666666667,0.6587884399618652,1.454,0.9,0.52,1.7029,0.94,0.56
8M,320,1,flyhash,256,2000,0.1,7.8125,0.7580666666666667,0.6661298827386337,,,,,,
8M,320,1,simhash,256,4000,,15.625,0.8233333333333334,0.680399870726893,1.5927,0.86,0.6,,,
8M,320,1,flyhash,256,4000,0.02,15.625,0.6918666666666666,0.6577953350417435,,,,,,
8M,320,1,flyhash,256,4000,0.05,15.625,0.7590666666666667,0.6624385312381201,1.4336,0.88,0.52,1.4598,0.92,0.58
8M,320,1,flyhash,256,4000,0.1,15.625,0.7946666666666666,0.6731962842196928,,,,,,
8M,320,1,simhash,256,8000,,31.25,0.8348666666666666,0.676715332474985,1.4598,0.86,0.54,,,
8M,320,1,flyhash,256,8000,0.02,31.25,0.7467333333333334,0.6693551781503804,,,,,,
8M,320,1,flyhash,256,8000,0.05,31.25,0.7924666666666667,0.674433463550162,1.4135499999999999,0.86,0.5,1.4598,0.9,0.58
8M,320,1,flyhash,256,8000,0.1,31.25,0.8140666666666667,0.6781888920189864,,,,,,
8M,320,1,simhash,256,16000,,62.5,0.8394666666666667,0.6767673180452314,1.44745,0.86,0.52,,,
8M,320,1,flyhash,256,16000,0.02,62.5,0.7872,0.6800848412926298,,,,,,
8M,320,1,flyhash,256,16000,0.05,62.5,0.8168666666666666,0.6801370168284191,1.454,0.84,0.52,1.5220500000000001,0.92,0.64
8M,320,1,flyhash,256,16000,0.1,62.5,0.8280666666666666,0.682323889930765,,,,,,
8M,320,1,dense_cosine,320,0,,,0.6370666666666666,0.6834627622336478,1.40195,0.86,0.48,,,
8M,320,1,centered_cosine,320,0,,,1.0,0.6878202837779701,1.46475,0.86,0.58,,,
8M,320,1,simhash,320,2000,,6.25,0.8767333333333334,0.691028063724108,1.454,0.84,0.56,,,
8M,320,1,flyhash,320,2000,0.02,6.25,0.6126,0.6423437491936403,1.454,0.88,0.52,1.7029,0.9,0.62
8M,320,1,flyhash,320,2000,0.05,6.25,0.7112666666666667,0.6669442553338877,1.4482,0.86,0.54,1.7029,0.88,0.62
8M,320,1,flyhash,320,2000,0.1,6.25,0.7804666666666668,0.6754294196072099,1.4047999999999998,0.84,0.46,1.45895,0.88,0.52
8M,320,1,simhash,320,4000,,12.5,0.9101333333333332,0.6888858630910485,1.4598,0.84,0.6,,,
8M,320,1,flyhash,320,4000,0.02,12.5,0.7046666666666667,0.6665316688730865,,,,,,
8M,320,1,flyhash,320,4000,0.05,12.5,0.7750666666666667,0.6750732298745763,1.40435,0.8,0.5,1.6587,0.82,0.58
8M,320,1,flyhash,320,4000,0.1,12.5,0.8268666666666667,0.6830909589550738,,,,,,
8M,320,1,simhash,320,8000,,25.0,0.9346,0.6910971108094974,1.4598,0.82,0.56,,,
8M,320,1,flyhash,320,8000,0.02,25.0,0.768,0.669847661053012,,,,,,
8M,320,1,flyhash,320,8000,0.05,25.0,0.8159333333333334,0.675804800999349,1.3879,0.84,0.44,1.53715,0.84,0.56
8M,320,1,flyhash,320,8000,0.1,25.0,0.8510666666666666,0.6810720680288824,,,,,,
8M,320,1,simhash,320,16000,,50.0,0.9540000000000001,0.684866211730305,1.47115,0.84,0.56,,,
8M,320,1,flyhash,320,16000,0.02,50.0,0.8163333333333332,0.6801404138906672,,,,,,
8M,320,1,flyhash,320,16000,0.05,50.0,0.8426666666666667,0.6808275586016815,1.4598,0.9,0.54,1.4598,0.86,0.56
8M,320,1,flyhash,320,16000,0.1,50.0,0.8705333333333333,0.6856138992032035,,,,,,
150M,640,1,random_walk,640,0,,,,,1.4598,0.94,0.6,,,
150M,640,1,chemotaxis,640,0,,,,,1.7029,1.0,0.88,,,
150M,640,1,dense_cosine,64,0,,,0.5303333333333333,0.765585033118851,1.4598,0.94,0.6,,,
150M,640,1,centered_cosine,64,0,,,0.669,0.7830840650386953,1.4482,0.94,0.58,,,
150M,640,1,simhash,64,2000,,31.25,0.6494,0.7778464575171831,1.46475,0.98,0.64,,,
150M,640,1,flyhash,64,2000,0.02,31.25,0.47633333333333333,0.7479801585471745,,,,,,
150M,640,1,flyhash,64,2000,0.05,31.25,0.5550666666666667,0.7524784066735568,1.4598,0.96,0.66,1.4825,1.0,0.78
150M,640,1,flyhash,64,2000,0.1,31.25,0.5922,0.7697231135055426,,,,,,
150M,640,1,simhash,64,4000,,62.5,0.6596666666666666,0.7817173431054605,1.4825,0.98,0.7,,,
150M,640,1,flyhash,64,4000,0.02,62.5,0.5292,0.7701938586547304,,,,,,
150M,640,1,flyhash,64,4000,0.05,62.5,0.5844666666666666,0.7669420258107056,1.454,0.98,0.6,1.7029,0.96,0.76
150M,640,1,flyhash,64,4000,0.1,62.5,0.6138666666666667,0.7803806490711213,,,,,,
150M,640,1,simhash,64,8000,,125.0,0.6646,0.7834776149759509,1.4825,0.96,0.68,,,
150M,640,1,flyhash,64,8000,0.02,125.0,0.56,0.7614271669478287,,,,,,
150M,640,1,flyhash,64,8000,0.05,125.0,0.6008,0.771794957395572,1.44745,0.98,0.56,1.7029,1.0,0.78
150M,640,1,flyhash,64,8000,0.1,125.0,0.6244,0.777487590343976,,,,,,
150M,640,1,simhash,64,16000,,250.0,0.6655333333333334,0.7804557756579793,1.4761,0.96,0.76,,,
150M,640,1,flyhash,64,16000,0.02,250.0,0.5748,0.759376280284138,,,,,,
150M,640,1,flyhash,64,16000,0.05,250.0,0.6073333333333333,0.7662143305317837,1.4598,0.98,0.64,1.4598,0.98,0.68
150M,640,1,flyhash,64,16000,0.1,250.0,0.6274,0.7725874740161796,,,,,,
150M,640,1,dense_cosine,128,0,,,0.5904,0.7676029411684524,1.4598,0.94,0.6,,,
150M,640,1,centered_cosine,128,0,,,0.7613333333333333,0.8002634736999585,1.44745,0.96,0.58,,,
150M,640,1,simhash,128,2000,,15.625,0.7334666666666667,0.7934544818701506,1.4598,0.96,0.6,,,
150M,640,1,flyhash,128,2000,0.02,15.625,0.5536666666666666,0.7742769727203763,,,,,,
150M,640,1,flyhash,128,2000,0.05,15.625,0.6491333333333333,0.789667046229631,1.454,0.94,0.62,1.4482,0.96,0.66
150M,640,1,flyhash,128,2000,0.1,15.625,0.6945333333333333,0.7900222095874941,,,,,,
150M,640,1,simhash,128,4000,,31.25,0.7472666666666666,0.7936377591667073,1.4598,0.94,0.68,,,
150M,640,1,flyhash,128,4000,0.02,31.25,0.6271333333333333,0.7842646786960923,,,,,,
150M,640,1,flyhash,128,4000,0.05,31.25,0.6944666666666667,0.794208963802744,1.4467,0.94,0.6,1.4598,0.98,0.66
150M,640,1,flyhash,128,4000,0.1,31.25,0.7262666666666667,0.794820250268746,,,,,,
150M,640,1,simhash,128,8000,,62.5,0.7572,0.799983457241102,1.4598,0.94,0.64,,,
150M,640,1,flyhash,128,8000,0.02,62.5,0.6733333333333333,0.7902668200875184,,,,,,
150M,640,1,flyhash,128,8000,0.05,62.5,0.7173999999999999,0.7997887795616032,1.4467,0.96,0.56,1.5819,0.96,0.66
150M,640,1,flyhash,128,8000,0.1,62.5,0.7377333333333334,0.7964381367533057,,,,,,
150M,640,1,simhash,128,16000,,125.0,0.7587333333333334,0.7993053887577205,1.4761,0.94,0.68,,,
150M,640,1,flyhash,128,16000,0.02,125.0,0.7019333333333333,0.7935556053046176,,,,,,
150M,640,1,flyhash,128,16000,0.05,125.0,0.7334666666666667,0.7992140162023551,1.4482,0.94,0.62,1.5477,0.96,0.74
150M,640,1,flyhash,128,16000,0.1,125.0,0.7448,0.7997253720456484,,,,,,
150M,640,1,dense_cosine,256,0,,,0.6275333333333334,0.7923282166114163,1.4598,0.94,0.6,,,
150M,640,1,centered_cosine,256,0,,,0.8404666666666666,0.8095695963946398,1.4825,0.94,0.66,,,
150M,640,1,simhash,256,2000,,7.8125,0.8046000000000001,0.8119731983040052,1.46765,0.96,0.64,,,
150M,640,1,flyhash,256,2000,0.02,7.8125,0.6102666666666666,0.7816859771580388,,,,,,
150M,640,1,flyhash,256,2000,0.05,7.8125,0.7088,0.8017688009578171,1.44745,0.96,0.56,1.6161,0.98,0.78
150M,640,1,flyhash,256,2000,0.1,7.8125,0.7550666666666667,0.8021906976988566,,,,,,
150M,640,1,simhash,256,4000,,15.625,0.8207333333333333,0.8075956981949198,1.454,0.96,0.6,,,
150M,640,1,flyhash,256,4000,0.02,15.625,0.6929333333333333,0.7944238332936131,,,,,,
150M,640,1,flyhash,256,4000,0.05,15.625,0.7604666666666666,0.8061035358643244,1.4482,0.98,0.52,1.47405,0.98,0.6
150M,640,1,flyhash,256,4000,0.1,15.625,0.7908000000000001,0.8062680392509658,,,,,,
150M,640,1,simhash,256,8000,,31.25,0.8302666666666667,0.8125920671273613,1.4482,0.98,0.64,,,
150M,640,1,flyhash,256,8000,0.02,31.25,0.749,0.7979443232483107,,,,,,
150M,640,1,flyhash,256,8000,0.05,31.25,0.7928666666666667,0.8088356307984602,1.4761,0.94,0.64,1.58805,0.98,0.82
150M,640,1,flyhash,256,8000,0.1,31.25,0.8111999999999999,0.8045511288096878,,,,,,
150M,640,1,simhash,256,16000,,62.5,0.8346,0.8100653079376932,1.44745,0.96,0.54,,,
150M,640,1,flyhash,256,16000,0.02,62.5,0.7813333333333333,0.8103875512391311,,,,,,
150M,640,1,flyhash,256,16000,0.05,62.5,0.8106666666666666,0.8079720907174545,1.4598,0.96,0.64,1.5493000000000001,0.98,0.68
150M,640,1,flyhash,256,16000,0.1,62.5,0.821,0.8100870178839567,,,,,,
150M,640,1,dense_cosine,512,0,,,0.6325333333333333,0.7877780668089374,1.4598,0.94,0.6,,,
150M,640,1,centered_cosine,512,0,,,0.8745333333333334,0.8070527712150379,1.4825,0.96,0.68,,,
150M,640,1,simhash,512,2000,,3.90625,0.8268666666666667,0.8059411146303073,1.454,0.96,0.62,,,
150M,640,1,flyhash,512,2000,0.02,3.90625,0.6100666666666666,0.7830275570300446,,,,,,
150M,640,1,flyhash,512,2000,0.05,3.90625,0.7256666666666667,0.8002478738280375,1.454,0.92,0.56,1.4598,0.96,0.78
150M,640,1,flyhash,512,2000,0.1,3.90625,0.7800666666666667,0.802708383740733,,,,,,
150M,640,1,simhash,512,4000,,7.8125,0.8462,0.8076889715895662,1.3911,0.98,0.48,,,
150M,640,1,flyhash,512,4000,0.02,7.8125,0.7042666666666667,0.7895277016521547,,,,,,
150M,640,1,flyhash,512,4000,0.05,7.8125,0.7867999999999999,0.8030756740612618,1.4825,0.96,0.72,1.5151,0.98,0.76
150M,640,1,flyhash,512,4000,0.1,7.8125,0.8221333333333334,0.8006640373984353,,,,,,
150M,640,1,simhash,512,8000,,15.625,0.8601333333333333,0.8078301612776806,1.4467,0.94,0.54,,,
150M,640,1,flyhash,512,8000,0.02,15.625,0.7698,0.8010115600895773,,,,,,
150M,640,1,flyhash,512,8000,0.05,15.625,0.824,0.8046895625771406,1.4598,0.96,0.64,1.4627,0.98,0.76
150M,640,1,flyhash,512,8000,0.1,15.625,0.8438,0.8051247149657094,,,,,,
150M,640,1,simhash,512,16000,,31.25,0.8694000000000001,0.8072696327667347,1.4467,0.96,0.58,,,
150M,640,1,flyhash,512,16000,0.02,31.25,0.8150666666666667,0.8026516604354362,,,,,,
150M,640,1,flyhash,512,16000,0.05,31.25,0.8461333333333333,0.8080865508711844,1.4761,0.96,0.62,1.4598,0.94,0.6
150M,640,1,flyhash,512,16000,0.1,31.25,0.8569333333333333,0.803848295757367,,,,,,
150M,640,1,dense_cosine,640,0,,,0.6501333333333333,0.7918145567207262,1.4598,0.94,0.6,,,
150M,640,1,centered_cosine,640,0,,,1.0,0.8113268443408818,1.4761,0.96,0.72,,,
150M,640,1,simhash,640,2000,,3.125,0.8752,0.8080088598279709,1.4482,0.96,0.62,,,
150M,640,1,flyhash,640,2000,0.02,3.125,0.6181333333333333,0.7753487304128222,1.4825,0.98,0.68,1.454,1.0,0.62
150M,640,1,flyhash,640,2000,0.05,3.125,0.737,0.7944140182307707,1.454,0.92,0.58,1.7029,0.98,0.8
150M,640,1,flyhash,640,2000,0.1,3.125,0.7944,0.8026171029838326,1.4467,0.96,0.56,1.6161,1.0,0.8
150M,640,1,simhash,640,4000,,6.25,0.9128666666666666,0.8078224690453103,1.4482,0.94,0.62,,,
150M,640,1,flyhash,640,4000,0.02,6.25,0.7135333333333332,0.7920129520887171,,,,,,
150M,640,1,flyhash,640,4000,0.05,6.25,0.7988666666666667,0.7995900151532358,1.4482,0.96,0.6,1.6595,1.0,0.8
150M,640,1,flyhash,640,4000,0.1,6.25,0.8418666666666667,0.8042531412215348,,,,,,
150M,640,1,simhash,640,8000,,12.5,0.9359333333333333,0.8089744198439307,1.4825,0.98,0.66,,,
150M,640,1,flyhash,640,8000,0.02,12.5,0.7852666666666667,0.7949903757928719,,,,,,
150M,640,1,flyhash,640,8000,0.05,12.5,0.8435333333333334,0.8046353839408145,1.47115,0.94,0.62,1.6161,0.98,0.82
150M,640,1,flyhash,640,8000,0.1,12.5,0.8728,0.8086749166483185,,,,,,
150M,640,1,simhash,640,16000,,25.0,0.9556666666666668,0.8119845367748255,1.46475,0.96,0.64,,,
150M,640,1,flyhash,640,16000,0.02,25.0,0.8307333333333333,0.8041233543008763,,,,,,
150M,640,1,flyhash,640,16000,0.05,25.0,0.87,0.8017708242346456,1.454,0.94,0.62,1.5493000000000001,0.98,0.76
150M,640,1,flyhash,640,16000,0.1,25.0,0.8961333333333333,0.8071812584109271,,,,,,
8M,320,2,random_walk,320,0,,,,,1.46475,0.84,0.6,,,
8M,320,2,chemotaxis,320,0,,,,,1.6343,0.9,0.8,,,
8M,320,2,dense_cosine,64,0,,,0.5318,0.6637233110454416,1.46475,0.84,0.6,,,
8M,320,2,centered_cosine,64,0,,,0.6823333333333333,0.6662127632418261,1.3399,0.84,0.44,,,
8M,320,2,simhash,64,2000,,31.25,0.6631333333333332,0.6589807088162358,1.3359,0.84,0.46,,,
8M,320,2,flyhash,64,2000,0.02,31.25,0.4878,0.61942126988341,,,,,,
8M,320,2,flyhash,64,2000,0.05,31.25,0.5686666666666667,0.6423729662221156,1.38595,0.8,0.44,1.7029,0.9,0.74
8M,320,2,flyhash,64,2000,0.1,31.25,0.6107333333333334,0.6640495819164111,,,,,,
8M,320,2,simhash,64,4000,,62.5,0.6716666666666666,0.6560870554208827,1.3526500000000001,0.78,0.48,,,
8M,320,2,flyhash,64,4000,0.02,62.5,0.5398666666666667,0.6272537467032973,,,,,,
8M,320,2,flyhash,64,4000,0.05,62.5,0.5987333333333333,0.656594850757534,1.38775,0.76,0.46,1.7029,0.86,0.7
8M,320,2,flyhash,64,4000,0.1,62.5,0.6302,0.6595703085808855,,,,,,
8M,320,2,simhash,64,8000,,125.0,0.6789333333333333,0.6646309594675143,1.39635,0.8,0.46,,,
8M,320,2,flyhash,64,8000,0.02,125.0,0.5727333333333333,0.6469112152882481,,,,,,
8M,320,2,flyhash,64,8000,0.05,125.0,0.613,0.6497340393918205,1.3774,0.82,0.44,1.7029,0.86,0.7
8M,320,2,flyhash,64,8000,0.1,125.0,0.6387333333333333,0.6639517089525008,,,,,,
8M,320,2,simhash,64,16000,,250.0,0.6796000000000001,0.6589142478089521,1.4482,0.8,0.52,,,
8M,320,2,flyhash,64,16000,0.02,250.0,0.5898,0.6477090443846225,,,,,,
8M,320,2,flyhash,64,16000,0.05,250.0,0.6194000000000001,0.6558711288669329,1.4066999999999998,0.8,0.48,1.7029,0.82,0.7
8M,320,2,flyhash,64,16000,0.1,250.0,0.6405333333333334,0.6601653526149145,,,,,,
8M,320,2,dense_cosine,128,0,,,0.5798,0.6778070193831299,1.46475,0.84,0.6,,,
8M,320,2,centered_cosine,128,0,,,0.7735333333333333,0.6862055690145107,1.4598,0.82,0.54,,,
8M,320,2,simhash,128,2000,,15.625,0.7465333333333334,0.6790462438811574,1.4096,0.84,0.48,,,
8M,320,2,flyhash,128,2000,0.02,15.625,0.5745333333333333,0.6520734341559458,,,,,,
8M,320,2,flyhash,128,2000,0.05,15.625,0.6662666666666667,0.6589124817089712,1.4096,0.82,0.48,1.7029,0.8,0.64
8M,320,2,flyhash,128,2000,0.1,15.625,0.7128666666666666,0.6717967698770431,,,,,,
8M,320,2,simhash,128,4000,,31.25,0.7601333333333333,0.6860821272866413,1.4096,0.82,0.48,,,
8M,320,2,flyhash,128,4000,0.02,31.25,0.6498666666666666,0.657591780867242,,,,,,
8M,320,2,flyhash,128,4000,0.05,31.25,0.7068,0.6669350640578099,1.3925999999999998,0.8,0.44,1.454,0.82,0.6
8M,320,2,flyhash,128,4000,0.1,31.25,0.7363333333333333,0.6739674024725884,,,,,,
8M,320,2,simhash,128,8000,,62.5,0.7654,0.6895236244234119,1.4289,0.82,0.5,,,
8M,320,2,flyhash,128,8000,0.02,62.5,0.6926,0.6666708390767359,,,,,,
8M,320,2,flyhash,128,8000,0.05,62.5,0.731,0.6778128875603455,1.4598,0.8,0.56,1.40795,0.8,0.5
8M,320,2,flyhash,128,8000,0.1,62.5,0.7484000000000001,0.6825539297847029,,,,,,
8M,320,2,simhash,128,16000,,125.0,0.7696666666666666,0.6877866278248793,1.4825,0.8,0.56,,,
8M,320,2,flyhash,128,16000,0.02,125.0,0.7178,0.6732436596312995,,,,,,
8M,320,2,flyhash,128,16000,0.05,125.0,0.746,0.6771936699233716,1.42815,0.8,0.5,1.7029,0.84,0.7
8M,320,2,flyhash,128,16000,0.1,125.0,0.7552,0.6883123217021099,,,,,,
8M,320,2,dense_cosine,256,0,,,0.6054666666666667,0.6863666569973551,1.46475,0.84,0.6,,,
8M,320,2,centered_cosine,256,0,,,0.8354,0.6847992045431105,1.42815,0.8,0.5,,,
8M,320,2,simhash,256,2000,,7.8125,0.7953333333333333,0.6795982654777344,1.39445,0.86,0.48,,,
8M,320,2,flyhash,256,2000,0.02,7.8125,0.6011333333333333,0.6541583672074014,,,,,,
8M,320,2,flyhash,256,2000,0.05,7.8125,0.6994666666666667,0.6730225569331263,1.38485,0.8,0.48,1.39465,0.76,0.5
8M,320,2,flyhash,256,2000,0.1,7.8125,0.748,0.669701202628294,,,,,,
8M,320,2,simhash,256,4000,,15.625,0.8154666666666667,0.6844291444739636,1.4598,0.84,0.54,,,
8M,320,2,flyhash,256,4000,0.02,15.625,0.6872666666666666,0.6653884603419856,,,,,,
8M,320,2,flyhash,256,4000,0.05,15.625,0.7562,0.6728662601750364,1.4135499999999999,0.78,0.5,1.7029,0.82,0.64
8M,320,2,flyhash,256,4000,0.1,15.625,0.785,0.680792321579861,,,,,,
8M,320,2,simhash,256,8000,,31.25,0.8215333333333333,0.6880423726130592,1.4346999999999999,0.8,0.5,,,
8M,320,2,flyhash,256,8000,0.02,31.25,0.7408,0.667897024106958,,,,,,
8M,320,2,flyhash,256,8000,0.05,31.25,0.7883333333333333,0.6647914683209549,1.39635,0.82,0.48,1.7029,0.84,0.66
8M,320,2,flyhash,256,8000,0.1,31.25,0.8092666666666666,0.6729331872336765,,,,,,
8M,320,2,simhash,256,16000,,62.5,0.8320666666666666,0.6862935138468553,1.39445,0.8,0.44,,,
8M,320,2,flyhash,256,16000,0.02,62.5,0.7756666666666666,0.6749233883238374,,,,,,
8M,320,2,flyhash,256,16000,0.05,62.5,0.8055333333333333,0.676092517634379,1.3790499999999999,0.78,0.46,1.7029,0.8,0.7
8M,320,2,flyhash,256,16000,0.1,62.5,0.8168000000000001,0.6789751586602659,,,,,,
8M,320,2,dense_cosine,320,0,,,0.6370666666666666,0.6834627622336478,1.46475,0.84,0.6,,,
8M,320,2,centered_cosine,320,0,,,1.0,0.6878202837779701,1.46475,0.84,0.54,,,
8M,320,2,simhash,320,2000,,6.25,0.8799333333333333,0.6882974742536809,1.4318,0.8,0.5,,,
8M,320,2,flyhash,320,2000,0.02,6.25,0.6081333333333333,0.6206135790358296,1.3790499999999999,0.78,0.44,1.4598,0.78,0.64
8M,320,2,flyhash,320,2000,0.05,6.25,0.7130666666666666,0.6572993160059339,1.4598,0.82,0.58,1.7029,0.82,0.7
8M,320,2,flyhash,320,2000,0.1,6.25,0.7737999999999999,0.6671083602897632,1.3869500000000001,0.84,0.48,1.7029,0.84,0.64
8M,320,2,simhash,320,4000,,12.5,0.9127333333333334,0.6931922150867298,1.42815,0.8,0.5,,,
8M,320,2,flyhash,320,4000,0.02,12.5,0.6970666666666666,0.6581036683274852,,,,,,
8M,320,2,flyhash,320,4000,0.05,12.5,0.7738666666666667,0.6544755506396364,1.4598,0.86,0.58,1.5429,0.8,0.66
8M,320,2,flyhash,320,4000,0.1,12.5,0.8163333333333332,0.674167923506967,,,,,,
8M,320,2,simhash,320,8000,,25.0,0.9329333333333333,0.6876229318180542,1.454,0.82,0.54,,,
8M,320,2,flyhash,320,8000,0.02,25.0,0.7638666666666667,0.656821031618339,,,,,,
8M,320,2,flyhash,320,8000,0.05,25.0,0.8133333333333332,0.6704577484733083,1.4598,0.82,0.58,1.7029,0.84,0.7
8M,320,2,flyhash,320,8000,0.1,25.0,0.8495333333333334,0.6735686734081601,,,,,,
8M,320,2,simhash,320,16000,,50.0,0.9528,0.6888450069234453,1.4532500000000002,0.84,0.52,,,
8M,320,2,flyhash,320,16000,0.02,50.0,0.8137333333333333,0.6642926032483355,,,,,,
8M,320,2,flyhash,320,16000,0.05,50.0,0.841,0.6716088482314524,1.4066999999999998,0.8,0.48,1.4697,0.82,0.56
8M,320,2,flyhash,320,16000,0.1,50.0,0.869,0.6760250866258151,,,,,,
650M,1280,1,random_walk,1280,0,,,,,1.4401,0.88,0.56,,,
650M,1280,1,chemotaxis,1280,0,,,,,1.7029,0.98,0.94,,,
650M,1280,1,dense_cosine,64,0,,,0.5323333333333333,0.7945395324051523,1.4401,0.88,0.56,,,
650M,1280,1,centered_cosine,64,0,,,0.6617333333333334,0.8123058596077897,1.4598,0.94,0.62,,,
650M,1280,1,simhash,64,2000,,31.25,0.6489333333333334,0.8047900290257707,1.4598,0.9,0.62,,,
650M,1280,1,flyhash,64,2000,0.02,31.25,0.4702,0.7387935345735328,,,,,,
650M,1280,1,flyhash,64,2000,0.05,31.25,0.5495333333333333,0.7836620421440887,1.4598,0.9,0.58,1.6161,0.94,0.7
650M,1280,1,flyhash,64,2000,0.1,31.25,0.5906,0.7889595474925207,,,,,,
650M,1280,1,simhash,64,4000,,62.5,0.6553333333333333,0.808853988926429,1.454,0.96,0.58,,,
650M,1280,1,flyhash,64,4000,0.02,62.5,0.5221333333333333,0.759187013567256,,,,,,
650M,1280,1,flyhash,64,4000,0.05,62.5,0.5766666666666667,0.7940817275769624,1.4193500000000001,0.9,0.52,1.4825,0.94,0.74
650M,1280,1,flyhash,64,4000,0.1,62.5,0.6085333333333334,0.7934411608481173,,,,,,
650M,1280,1,simhash,64,8000,,125.0,0.6586,0.8101441443187433,1.4393500000000001,0.96,0.62,,,
650M,1280,1,flyhash,64,8000,0.02,125.0,0.5509333333333333,0.7762949469908585,,,,,,
650M,1280,1,flyhash,64,8000,0.05,125.0,0.5928,0.7918235149912877,1.4598,0.88,0.6,1.4825,0.94,0.66
650M,1280,1,flyhash,64,8000,0.1,125.0,0.6202666666666666,0.7962026200279608,,,,,,
650M,1280,1,simhash,64,16000,,250.0,0.6600666666666667,0.808262399910213,1.4193500000000001,0.9,0.54,,,
650M,1280,1,flyhash,64,16000,0.02,250.0,0.5691333333333334,0.7841113097685091,,,,,,
650M,1280,1,flyhash,64,16000,0.05,250.0,0.6019333333333333,0.7915912077244532,1.44505,0.9,0.52,1.4825,0.98,0.72
650M,1280,1,flyhash,64,16000,0.1,250.0,0.6221333333333334,0.798305844378515,,,,,,
650M,1280,1,dense_cosine,128,0,,,0.5846,0.8230267698742992,1.4401,0.88,0.56,,,
650M,1280,1,centered_cosine,128,0,,,0.7623333333333334,0.8140653263058282,1.4467,0.9,0.56,,,
650M,1280,1,simhash,128,2000,,15.625,0.7415333333333333,0.8109214893637561,1.4532500000000002,0.94,0.64,,,
650M,1280,1,flyhash,128,2000,0.02,15.625,0.5576000000000001,0.7764667691683019,,,,,,
650M,1280,1,flyhash,128,2000,0.05,15.625,0.6466666666666666,0.8050186449312117,1.4598,0.92,0.6,1.4598,0.92,0.58
650M,1280,1,flyhash,128,2000,0.1,15.625,0.6899333333333334,0.8062873358337695,,,,,,
650M,1280,1,simhash,128,4000,,31.25,0.7457333333333334,0.812267492012264,1.4825,0.9,0.68,,,
650M,1280,1,flyhash,128,4000,0.02,31.25,0.6296,0.7912685119763225,,,,,,
650M,1280,1,flyhash,128,4000,0.05,31.25,0.6923333333333334,0.8121111777279246,1.4598,0.9,0.58,1.4825,0.98,0.62
650M,1280,1,flyhash,128,4000,0.1,31.25,0.7166666666666667,0.8165356609085159,,,,,,
650M,1280,1,simhash,128,8000,,62.5,0.7571333333333333,0.8116816307545639,1.4598,0.92,0.62,,,
650M,1280,1,flyhash,128,8000,0.02,62.5,0.6805333333333333,0.8091094400681643,,,,,,
650M,1280,1,flyhash,128,8000,0.05,62.5,0.7177333333333333,0.8133662536342621,1.4201000000000001,0.9,0.54,1.40125,0.96,0.48
650M,1280,1,flyhash,128,8000,0.1,62.5,0.7317333333333333,0.8126839670275512,,,,,,
650M,1280,1,simhash,128,16000,,125.0,0.7585999999999999,0.808894346145194,1.4598,0.94,0.6,,,
650M,1280,1,flyhash,128,16000,0.02,125.0,0.7031333333333334,0.8079747277971008,,,,,,
650M,1280,1,flyhash,128,16000,0.05,125.0,0.7287333333333332,0.8129353470585727,1.43285,0.86,0.52,1.4825,0.96,0.78
650M,1280,1,flyhash,128,16000,0.1,125.0,0.7405333333333334,0.8142950672438728,,,,,,
650M,1280,1,dense_cosine,256,0,,,0.6183333333333334,0.8298931757666219,1.4401,0.88,0.56,,,
650M,1280,1,centered_cosine,256,0,,,0.8356,0.8235308881603659,1.4598,0.94,0.68,,,
650M,1280,1,simhash,256,2000,,7.8125,0.7960666666666667,0.8241113216891254,1.432,0.92,0.56,,,
650M,1280,1,flyhash,256,2000,0.02,7.8125,0.5993999999999999,0.8048047486416955,,,,,,
650M,1280,1,flyhash,256,2000,0.05,7.8125,0.7078000000000001,0.8163383149487812,1.4825,0.94,0.7,1.4175,0.98,0.52
650M,1280,1,flyhash,256,2000,0.1,7.8125,0.7575333333333333,0.8121376608368043,,,,,,
650M,1280,1,simhash,256,4000,,15.625,0.8173333333333334,0.8217020713961829,1.4598,0.92,0.66,,,
650M,1280,1,flyhash,256,4000,0.02,15.625,0.6929333333333333,0.814742505644568,,,,,,
650M,1280,1,flyhash,256,4000,0.05,15.625,0.76,0.8202256092640494,1.4598,0.94,0.62,1.6161,0.96,0.7
650M,1280,1,flyhash,256,4000,0.1,15.625,0.7917333333333333,0.8219378785181303,,,,,,
650M,1280,1,simhash,256,8000,,31.25,0.8238,0.8253826960360529,1.4598,0.9,0.6,,,
650M,1280,1,flyhash,256,8000,0.02,31.25,0.7439333333333333,0.8223945738443255,,,,,,
650M,1280,1,flyhash,256,8000,0.05,31.25,0.7892666666666667,0.8212455710724303,1.43865,0.94,0.52,1.47115,0.96,0.64
650M,1280,1,flyhash,256,8000,0.1,31.25,0.8100666666666666,0.8213583065496475,,,,,,
650M,1280,1,simhash,256,16000,,62.5,0.8282,0.8236466496562966,1.47115,0.94,0.62,,,
650M,1280,1,flyhash,256,16000,0.02,62.5,0.7828,0.8217516748943291,,,,,,
650M,1280,1,flyhash,256,16000,0.05,62.5,0.8111333333333334,0.8216741544829255,1.4193500000000001,0.92,0.54,1.4019,0.92,0.44
650M,1280,1,flyhash,256,16000,0.1,62.5,0.821,0.8241611761395239,,,,,,
650M,1280,1,dense_cosine,512,0,,,0.6275333333333334,0.8380714833062796,1.4401,0.88,0.56,,,
650M,1280,1,centered_cosine,512,0,,,0.8726,0.8277513400987746,1.4825,0.92,0.7,,,
650M,1280,1,simhash,512,2000,,3.90625,0.8324,0.8227383056929729,1.4598,0.94,0.64,,,
650M,1280,1,flyhash,512,2000,0.02,3.90625,0.6107333333333334,0.7938712184553565,,,,,,
650M,1280,1,flyhash,512,2000,0.05,3.90625,0.7261333333333333,0.8121758356807516,1.4532500000000002,0.92,0.58,1.39275,0.94,0.38
650M,1280,1,flyhash,512,2000,0.1,3.90625,0.7791333333333333,0.8194578746159953,,,,,,
650M,1280,1,simhash,512,4000,,7.8125,0.8515333333333334,0.8273674035029579,1.4598,0.94,0.64,,,
650M,1280,1,flyhash,512,4000,0.02,7.8125,0.7056666666666668,0.8142425105420028,,,,,,
650M,1280,1,flyhash,512,4000,0.05,7.8125,0.7826000000000001,0.8192035449346218,1.4598,0.92,0.58,1.7029,0.96,0.62
650M,1280,1,flyhash,512,4000,0.1,7.8125,0.8190000000000001,0.8250925313210934,,,,,,
650M,1280,1,simhash,512,8000,,15.625,0.8623999999999999,0.824729273825041,1.4598,0.96,0.52,,,
650M,1280,1,flyhash,512,8000,0.02,15.625,0.7731333333333333,0.8179522796895904,,,,,,
650M,1280,1,flyhash,512,8000,0.05,15.625,0.8211333333333334,0.8212509753083056,1.4598,0.96,0.66,1.39715,0.96,0.44
650M,1280,1,flyhash,512,8000,0.1,15.625,0.8441333333333334,0.8263354928578188,,,,,,
650M,1280,1,simhash,512,16000,,31.25,0.8680666666666668,0.829445239258639,1.4598,0.92,0.58,,,
650M,1280,1,flyhash,512,16000,0.02,31.25,0.8135333333333333,0.8262024143174581,,,,,,
650M,1280,1,flyhash,512,16000,0.05,31.25,0.8434666666666666,0.8260334017348401,1.4825,0.92,0.66,1.4598,0.94,0.62
650M,1280,1,flyhash,512,16000,0.1,31.25,0.8564,0.8271369935440182,,,,,,
650M,1280,1,dense_cosine,1024,0,,,0.6394,0.8376943578890262,1.4401,0.88,0.56,,,
650M,1280,1,centered_cosine,1024,0,,,0.9155333333333334,0.8347572176932757,1.4443000000000001,0.9,0.58,,,
650M,1280,1,simhash,1024,2000,,1.953125,0.8546,0.8329905818376879,1.4627,0.92,0.62,,,
650M,1280,1,flyhash,1024,2000,0.02,1.953125,0.6184,0.7916454343625544,,,,,,
650M,1280,1,flyhash,1024,2000,0.05,1.953125,0.7382666666666666,0.8122567505612766,1.4482,0.9,0.56,1.40125,0.9,0.48
650M,1280,1,flyhash,1024,2000,0.1,1.953125,0.795,0.8242929316464486,,,,,,
650M,1280,1,simhash,1024,4000,,3.90625,0.8808666666666666,0.8283574358893379,1.4598,0.92,0.6,,,
650M,1280,1,flyhash,1024,4000,0.02,3.90625,0.718,0.8167230250169021,,,,,,
650M,1280,1,flyhash,1024,4000,0.05,3.90625,0.8052666666666667,0.8219123152803935,1.4,0.86,0.4,1.58805,0.94,0.6
650M,1280,1,flyhash,1024,4000,0.1,3.90625,0.8443333333333333,0.8270513664011157,,,,,,
650M,1280,1,simhash,1024,8000,,7.8125,0.8962666666666668,0.8354567008193632,1.4175,0.9,0.52,,,
650M,1280,1,flyhash,1024,8000,0.02,7.8125,0.7880666666666667,0.826277002048947,,,,,,
650M,1280,1,flyhash,1024,8000,0.05,7.8125,0.8472666666666666,0.8310377173553413,1.41065,0.9,0.5,1.4598,0.96,0.62
650M,1280,1,flyhash,1024,8000,0.1,7.8125,0.8742,0.8321963703494728,,,,,,
650M,1280,1,simhash,1024,16000,,15.625,0.9061333333333333,0.8346765752576785,1.4175,0.9,0.54,,,
650M,1280,1,flyhash,1024,16000,0.02,15.625,0.8357333333333333,0.8309112420281405,,,,,,
650M,1280,1,flyhash,1024,16000,0.05,15.625,0.8765333333333333,0.8330219017815177,1.4467,0.9,0.56,1.4598,0.96,0.56
650M,1280,1,flyhash,1024,16000,0.1,15.625,0.8928666666666667,0.832748561026971,,,,,,
650M,1280,1,dense_cosine,1280,0,,,0.6452000000000001,0.8399009060451437,1.4401,0.88,0.56,,,
650M,1280,1,centered_cosine,1280,0,,,1.0,0.8321061776179247,1.4443000000000001,0.92,0.54,,,
650M,1280,1,simhash,1280,2000,,1.5625,0.881,0.8326029941327615,1.4598,0.92,0.58,,,
650M,1280,1,flyhash,1280,2000,0.02,1.5625,0.6052,0.8085715935264698,1.4071500000000001,0.88,0.48,1.63225,0.98,0.62
650M,1280,1,flyhash,1280,2000,0.05,1.5625,0.7246,0.8223528715189122,1.4598,0.88,0.58,1.6161,0.96,0.7
650M,1280,1,flyhash,1280,2000,0.1,1.5625,0.7811333333333333,0.8212050019199357,1.4047,0.88,0.48,1.40425,0.96,0.46
650M,1280,1,simhash,1280,4000,,3.125,0.9152666666666666,0.8339114921503126,1.4598,0.92,0.64,,,
650M,1280,1,flyhash,1280,4000,0.02,3.125,0.7028,0.8185825507234141,,,,,,
650M,1280,1,flyhash,1280,4000,0.05,3.125,0.7806666666666667,0.8243885300606592,1.4598,0.88,0.64,1.4019,0.96,0.46
650M,1280,1,flyhash,1280,4000,0.1,3.125,0.8234666666666667,0.8222608658064194,,,,,,
650M,1280,1,simhash,1280,8000,,6.25,0.9354666666666667,0.8344015784489761,1.4346999999999999,0.92,0.54,,,
650M,1280,1,flyhash,1280,8000,0.02,6.25,0.7754,0.8263174437916272,,,,,,
650M,1280,1,flyhash,1280,8000,0.05,6.25,0.8268,0.8239046299187943,1.43395,0.9,0.52,1.4598,1.0,0.58
650M,1280,1,flyhash,1280,8000,0.1,6.25,0.8550666666666668,0.8287853208137843,,,,,,
650M,1280,1,simhash,1280,16000,,12.5,0.9530666666666666,0.8321559101202655,1.4019,0.92,0.48,,,
650M,1280,1,flyhash,1280,16000,0.02,12.5,0.8187333333333334,0.8272331524482504,,,,,,
650M,1280,1,flyhash,1280,16000,0.05,12.5,0.8547333333333333,0.8266255296167625,1.43395,0.88,0.52,1.7029,0.96,0.62
650M,1280,1,flyhash,1280,16000,0.1,12.5,0.8779333333333333,0.8285903299240014,,,,,,
150M,640,2,random_walk,640,0,,,,,1.4825,0.96,0.68,,,
150M,640,2,chemotaxis,640,0,,,,,1.7029,0.98,0.98,,,
150M,640,2,dense_cosine,64,0,,,0.5408666666666666,0.770498009909294,1.4825,0.96,0.68,,,
150M,640,2,centered_cosine,64,0,,,0.6697333333333333,0.7915101122746874,1.4598,0.98,0.74,,,
150M,640,2,simhash,64,2000,,31.25,0.6530666666666666,0.7841571998023719,1.4598,0.92,0.64,,,
150M,640,2,flyhash,64,2000,0.02,31.25,0.48513333333333336,0.7461629489314103,,,,,,
150M,640,2,flyhash,64,2000,0.05,31.25,0.5598,0.7726934178519654,1.4598,0.96,0.68,1.6161,0.96,0.9
150M,640,2,flyhash,64,2000,0.1,31.25,0.5972000000000001,0.7840318896652987,,,,,,
150M,640,2,simhash,64,4000,,62.5,0.6617999999999999,0.7827950399611201,1.44745,0.94,0.58,,,
150M,640,2,flyhash,64,4000,0.02,62.5,0.5359999999999999,0.7648373796500811,,,,,,
150M,640,2,flyhash,64,4000,0.05,62.5,0.5884,0.7750458899412354,1.5124499999999999,0.96,0.7,1.4482,0.98,0.62
150M,640,2,flyhash,64,4000,0.1,62.5,0.6192666666666666,0.7888139837297691,,,,,,
150M,640,2,simhash,64,8000,,125.0,0.6678666666666667,0.7936694797439019,1.4598,0.94,0.68,,,
150M,640,2,flyhash,64,8000,0.02,125.0,0.5640000000000001,0.7721855698776994,,,,,,
150M,640,2,flyhash,64,8000,0.05,125.0,0.6028666666666667,0.782387843011101,1.4532500000000002,0.96,0.64,1.5477,0.98,0.76
150M,640,2,flyhash,64,8000,0.1,125.0,0.631,0.7843272676451696,,,,,,
150M,640,2,simhash,64,16000,,250.0,0.6682,0.7920106270184875,1.4598,0.94,0.74,,,
150M,640,2,flyhash,64,16000,0.02,250.0,0.5803999999999999,0.7742897750754046,,,,,,
150M,640,2,flyhash,64,16000,0.05,250.0,0.6116666666666667,0.7803445742994285,1.4598,0.96,0.68,1.7029,0.96,0.88
150M,640,2,flyhash,64,16000,0.1,250.0,0.6308,0.7862547444422108,,,,,,
150M,640,2,dense_cosine,128,0,,,0.5860666666666667,0.7853599734206391,1.4825,0.96,0.7,,,
150M,640,2,centered_cosine,128,0,,,0.7626666666666666,0.7985079292722707,1.47115,0.96,0.8,,,
150M,640,2,simhash,128,2000,,15.625,0.7384000000000001,0.797930776626574,1.4598,0.94,0.76,,,
150M,640,2,flyhash,128,2000,0.02,15.625,0.5633333333333332,0.7634454696151965,,,,,,
150M,640,2,flyhash,128,2000,0.05,15.625,0.6536000000000001,0.7783150693383316,1.4761,0.96,0.78,1.5477,0.98,0.86
150M,640,2,flyhash,128,2000,0.1,15.625,0.7015999999999999,0.7838646020189064,,,,,,
150M,640,2,simhash,128,4000,,31.25,0.7513333333333333,0.797350709709943,1.4598,0.94,0.68,,,
150M,640,2,flyhash,128,4000,0.02,31.25,0.6362,0.7837281688433089,,,,,,
150M,640,2,flyhash,128,4000,0.05,31.25,0.6931999999999999,0.7820971372310811,1.4598,0.96,0.7,1.5477,0.98,0.88
150M,640,2,flyhash,128,4000,0.1,31.25,0.7204666666666667,0.7871905584262617,,,,,,
150M,640,2,simhash,128,8000,,62.5,0.7562666666666666,0.7993683192607168,1.454,0.94,0.6,,,
150M,640,2,flyhash,128,8000,0.02,62.5,0.6799333333333333,0.7897529531936772,,,,,,
150M,640,2,flyhash,128,8000,0.05,62.5,0.7170666666666666,0.7856038062112201,1.4825,0.96,0.8,1.5477,0.98,0.9
150M,640,2,flyhash,128,8000,0.1,62.5,0.7362666666666667,0.7898252463775405,,,,,,
150M,640,2,simhash,128,16000,,125.0,0.7598,0.8000269231541282,1.4697,0.94,0.78,,,
150M,640,2,flyhash,128,16000,0.02,125.0,0.7103333333333333,0.786380912611491,,,,,,
150M,640,2,flyhash,128,16000,0.05,125.0,0.7302,0.7858421719827591,1.4825,0.94,0.74,1.5477,0.96,0.84
150M,640,2,flyhash,128,16000,0.1,125.0,0.7420000000000001,0.7910151435765097,,,,,,
150M,640,2,dense_cosine,256,0,,,0.6232666666666666,0.7797036846210907,1.4825,0.96,0.7,,,
150M,640,2,centered_cosine,256,0,,,0.8371999999999999,0.7993868328199267,1.4598,0.96,0.68,,,
150M,640,2,simhash,256,2000,,7.8125,0.8042666666666667,0.7939535570873093,1.44745,0.94,0.6,,,
150M,640,2,flyhash,256,2000,0.02,7.8125,0.5885333333333332,0.7759183582892788,,,,,,
150M,640,2,flyhash,256,2000,0.05,7.8125,0.7025333333333333,0.794237009267312,1.4467,0.96,0.64,1.47115,0.98,0.74
150M,640,2,flyhash,256,2000,0.1,7.8125,0.7522,0.7957031109385773,,,,,,
150M,640,2,simhash,256,4000,,15.625,0.8156,0.7992970155047775,1.4598,0.94,0.7,,,
150M,640,2,flyhash,256,4000,0.02,15.625,0.6788666666666666,0.7812130801868425,,,,,,
150M,640,2,flyhash,256,4000,0.05,15.625,0.7554666666666667,0.7968873739321137,1.4598,0.96,0.74,1.5477,0.94,0.82
150M,640,2,flyhash,256,4000,0.1,15.625,0.7871333333333334,0.796482751711541,,,,,,
150M,640,2,simhash,256,8000,,31.25,0.8300666666666667,0.8025796642607611,1.4598,0.96,0.72,,,
150M,640,2,flyhash,256,8000,0.02,31.25,0.7446666666666667,0.7913623854380742,,,,,,
150M,640,2,flyhash,256,8000,0.05,31.25,0.7891999999999999,0.8019704154523002,1.4598,0.94,0.8,1.47115,0.94,0.82
150M,640,2,flyhash,256,8000,0.1,31.25,0.8084666666666667,0.7986718446193491,,,,,,
150M,640,2,simhash,256,16000,,62.5,0.8344,0.798317731317027,1.4598,0.94,0.7,,,
150M,640,2,flyhash,256,16000,0.02,62.5,0.7812666666666667,0.7968274416836645,,,,,,
150M,640,2,flyhash,256,16000,0.05,62.5,0.8111333333333334,0.7981511902855849,1.4467,0.94,0.54,1.5477,0.96,0.82
150M,640,2,flyhash,256,16000,0.1,62.5,0.821,0.8007550973555257,,,,,,
150M,640,2,dense_cosine,512,0,,,0.6376666666666666,0.7962036586707952,1.4825,0.96,0.7,,,
150M,640,2,centered_cosine,512,0,,,0.877,0.8057020025723202,1.4598,0.96,0.66,,,
150M,640,2,simhash,512,2000,,3.90625,0.8309333333333334,0.8069260521245512,1.4598,0.92,0.6,,,
150M,640,2,flyhash,512,2000,0.02,3.90625,0.619,0.7889398949992193,,,,,,
150M,640,2,flyhash,512,2000,0.05,3.90625,0.7259333333333333,0.7978043780212053,1.4598,0.94,0.7,1.4598,0.98,0.9
150M,640,2,flyhash,512,2000,0.1,3.90625,0.7754,0.802210477328996,,,,,,
150M,640,2,simhash,512,4000,,7.8125,0.8505333333333333,0.809971328388812,1.4825,0.94,0.7,,,
150M,640,2,flyhash,512,4000,0.02,7.8125,0.7078666666666666,0.7952182669066172,,,,,,
150M,640,2,flyhash,512,4000,0.05,7.8125,0.7840666666666666,0.8064114675828495,1.4825,0.94,0.74,1.5477,0.96,0.76
150M,640,2,flyhash,512,4000,0.1,7.8125,0.8157333333333334,0.803382115909231,,,,,,
150M,640,2,simhash,512,8000,,15.625,0.8623333333333334,0.8085618228056384,1.4825,0.94,0.76,,,
150M,640,2,flyhash,512,8000,0.02,15.625,0.771,0.8019374840519498,,,,,,
150M,640,2,flyhash,512,8000,0.05,15.625,0.8226666666666667,0.8035505379969973,1.4825,0.96,0.74,1.5477,0.96,0.86
150M,640,2,flyhash,512,8000,0.1,15.625,0.8439333333333334,0.8067595279355324,,,,,,
150M,640,2,simhash,512,16000,,31.25,0.8684,0.8075337985926225,1.4825,0.94,0.78,,,
150M,640,2,flyhash,512,16000,0.02,31.25,0.8139333333333333,0.8054849255990336,,,,,,
150M,640,2,flyhash,512,16000,0.05,31.25,0.8462,0.8036389626681673,1.4598,0.94,0.72,1.4598,0.96,0.78
150M,640,2,flyhash,512,16000,0.1,31.25,0.8569333333333333,0.8056205621123765,,,,,,
150M,640,2,dense_cosine,640,0,,,0.6501333333333333,0.7918145567207262,1.4825,0.96,0.7,,,
150M,640,2,centered_cosine,640,0,,,1.0,0.8113268443408818,1.4825,0.96,0.74,,,
150M,640,2,simhash,640,2000,,3.125,0.8764000000000001,0.8116576444650215,1.47115,0.96,0.78,,,
150M,640,2,flyhash,640,2000,0.02,3.125,0.6183333333333334,0.7810413850017466,1.4467,0.98,0.58,1.4598,0.96,0.8
150M,640,2,flyhash,640,2000,0.05,3.125,0.7301333333333333,0.7912812143600415,1.4598,0.96,0.7,1.4825,0.96,0.64
150M,640,2,flyhash,640,2000,0.1,3.125,0.7914666666666667,0.7952052405131493,1.4598,0.96,0.72,1.5477,0.98,0.96
150M,640,2,simhash,640,4000,,6.25,0.9106666666666666,0.8120140132292919,1.54505,0.96,0.74,,,
150M,640,2,flyhash,640,4000,0.02,6.25,0.7101333333333333,0.790093108358599,,,,,,
150M,640,2,flyhash,640,4000,0.05,6.25,0.7965333333333333,0.7946125582271603,1.4482,0.96,0.66,1.4598,0.96,0.78
150M,640,2,flyhash,640,4000,0.1,6.25,0.841,0.7993444193347359,,,,,,
150M,640,2,simhash,640,8000,,12.5,0.9364666666666667,0.809413174669855,1.4825,0.96,0.76,,,
150M,640,2,flyhash,640,8000,0.02,12.5,0.7806,0.7939150461606036,,,,,,
150M,640,2,flyhash,640,8000,0.05,12.5,0.8408,0.7997506784108561,1.4825,0.96,0.78,1.4598,0.98,0.98
150M,640,2,flyhash,640,8000,0.1,12.5,0.8728,0.8037116764536717,,,,,,
150M,640,2,simhash,640,16000,,25.0,0.9521333333333334,0.8130889001359045,1.454,0.94,0.68,,,
150M,640,2,flyhash,640,16000,0.02,25.0,0.8314,0.7993062683649315,,,,,,
150M,640,2,flyhash,640,16000,0.05,25.0,0.8704666666666667,0.8017412061502367,1.47405,0.96,0.76,1.5477,0.96,0.9
150M,640,2,flyhash,640,16000,0.1,25.0,0.8952000000000001,0.8041224854500355,,,,,,
8M,320,3,random_walk,320,0,,,,,1.3117,0.78,0.38,,,
8M,320,3,chemotaxis,320,0,,,,,1.5424,0.9,0.74,,,
8M,320,3,dense_cosine,64,0,,,0.5358,0.6658506923089117,1.3117,0.78,0.38,,,
8M,320,3,centered_cosine,64,0,,,0.6846666666666666,0.6667354170273863,1.454,0.78,0.52,,,
8M,320,3,simhash,64,2000,,31.25,0.6616,0.6631931520527206,1.40195,0.76,0.42,,,
8M,320,3,flyhash,64,2000,0.02,31.25,0.4892,0.5957797457811,,,,,,
8M,320,3,flyhash,64,2000,0.05,31.25,0.5654666666666667,0.6154572284552139,1.39275,0.78,0.42,1.4135499999999999,0.86,0.5
8M,320,3,flyhash,64,2000,0.1,31.25,0.6063333333333334,0.6345254301110059,,,,,,
8M,320,3,simhash,64,4000,,62.5,0.6720666666666666,0.6547838169885083,1.40195,0.74,0.44,,,
8M,320,3,flyhash,64,4000,0.02,62.5,0.5478000000000001,0.6100388104822256,,,,,,
8M,320,3,flyhash,64,4000,0.05,62.5,0.5976666666666667,0.6223004587173824,1.4096,0.8,0.48,1.4761,0.92,0.7
8M,320,3,flyhash,64,4000,0.1,62.5,0.6278,0.6388738956251283,,,,,,
8M,320,3,simhash,64,8000,,125.0,0.6803333333333333,0.6688396825747029,1.4096,0.84,0.48,,,
8M,320,3,flyhash,64,8000,0.02,125.0,0.5767333333333333,0.6163616406169732,,,,,,
8M,320,3,flyhash,64,8000,0.05,125.0,0.616,0.6273526743368643,1.31425,0.76,0.36,1.7029,0.84,0.58
8M,320,3,flyhash,64,8000,0.1,125.0,0.6369333333333334,0.6413283455959671,,,,,,
8M,320,3,simhash,64,16000,,250.0,0.6828000000000001,0.6646457679147654,1.3801,0.76,0.4,,,
8M,320,3,flyhash,64,16000,0.02,250.0,0.5939333333333334,0.6107842681667932,,,,,,
8M,320,3,flyhash,64,16000,0.05,250.0,0.6244,0.625996464612034,1.31425,0.76,0.36,1.7029,0.88,0.64
8M,320,3,flyhash,64,16000,0.1,250.0,0.6400666666666667,0.637983108723875,,,,,,
8M,320,3,dense_cosine,128,0,,,0.5787333333333333,0.6621075772552492,1.3117,0.78,0.38,,,
8M,320,3,centered_cosine,128,0,,,0.7818666666666666,0.6819386652022197,1.34815,0.74,0.32,,,
8M,320,3,simhash,128,2000,,15.625,0.7548666666666667,0.6621272098482012,1.4096,0.78,0.44,,,
8M,320,3,flyhash,128,2000,0.02,15.625,0.5707333333333333,0.630824386319401,,,,,,
8M,320,3,flyhash,128,2000,0.05,15.625,0.6618666666666667,0.6609043519149247,1.4096,0.76,0.46,1.4598,0.78,0.58
8M,320,3,flyhash,128,2000,0.1,15.625,0.7102,0.6711951217211404,,,,,,
8M,320,3,simhash,128,4000,,31.25,0.7674,0.6780518828119614,1.40605,0.78,0.44,,,
8M,320,3,flyhash,128,4000,0.02,31.25,0.6437333333333334,0.6530083053120629,,,,,,
8M,320,3,flyhash,128,4000,0.05,31.25,0.7016666666666667,0.6822564548469475,1.3388,0.76,0.4,1.44235,0.8,0.52
8M,320,3,flyhash,128,4000,0.1,31.25,0.7346,0.6818414663575081,,,,,,
8M,320,3,simhash,128,8000,,62.5,0.7725333333333333,0.677361006945834,1.38775,0.78,0.4,,,
8M,320,3,flyhash,128,8000,0.02,62.5,0.6928,0.6608211343839588,,,,,,
8M,320,3,flyhash,128,8000,0.05,62.5,0.7322000000000001,0.6717107892955523,1.3117,0.76,0.3,1.7029,0.88,0.64
8M,320,3,flyhash,128,8000,0.1,62.5,0.7506666666666667,0.6820579108959569,,,,,,
8M,320,3,simhash,128,16000,,125.0,0.7774,0.6783078775436233,1.3276,0.76,0.4,,,
8M,320,3,flyhash,128,16000,0.02,125.0,0.7215333333333334,0.6771106814166683,,,,,,
8M,320,3,flyhash,128,16000,0.05,125.0,0.7472666666666666,0.6728839747285987,1.31405,0.78,0.44,1.4598,0.88,0.54
8M,320,3,flyhash,128,16000,0.1,125.0,0.7582,0.6880757834939151,,,,,,
8M,320,3,dense_cosine,256,0,,,0.6091333333333334,0.6736430716760385,1.3117,0.78,0.38,,,
8M,320,3,centered_cosine,256,0,,,0.8398666666666668,0.6851279205254682,1.3477,0.78,0.38,,,
8M,320,3,simhash,256,2000,,7.8125,0.8021999999999999,0.6804517632941746,1.3080500000000002,0.76,0.36,,,
8M,320,3,flyhash,256,2000,0.02,7.8125,0.6032666666666666,0.6365800792628746,,,,,,
8M,320,3,flyhash,256,2000,0.05,7.8125,0.7041333333333333,0.6645267183191788,1.3276,0.74,0.44,1.38295,0.72,0.48
8M,320,3,flyhash,256,2000,0.1,7.8125,0.7557333333333334,0.670250653206593,,,,,,
8M,320,3,simhash,256,4000,,15.625,0.8187333333333334,0.6829668883058929,1.30605,0.78,0.38,,,
8M,320,3,flyhash,256,4000,0.02,15.625,0.6898666666666667,0.6606053999040903,,,,,,
8M,320,3,flyhash,256,4000,0.05,15.625,0.7635333333333333,0.6692159039515508,1.4096,0.76,0.46,1.4598,0.82,0.56
8M,320,3,flyhash,256,4000,0.1,15.625,0.7932,0.6803399429578892,,,,,,
8M,320,3,simhash,256,8000,,31.25,0.8303333333333334,0.6880782056954128,1.3388,0.78,0.38,,,
8M,320,3,flyhash,256,8000,0.02,31.25,0.75,0.6886894120911545,,,,,,
8M,320,3,flyhash,256,8000,0.05,31.25,0.7941333333333334,0.6791056346378231,1.36065,0.76,0.44,1.3659,0.78,0.46
8M,320,3,flyhash,256,8000,0.1,31.25,0.8116,0.6888833319480047,,,,,,
8M,320,3,simhash,256,16000,,62.5,0.8354,0.6861497333866958,1.31425,0.8,0.4,,,
8M,320,3,flyhash,256,16000,0.02,62.5,0.7852,0.6918093913974669,,,,,,
8M,320,3,flyhash,256,16000,0.05,62.5,0.8118,0.6837125409308037,1.3801,0.8,0.4,1.4598,0.82,0.58
8M,320,3,flyhash,256,16000,0.1,62.5,0.8229333333333333,0.6851345177247197,,,,,,
8M,320,3,dense_cosine,320,0,,,0.6370666666666666,0.6834627622336478,1.3117,0.78,0.38,,,
8M,320,3,centered_cosine,320,0,,,1.0,0.6878202837779701,1.3413499999999998,0.74,0.36,,,
8M,320,3,simhash,320,2000,,6.25,0.8775333333333334,0.6843890062615717,1.3304,0.76,0.4,,,
8M,320,3,flyhash,320,2000,0.02,6.25,0.6106666666666667,0.649133624357738,1.35585,0.76,0.42,1.4207999999999998,0.8,0.5
8M,320,3,flyhash,320,2000,0.05,6.25,0.7168,0.6684587620817579,1.33355,0.8,0.36,1.4598,0.86,0.52
8M,320,3,flyhash,320,2000,0.1,6.25,0.7724666666666666,0.6706878484002554,1.3801,0.8,0.46,1.7029,0.88,0.68
8M,320,3,simhash,320,4000,,12.5,0.9092666666666667,0.6867088154525295,1.3659,0.76,0.44,,,
8M,320,3,flyhash,320,4000,0.02,12.5,0.7032,0.6593584422466844,,,,,,
8M,320,3,flyhash,320,4000,0.05,12.5,0.7739999999999999,0.6725166116683249,1.3117,0.78,0.36,1.4697,0.82,0.54
8M,320,3,flyhash,320,4000,0.1,12.5,0.8176,0.6692485289216281,,,,,,
8M,320,3,simhash,320,8000,,25.0,0.9355333333333333,0.6864239797288125,1.4096,0.78,0.48,,,
8M,320,3,flyhash,320,8000,0.02,25.0,0.7661333333333334,0.6711160263455574,,,,,,
8M,320,3,flyhash,320,8000,0.05,25.0,0.8176666666666667,0.6832716886617832,1.29135,0.8,0.36,1.30515,0.74,0.46
8M,320,3,flyhash,320,8000,0.1,25.0,0.8498666666666667,0.6800575065070018,,,,,,
8M,320,3,simhash,320,16000,,50.0,0.9518,0.6881102805999784,1.34585,0.76,0.38,,,
8M,320,3,flyhash,320,16000,0.02,50.0,0.8118,0.67281829276324,,,,,,
8M,320,3,flyhash,320,16000,0.05,50.0,0.8426666666666667,0.681851341564834,1.3801,0.8,0.44,1.5863,0.78,0.56
8M,320,3,flyhash,320,16000,0.1,50.0,0.8678666666666667,0.6774070633690116,,,,,,
650M,1280,2,random_walk,1280,0,,,,,1.454,0.88,0.56,,,
650M,1280,2,chemotaxis,1280,0,,,,,1.7029,0.9,0.84,,,
650M,1280,2,dense_cosine,64,0,,,0.5309333333333334,0.7897898519390298,1.454,0.88,0.56,,,
650M,1280,2,centered_cosine,64,0,,,0.6746666666666666,0.7863096898192501,1.4111,0.82,0.5,,,
650M,1280,2,simhash,64,2000,,31.25,0.6557333333333334,0.7857535300202062,1.4047,0.86,0.48,,,
650M,1280,2,flyhash,64,2000,0.02,31.25,0.48379999999999995,0.7340859769753623,,,,,,
650M,1280,2,flyhash,64,2000,0.05,31.25,0.5641999999999999,0.7704244679993557,1.42095,0.78,0.5,1.4482,0.9,0.52
650M,1280,2,flyhash,64,2000,0.1,31.25,0.604,0.7744750539957465,,,,,,
650M,1280,2,simhash,64,4000,,62.5,0.6648666666666667,0.7900216041992145,1.3995000000000002,0.82,0.42,,,
650M,1280,2,flyhash,64,4000,0.02,62.5,0.5352,0.7468289300456558,,,,,,
650M,1280,2,flyhash,64,4000,0.05,62.5,0.591,0.7731093194579177,1.40125,0.76,0.48,1.4598,0.98,0.7
650M,1280,2,flyhash,64,4000,0.1,62.5,0.6206666666666667,0.7789906634080346,,,,,,
650M,1280,2,simhash,64,8000,,125.0,0.6690666666666666,0.7881481159853205,1.454,0.84,0.52,,,
650M,1280,2,flyhash,64,8000,0.02,125.0,0.5628666666666666,0.7655682317213942,,,,,,
650M,1280,2,flyhash,64,8000,0.05,125.0,0.6063333333333334,0.7741573997541501,1.35785,0.78,0.38,1.4598,0.9,0.56
650M,1280,2,flyhash,64,8000,0.1,125.0,0.6274,0.7803343049892704,,,,,,
650M,1280,2,simhash,64,16000,,250.0,0.6733333333333333,0.787162589220021,1.4111,0.88,0.5,,,
650M,1280,2,flyhash,64,16000,0.02,250.0,0.5809333333333334,0.7741557573493395,,,,,,
650M,1280,2,flyhash,64,16000,0.05,250.0,0.6141333333333333,0.7772298465587152,1.38925,0.82,0.48,1.4598,0.92,0.6
650M,1280,2,flyhash,64,16000,0.1,250.0,0.6354000000000001,0.7853266297695912,,,,,,
650M,1280,2,dense_cosine,128,0,,,0.5855333333333334,0.8199017445623111,1.454,0.88,0.56,,,
650M,1280,2,centered_cosine,128,0,,,0.7672666666666667,0.8152586207883414,1.4598,0.9,0.6,,,
650M,1280,2,simhash,128,2000,,15.625,0.7422666666666667,0.8107420426731895,1.4467,0.76,0.52,,,
650M,1280,2,flyhash,128,2000,0.02,15.625,0.5585333333333333,0.7593352323222059,,,,,,
650M,1280,2,flyhash,128,2000,0.05,15.625,0.647,0.7896256239784544,1.4100000000000001,0.78,0.5,1.4825,0.92,0.8
650M,1280,2,flyhash,128,2000,0.1,15.625,0.6950000000000001,0.8025155595094969,,,,,,
650M,1280,2,simhash,128,4000,,31.25,0.7560666666666667,0.8124649999768911,1.4318,0.82,0.5,,,
650M,1280,2,flyhash,128,4000,0.02,31.25,0.6297333333333334,0.7897822473400522,,,,,,
650M,1280,2,flyhash,128,4000,0.05,31.25,0.6973333333333334,0.7997634707972171,1.4627,0.84,0.56,1.4598,0.94,0.62
650M,1280,2,flyhash,128,4000,0.1,31.25,0.725,0.8112483961035004,,,,,,
650M,1280,2,simhash,128,8000,,62.5,0.7627333333333334,0.8147077580390536,1.4598,0.84,0.56,,,
650M,1280,2,flyhash,128,8000,0.02,62.5,0.6822666666666667,0.7914989291880089,,,,,,
650M,1280,2,flyhash,128,8000,0.05,62.5,0.7223333333333334,0.8093904075540642,1.43765,0.8,0.5,1.6161,0.96,0.68
650M,1280,2,flyhash,128,8000,0.1,62.5,0.7404666666666666,0.8060655343892057,,,,,,
650M,1280,2,simhash,128,16000,,125.0,0.7642666666666666,0.8183345386885249,1.454,0.8,0.56,,,
650M,1280,2,flyhash,128,16000,0.02,125.0,0.7088666666666666,0.8037789300738296,,,,,,
650M,1280,2,flyhash,128,16000,0.05,125.0,0.7373999999999999,0.8079554972162905,1.4598,0.8,0.56,1.3486500000000001,0.84,0.32
650M,1280,2,flyhash,128,16000,0.1,125.0,0.7484000000000001,0.8045938842737126,,,,,,
650M,1280,2,dense_cosine,256,0,,,0.6154666666666666,0.8307317381140258,1.454,0.88,0.56,,,
650M,1280,2,centered_cosine,256,0,,,0.8314666666666667,0.825724979374867,1.46475,0.84,0.6,,,
650M,1280,2,simhash,256,2000,,7.8125,0.7976666666666666,0.8244814128656667,1.4598,0.82,0.54,,,
650M,1280,2,flyhash,256,2000,0.02,7.8125,0.6021333333333333,0.7878414634505806,,,,,,
650M,1280,2,flyhash,256,2000,0.05,7.8125,0.7024,0.807339259448309,1.4598,0.78,0.54,1.4598,0.96,0.62
650M,1280,2,flyhash,256,2000,0.1,7.8125,0.7511333333333333,0.8248308743680444,,,,,,
650M,1280,2,simhash,256,4000,,15.625,0.8128666666666666,0.8220117467491299,1.39715,0.8,0.48,,,
650M,1280,2,flyhash,256,4000,0.02,15.625,0.6815333333333334,0.8008685421730537,,,,,,
650M,1280,2,flyhash,256,4000,0.05,15.625,0.7519333333333333,0.8099686684487812,1.3943,0.86,0.48,1.46475,0.9,0.74
650M,1280,2,flyhash,256,4000,0.1,15.625,0.7828666666666667,0.8242828418144874,,,,,,
650M,1280,2,simhash,256,8000,,31.25,0.8236666666666667,0.824639579589904,1.416,0.82,0.5,,,
650M,1280,2,flyhash,256,8000,0.02,31.25,0.7369333333333333,0.8116534719040983,,,,,,
650M,1280,2,flyhash,256,8000,0.05,31.25,0.7814,0.8148255612644878,1.454,0.82,0.56,1.4598,0.92,0.7
650M,1280,2,flyhash,256,8000,0.1,31.25,0.8019999999999999,0.8214372168611731,,,,,,
650M,1280,2,simhash,256,16000,,62.5,0.8274666666666667,0.8242858738516422,1.4598,0.8,0.54,,,
650M,1280,2,flyhash,256,16000,0.02,62.5,0.7737333333333333,0.8137576250134255,,,,,,
650M,1280,2,flyhash,256,16000,0.05,62.5,0.8030666666666666,0.8202473773822351,1.4598,0.86,0.62,1.4761,0.98,0.66
650M,1280,2,flyhash,256,16000,0.1,62.5,0.815,0.82335580234287,,,,,,
650M,1280,2,dense_cosine,512,0,,,0.6280666666666667,0.8371622398421931,1.454,0.88,0.56,,,
650M,1280,2,centered_cosine,512,0,,,0.8762666666666666,0.8355222888002795,1.4598,0.84,0.58,,,
650M,1280,2,simhash,512,2000,,3.90625,0.8329333333333333,0.8324349530580174,1.4318,0.82,0.5,,,
650M,1280,2,flyhash,512,2000,0.02,3.90625,0.6138666666666667,0.8122926292081996,,,,,,
650M,1280,2,flyhash,512,2000,0.05,3.90625,0.7218,0.8299239752073254,1.44505,0.86,0.52,1.3943,0.94,0.38
650M,1280,2,flyhash,512,2000,0.1,3.90625,0.7765333333333333,0.8305342016225341,,,,,,
650M,1280,2,simhash,512,4000,,7.8125,0.8517333333333333,0.8292278082040829,1.40195,0.76,0.48,,,
650M,1280,2,flyhash,512,4000,0.02,7.8125,0.6972666666666666,0.8151499755069903,,,,,,
650M,1280,2,flyhash,512,4000,0.05,7.8125,0.7773333333333333,0.8276231487098805,1.43865,0.78,0.52,1.4459,0.86,0.52
650M,1280,2,flyhash,512,4000,0.1,7.8125,0.8150666666666667,0.8335861618252328,,,,,,
650M,1280,2,simhash,512,8000,,15.625,0.8626666666666666,0.8391362089841073,1.4598,0.82,0.58,,,
650M,1280,2,flyhash,512,8000,0.02,15.625,0.7628,0.8217751020671398,,,,,,
650M,1280,2,flyhash,512,8000,0.05,15.625,0.8211999999999999,0.8321263422344539,1.4031500000000001,0.78,0.44,1.40875,0.92,0.5
650M,1280,2,flyhash,512,8000,0.1,15.625,0.8450000000000001,0.8359423794880373,,,,,,
650M,1280,2,simhash,512,16000,,31.25,0.8684666666666666,0.839265307330798,1.4598,0.82,0.54,,,
650M,1280,2,flyhash,512,16000,0.02,31.25,0.8092,0.8266832633602885,,,,,,
650M,1280,2,flyhash,512,16000,0.05,31.25,0.8448666666666667,0.8294299447967092,1.3905500000000002,0.82,0.46,1.3681,0.92,0.44
650M,1280,2,flyhash,512,16000,0.1,31.25,0.8594666666666666,0.836480477758647,,,,,,
650M,1280,2,dense_cosine,1024,0,,,0.638,0.8368684089458419,1.454,0.88,0.56,,,
650M,1280,2,centered_cosine,1024,0,,,0.9159333333333334,0.8317472542899094,1.4482,0.86,0.56,,,
650M,1280,2,simhash,1024,2000,,1.953125,0.8564,0.824378515758233,1.4419,0.8,0.52,,,
650M,1280,2,flyhash,1024,2000,0.02,1.953125,0.6165333333333333,0.8088826572187723,,,,,,
650M,1280,2,flyhash,1024,2000,0.05,1.953125,0.7391333333333333,0.8229301824881176,1.43225,0.76,0.5,1.4405000000000001,0.88,0.52
650M,1280,2,flyhash,1024,2000,0.1,1.953125,0.7984000000000001,0.8283873628231145,,,,,,
650M,1280,2,simhash,1024,4000,,3.90625,0.8821333333333333,0.832960957940683,1.4598,0.78,0.54,,,
650M,1280,2,flyhash,1024,4000,0.02,3.90625,0.7172666666666667,0.8180211241306282,,,,,,
650M,1280,2,flyhash,1024,4000,0.05,3.90625,0.8018666666666667,0.8235735328601567,1.4598,0.8,0.56,1.454,0.94,0.58
650M,1280,2,flyhash,1024,4000,0.1,3.90625,0.8429333333333333,0.8313922800639952,,,,,,
650M,1280,2,simhash,1024,8000,,7.8125,0.8970666666666667,0.8319511764482415,1.4598,0.82,0.6,,,
650M,1280,2,flyhash,1024,8000,0.02,7.8125,0.7871333333333334,0.823178573929069,,,,,,
650M,1280,2,flyhash,1024,8000,0.05,7.8125,0.8466666666666666,0.8302824685449947,1.3864,0.78,0.48,1.4598,0.98,0.62
650M,1280,2,flyhash,1024,8000,0.1,7.8125,0.8716666666666666,0.8341093121249558,,,,,,
650M,1280,2,simhash,1024,16000,,15.625,0.9042,0.8298352295267243,1.4532500000000002,0.8,0.52,,,
650M,1280,2,flyhash,1024,16000,0.02,15.625,0.8339333333333333,0.8290577325549964,,,,,,
650M,1280,2,flyhash,1024,16000,0.05,15.625,0.8752666666666666,0.8311343372601572,1.4598,0.8,0.6,1.4598,0.94,0.56
650M,1280,2,flyhash,1024,16000,0.1,15.625,0.8896,0.8335855528068371,,,,,,
650M,1280,2,dense_cosine,1280,0,,,0.6452000000000001,0.8399009060451437,1.454,0.88,0.56,,,
650M,1280,2,centered_cosine,1280,0,,,1.0,0.8321061776179247,1.46475,0.82,0.58,,,
650M,1280,2,simhash,1280,2000,,1.5625,0.8832,0.8296306328579754,1.4598,0.82,0.52,,,
650M,1280,2,flyhash,1280,2000,0.02,1.5625,0.6107333333333334,0.7999872991574848,1.4036,0.74,0.46,1.42705,0.84,0.5
650M,1280,2,flyhash,1280,2000,0.05,1.5625,0.7233333333333333,0.8250746712568815,1.4598,0.8,0.54,1.6161,0.88,0.72
650M,1280,2,flyhash,1280,2000,0.1,1.5625,0.7892666666666667,0.821344416130165,1.4598,0.86,0.54,1.4598,0.92,0.6
650M,1280,2,simhash,1280,4000,,3.125,0.9106666666666666,0.8388703024349516,1.4598,0.74,0.58,,,
650M,1280,2,flyhash,1280,4000,0.02,3.125,0.7034666666666667,0.816363431707293,,,,,,
650M,1280,2,flyhash,1280,4000,0.05,3.125,0.7828,0.8231254019149138,1.4598,0.82,0.58,1.41065,0.92,0.5
650M,1280,2,flyhash,1280,4000,0.1,3.125,0.8244,0.8267389630423868,,,,,,
650M,1280,2,simhash,1280,8000,,6.25,0.9361999999999999,0.8311768125432687,1.4532500000000002,0.82,0.52,,,
650M,1280,2,flyhash,1280,8000,0.02,6.25,0.7691333333333333,0.8256464250020987,,,,,,
650M,1280,2,flyhash,1280,8000,0.05,6.25,0.8262666666666667,0.8245594512223801,1.4598,0.8,0.58,1.4598,0.92,0.56
650M,1280,2,flyhash,1280,8000,0.1,6.25,0.8579333333333333,0.8246240931221286,,,,,,
650M,1280,2,simhash,1280,16000,,12.5,0.9554666666666667,0.8337495087568455,1.46475,0.82,0.56,,,
650M,1280,2,flyhash,1280,16000,0.02,12.5,0.8212666666666667,0.8265632826961761,,,,,,
650M,1280,2,flyhash,1280,16000,0.05,12.5,0.8542666666666666,0.822538164180671,1.454,0.78,0.52,1.7029,0.92,0.68
650M,1280,2,flyhash,1280,16000,0.1,12.5,0.8754000000000001,0.8237349537941635,,,,,,
150M,640,3,random_walk,640,0,,,,,1.4825,0.9,0.66,,,
150M,640,3,chemotaxis,640,0,,,,,1.7029,0.98,0.92,,,
150M,640,3,dense_cosine,64,0,,,0.5374,0.7563317223219672,1.4825,0.9,0.66,,,
150M,640,3,centered_cosine,64,0,,,0.6684666666666667,0.7714365582557311,1.4825,0.9,0.68,,,
150M,640,3,simhash,64,2000,,31.25,0.6498666666666666,0.7687651448787939,1.4482,0.88,0.62,,,
150M,640,3,flyhash,64,2000,0.02,31.25,0.47919999999999996,0.718544702793369,,,,,,
150M,640,3,flyhash,64,2000,0.05,31.25,0.5573333333333333,0.7492789382896201,1.4825,0.94,0.72,1.7029,0.94,0.84
150M,640,3,flyhash,64,2000,0.1,31.25,0.5939333333333334,0.7514632450132117,,,,,,
150M,640,3,simhash,64,4000,,62.5,0.6598666666666666,0.7670603027810843,1.47115,0.9,0.66,,,
150M,640,3,flyhash,64,4000,0.02,62.5,0.5295333333333333,0.7297118088779952,,,,,,
150M,640,3,flyhash,64,4000,0.05,62.5,0.5855333333333334,0.7509660549968667,1.4482,0.92,0.7,1.5151,0.98,0.72
150M,640,3,flyhash,64,4000,0.1,62.5,0.6137333333333334,0.7510553542001199,,,,,,
150M,640,3,simhash,64,8000,,125.0,0.6658000000000001,0.7746129941918032,1.4761,0.9,0.6,,,
150M,640,3,flyhash,64,8000,0.02,125.0,0.5598,0.7453442572049339,,,,,,
150M,640,3,flyhash,64,8000,0.05,125.0,0.5992666666666667,0.7516372262678677,1.4598,0.9,0.72,1.5477,0.92,0.8
150M,640,3,flyhash,64,8000,0.1,125.0,0.623,0.7585726564590347,,,,,,
150M,640,3,simhash,64,16000,,250.0,0.6673333333333333,0.7718037829774962,1.4482,0.9,0.54,,,
150M,640,3,flyhash,64,16000,0.02,250.0,0.5732666666666667,0.7507791493518629,,,,,,
150M,640,3,flyhash,64,16000,0.05,250.0,0.6058666666666667,0.7536114554159145,1.4825,0.92,0.68,1.7029,0.92,0.7
150M,640,3,flyhash,64,16000,0.1,250.0,0.6261333333333333,0.758429326405771,,,,,,
150M,640,3,dense_cosine,128,0,,,0.5916,0.7716166123790202,1.4825,0.9,0.66,,,
150M,640,3,centered_cosine,128,0,,,0.7686,0.7938365865538135,1.4825,0.92,0.74,,,
150M,640,3,simhash,128,2000,,15.625,0.745,0.7892869660135626,1.44745,0.96,0.58,,,
150M,640,3,flyhash,128,2000,0.02,15.625,0.5662,0.7560491062492661,,,,,,
150M,640,3,flyhash,128,2000,0.05,15.625,0.6592,0.7782215121778013,1.4598,0.92,0.7,1.4825,0.92,0.74
150M,640,3,flyhash,128,2000,0.1,15.625,0.6961999999999999,0.7850329016083479,,,,,,
150M,640,3,simhash,128,4000,,31.25,0.7555999999999999,0.7976443495803412,1.4598,0.92,0.62,,,
150M,640,3,flyhash,128,4000,0.02,31.25,0.6376666666666666,0.7754530045621544,,,,,,
150M,640,3,flyhash,128,4000,0.05,31.25,0.6979333333333333,0.789116887244563,1.4598,0.92,0.66,1.5477,0.98,0.84
150M,640,3,flyhash,128,4000,0.1,31.25,0.7265999999999999,0.7892064633175279,,,,,,
150M,640,3,simhash,128,8000,,62.5,0.7615333333333333,0.7887941764979153,1.4482,0.94,0.58,,,
150M,640,3,flyhash,128,8000,0.02,62.5,0.6847333333333334,0.7831393290571522,,,,,,
150M,640,3,flyhash,128,8000,0.05,62.5,0.7245333333333334,0.7873333897405425,1.4825,0.96,0.7,1.4598,0.92,0.68
150M,640,3,flyhash,128,8000,0.1,62.5,0.7422666666666667,0.7941521210856151,,,,,,
150M,640,3,simhash,128,16000,,125.0,0.7654,0.7925001451820232,1.4467,0.94,0.62,,,
150M,640,3,flyhash,128,16000,0.02,125.0,0.7119333333333333,0.7942564468544325,,,,,,
150M,640,3,flyhash,128,16000,0.05,125.0,0.7360666666666666,0.7952337059873297,1.4598,0.96,0.6,1.54505,0.96,0.86
150M,640,3,flyhash,128,16000,0.1,125.0,0.7478666666666667,0.7901695577786458,,,,,,
150M,640,3,dense_cosine,256,0,,,0.6209333333333333,0.7855251847664338,1.4825,0.9,0.66,,,
150M,640,3,centered_cosine,256,0,,,0.8296,0.8063995836430539,1.4598,0.96,0.68,,,
150M,640,3,simhash,256,2000,,7.8125,0.792,0.8036060744961632,1.4697,0.94,0.72,,,
150M,640,3,flyhash,256,2000,0.02,7.8125,0.6003333333333334,0.7686323608679962,,,,,,
150M,640,3,flyhash,256,2000,0.05,7.8125,0.706,0.7980836480624948,1.4697,0.94,0.74,1.5424,0.96,0.76
150M,640,3,flyhash,256,2000,0.1,7.8125,0.7512666666666666,0.8047625086087218,,,,,,
150M,640,3,simhash,256,4000,,15.625,0.8142666666666667,0.801164335510153,1.4482,0.92,0.62,,,
150M,640,3,flyhash,256,4000,0.02,15.625,0.6778,0.7946563157004402,,,,,,
150M,640,3,flyhash,256,4000,0.05,15.625,0.7514666666666667,0.7946140360393388,1.4598,0.92,0.66,1.47115,0.94,0.6
150M,640,3,flyhash,256,4000,0.1,15.625,0.7816,0.8043595496749915,,,,,,
150M,640,3,simhash,256,8000,,31.25,0.8195333333333333,0.8058932493490106,1.4482,0.94,0.64,,,
150M,640,3,flyhash,256,8000,0.02,31.25,0.7389333333333333,0.7955688118147961,,,,,,
150M,640,3,flyhash,256,8000,0.05,31.25,0.784,0.8021160554760939,1.4598,0.94,0.68,1.6253000000000002,0.96,0.82
150M,640,3,flyhash,256,8000,0.1,31.25,0.8057333333333333,0.804846509975209,,,,,,
150M,640,3,simhash,256,16000,,62.5,0.8256666666666667,0.8064081603212698,1.4697,0.92,0.68,,,
150M,640,3,flyhash,256,16000,0.02,62.5,0.7704666666666667,0.7994508961532698,,,,,,
150M,640,3,flyhash,256,16000,0.05,62.5,0.7987333333333333,0.8042990906095934,1.47405,0.94,0.72,1.5477,0.94,0.82
150M,640,3,flyhash,256,16000,0.1,62.5,0.8131333333333333,0.8069332296035154,,,,,,
150M,640,3,dense_cosine,512,0,,,0.6326666666666667,0.7956172735720014,1.4825,0.9,0.66,,,
150M,640,3,centered_cosine,512,0,,,0.8792000000000001,0.8120359181990509,1.4825,0.9,0.66,,,
150M,640,3,simhash,512,2000,,3.90625,0.8304666666666667,0.8091875547098915,1.4482,0.92,0.62,,,
150M,640,3,flyhash,512,2000,0.02,3.90625,0.6206666666666667,0.7764219131547423,,,,,,
150M,640,3,flyhash,512,2000,0.05,3.90625,0.7284666666666666,0.7978241690124033,1.4825,0.94,0.72,1.4598,0.92,0.66
150M,640,3,flyhash,512,2000,0.1,3.90625,0.7792,0.8039811685937965,,,,,,
150M,640,3,simhash,512,4000,,7.8125,0.8504,0.8095750398450241,1.4761,0.96,0.68,,,
150M,640,3,flyhash,512,4000,0.02,7.8125,0.709,0.7936751636774825,,,,,,
150M,640,3,flyhash,512,4000,0.05,7.8125,0.7826000000000001,0.8016582044276741,1.47115,0.94,0.7,1.4598,0.98,0.62
150M,640,3,flyhash,512,4000,0.1,7.8125,0.8225333333333332,0.8068597255418359,,,,,,
150M,640,3,simhash,512,8000,,15.625,0.8639333333333333,0.8098532335389533,1.4598,0.94,0.7,,,
150M,640,3,flyhash,512,8000,0.02,15.625,0.7691333333333333,0.8014020686909852,,,,,,
150M,640,3,flyhash,512,8000,0.05,15.625,0.8216666666666667,0.806457893404325,1.4482,0.94,0.64,1.5477,0.9,0.82
150M,640,3,flyhash,512,8000,0.1,15.625,0.8471333333333334,0.8088279446983864,,,,,,
150M,640,3,simhash,512,16000,,31.25,0.8736666666666667,0.8136964948134381,1.4825,0.94,0.66,,,
150M,640,3,flyhash,512,16000,0.02,31.25,0.8168666666666666,0.8086737507611911,,,,,,
150M,640,3,flyhash,512,16000,0.05,31.25,0.8456666666666667,0.81041139482152,1.48895,0.94,0.76,1.5477,0.94,0.78
150M,640,3,flyhash,512,16000,0.1,31.25,0.8591333333333334,0.8070477659059657,,,,,,
150M,640,3,dense_cosine,640,0,,,0.6501333333333333,0.7918145567207262,1.4825,0.9,0.66,,,
150M,640,3,centered_cosine,640,0,,,1.0,0.8113268443408818,1.4825,0.9,0.76,,,
150M,640,3,simhash,640,2000,,3.125,0.8778,0.8107205674564834,1.4598,0.94,0.7,,,
150M,640,3,flyhash,640,2000,0.02,3.125,0.6184666666666666,0.7858250138219988,1.44745,0.88,0.56,1.6307,0.9,0.76
150M,640,3,flyhash,640,2000,0.05,3.125,0.7302666666666667,0.8033020146698273,1.4598,0.92,0.64,1.4825,0.98,0.72
150M,640,3,flyhash,640,2000,0.1,3.125,0.7929333333333334,0.8068049954683464,1.454,0.94,0.66,1.4598,0.96,0.86
150M,640,3,simhash,640,4000,,6.25,0.9105333333333333,0.8158847745948713,1.4482,0.96,0.64,,,
150M,640,3,flyhash,640,4000,0.02,6.25,0.7158666666666667,0.7908766677667651,,,,,,
150M,640,3,flyhash,640,4000,0.05,6.25,0.7947333333333333,0.8014083280717427,1.4467,0.9,0.54,1.6161,0.98,0.9
150M,640,3,flyhash,640,4000,0.1,6.25,0.8417333333333333,0.8051512555983065,,,,,,
150M,640,3,simhash,640,8000,,12.5,0.9356666666666666,0.8108195067163262,1.4598,0.92,0.62,,,
150M,640,3,flyhash,640,8000,0.02,12.5,0.7828,0.7968084799396794,,,,,,
150M,640,3,flyhash,640,8000,0.05,12.5,0.8390000000000001,0.8045513706441598,1.4482,0.92,0.6,1.5477,0.94,0.84
150M,640,3,flyhash,640,8000,0.1,12.5,0.8710666666666668,0.8036190414771661,,,,,,
150M,640,3,simhash,640,16000,,25.0,0.9546,0.8105860283914625,1.4467,0.94,0.6,,,
150M,640,3,flyhash,640,16000,0.02,25.0,0.8306666666666668,0.8072980513598307,,,,,,
150M,640,3,flyhash,640,16000,0.05,25.0,0.8693333333333333,0.8008774992487039,1.47405,0.94,0.68,1.5477,0.94,0.68
150M,640,3,flyhash,640,16000,0.1,25.0,0.8927333333333334,0.8049005517787887,,,,,,
8M,320,4,random_walk,320,0,,,,,1.3853,0.82,0.46,,,
8M,320,4,chemotaxis,320,0,,,,,1.7029,1.0,0.86,,,
8M,320,4,dense_cosine,64,0,,,0.5313333333333333,0.6469894145909684,1.3728,0.82,0.46,,,
8M,320,4,centered_cosine,64,0,,,0.6807333333333333,0.6629568768837837,1.4346999999999999,0.92,0.52,,,
8M,320,4,simhash,64,2000,,31.25,0.6693333333333332,0.6710365419446972,1.454,0.9,0.56,,,
8M,320,4,flyhash,64,2000,0.02,31.25,0.498,0.6135151576462813,,,,,,
8M,320,4,flyhash,64,2000,0.05,31.25,0.5708,0.6348365035071104,1.4598,0.84,0.56,1.4598,0.88,0.58
8M,320,4,flyhash,64,2000,0.1,31.25,0.6114666666666667,0.6508641475814649,,,,,,
8M,320,4,simhash,64,4000,,62.5,0.6746,0.6543622853286412,1.454,0.92,0.54,,,
8M,320,4,flyhash,64,4000,0.02,62.5,0.5498,0.6349081265751844,,,,,,
8M,320,4,flyhash,64,4000,0.05,62.5,0.6022,0.649908762720792,1.44505,0.86,0.52,1.6117,0.9,0.7
8M,320,4,flyhash,64,4000,0.1,62.5,0.6314666666666666,0.656215787340309,,,,,,
8M,320,4,simhash,64,8000,,125.0,0.6764,0.6668812784331922,1.4598,0.88,0.6,,,
8M,320,4,flyhash,64,8000,0.02,125.0,0.5796,0.638260769023783,,,,,,
8M,320,4,flyhash,64,8000,0.05,125.0,0.6139333333333333,0.6350110078731117,1.4482,0.94,0.54,1.4598,0.88,0.56
8M,320,4,flyhash,64,8000,0.1,125.0,0.6398666666666667,0.6619011090337626,,,,,,
8M,320,4,simhash,64,16000,,250.0,0.6790666666666667,0.6630176997431565,1.4598,0.9,0.58,,,
8M,320,4,flyhash,64,16000,0.02,250.0,0.5947333333333333,0.6395749627969546,,,,,,
8M,320,4,flyhash,64,16000,0.05,250.0,0.6226666666666667,0.6519999839814091,1.4598,0.88,0.56,1.4598,0.9,0.68
8M,320,4,flyhash,64,16000,0.1,250.0,0.6445333333333333,0.6636316992965957,,,,,,
8M,320,4,dense_cosine,128,0,,,0.5798666666666666,0.6754224644233546,1.3728,0.82,0.46,,,
8M,320,4,centered_cosine,128,0,,,0.7743333333333333,0.6608341787779702,1.4482,0.86,0.54,,,
8M,320,4,simhash,128,2000,,15.625,0.7448,0.6750844631886891,1.4776,0.9,0.6,,,
8M,320,4,flyhash,128,2000,0.02,15.625,0.5653333333333334,0.6277704661911858,,,,,,
8M,320,4,flyhash,128,2000,0.05,15.625,0.6565333333333334,0.6350527388487961,1.40425,0.9,0.46,1.7029,0.86,0.76
8M,320,4,flyhash,128,2000,0.1,15.625,0.7053333333333334,0.654856214246493,,,,,,
8M,320,4,simhash,128,4000,,31.25,0.7612666666666666,0.659994179445583,1.4482,0.88,0.52,,,
8M,320,4,flyhash,128,4000,0.02,31.25,0.6377333333333334,0.6342968873049379,,,,,,
8M,320,4,flyhash,128,4000,0.05,31.25,0.7042,0.6508174081219346,1.4598,0.86,0.62,1.7029,0.84,0.68
8M,320,4,flyhash,128,4000,0.1,31.25,0.7344666666666666,0.6559160202552057,,,,,,
8M,320,4,simhash,128,8000,,62.5,0.7676,0.661254273483405,1.454,0.9,0.58,,,
8M,320,4,flyhash,128,8000,0.02,62.5,0.6859999999999999,0.6526973130424386,,,,,,
8M,320,4,flyhash,128,8000,0.05,62.5,0.7243333333333334,0.6553006166343677,1.44505,0.88,0.54,1.47115,0.8,0.66
8M,320,4,flyhash,128,8000,0.1,62.5,0.7482000000000001,0.6570294419122105,,,,,,
8M,320,4,simhash,128,16000,,125.0,0.7695333333333333,0.6582141696394779,1.43285,0.88,0.52,,,
8M,320,4,flyhash,128,16000,0.02,125.0,0.7111333333333333,0.6472935187765648,,,,,,
8M,320,4,flyhash,128,16000,0.05,125.0,0.741,0.657718220712935,1.4598,0.9,0.66,1.7029,0.88,0.72
8M,320,4,flyhash,128,16000,0.1,125.0,0.7554,0.661453075503407,,,,,,
8M,320,4,dense_cosine,256,0,,,0.6066666666666667,0.6701792160383239,1.3728,0.82,0.46,,,
8M,320,4,centered_cosine,256,0,,,0.8341999999999999,0.6826568958945293,1.4096,0.86,0.46,,,
8M,320,4,simhash,256,2000,,7.8125,0.7968,0.681437389062464,1.4598,0.92,0.6,,,
8M,320,4,flyhash,256,2000,0.02,7.8125,0.5991333333333333,0.614151271700869,,,,,,
8M,320,4,flyhash,256,2000,0.05,7.8125,0.7008,0.648364868082165,1.4401,0.88,0.52,1.7029,0.84,0.7
8M,320,4,flyhash,256,2000,0.1,7.8125,0.75,0.6577191507410214,,,,,,
8M,320,4,simhash,256,4000,,15.625,0.8116666666666668,0.6775385913093127,1.4321000000000002,0.88,0.52,,,
8M,320,4,flyhash,256,4000,0.02,15.625,0.6852666666666667,0.646336298924379,,,,,,
8M,320,4,flyhash,256,4000,0.05,15.625,0.7592666666666666,0.6592041555648699,1.4257499999999999,0.9,0.5,1.7029,0.88,0.76
8M,320,4,flyhash,256,4000,0.1,15.625,0.7872666666666667,0.6661083780891411,,,,,,
8M,320,4,simhash,256,8000,,31.25,0.8230666666666667,0.6813912977145078,1.4598,0.9,0.58,,,
8M,320,4,flyhash,256,8000,0.02,31.25,0.7430666666666668,0.6728105865120966,,,,,,
8M,320,4,flyhash,256,8000,0.05,31.25,0.7878666666666666,0.6792940862916976,1.4598,0.94,0.62,1.7029,0.92,0.72
8M,320,4,flyhash,256,8000,0.1,31.25,0.8050666666666667,0.6725344221712634,,,,,,
8M,320,4,simhash,256,16000,,62.5,0.8265999999999999,0.678904326521176,1.4598,0.94,0.62,,,
8M,320,4,flyhash,256,16000,0.02,62.5,0.7822,0.6739702435584045,,,,,,
8M,320,4,flyhash,256,16000,0.05,62.5,0.8046666666666666,0.6756031288268995,1.4598,0.88,0.66,1.7029,0.9,0.74
8M,320,4,flyhash,256,16000,0.1,62.5,0.8160000000000001,0.6800190542253107,,,,,,
8M,320,4,dense_cosine,320,0,,,0.6370666666666666,0.6834627622336478,1.3728,0.82,0.46,,,
8M,320,4,centered_cosine,320,0,,,1.0,0.6878202837779701,1.454,0.88,0.58,,,
8M,320,4,simhash,320,2000,,6.25,0.8765333333333333,0.6798686336426979,1.44505,0.88,0.54,,,
8M,320,4,flyhash,320,2000,0.02,6.25,0.6078,0.6515912976833745,1.4096,0.82,0.48,1.6253000000000002,0.92,0.62
8M,320,4,flyhash,320,2000,0.05,6.25,0.7130666666666666,0.6646193510921125,1.44745,0.82,0.52,1.7029,0.9,0.72
8M,320,4,flyhash,320,2000,0.1,6.25,0.7796000000000001,0.6702843992151112,1.4289,0.86,0.5,1.7029,0.86,0.72
8M,320,4,simhash,320,4000,,12.5,0.9090666666666666,0.6839600392526203,1.4598,0.88,0.54,,,
8M,320,4,flyhash,320,4000,0.02,12.5,0.7036,0.6700413028629463,,,,,,
8M,320,4,flyhash,320,4000,0.05,12.5,0.7749333333333334,0.6751768719796588,1.4096,0.88,0.48,1.7029,0.94,0.66
8M,320,4,flyhash,320,4000,0.1,12.5,0.8232,0.6666935397624434,,,,,,
8M,320,4,simhash,320,8000,,25.0,0.9342,0.689617362048703,1.4482,0.88,0.52,,,
8M,320,4,flyhash,320,8000,0.02,25.0,0.7660666666666667,0.6758598686353353,,,,,,
8M,320,4,flyhash,320,8000,0.05,25.0,0.8140666666666667,0.674902513693373,1.454,0.92,0.6,1.7029,0.98,0.76
8M,320,4,flyhash,320,8000,0.1,25.0,0.8528,0.6733152287535166,,,,,,
8M,320,4,simhash,320,16000,,50.0,0.9536666666666667,0.6877042702744289,1.4482,0.9,0.58,,,
8M,320,4,flyhash,320,16000,0.02,50.0,0.8138000000000001,0.677010913403133,,,,,,
8M,320,4,flyhash,320,16000,0.05,50.0,0.8432666666666666,0.6814046811187592,1.4598,0.88,0.58,1.7029,0.88,0.68
8M,320,4,flyhash,320,16000,0.1,50.0,0.8682666666666666,0.6755190362873531,,,,,,
650M,1280,3,random_walk,1280,0,,,,,1.4482,0.88,0.6,,,
650M,1280,3,chemotaxis,1280,0,,,,,1.7029,0.96,0.92,,,
650M,1280,3,dense_cosine,64,0,,,0.5265333333333333,0.8131184701505997,1.4482,0.88,0.6,,,
650M,1280,3,centered_cosine,64,0,,,0.6597333333333334,0.8112769443995737,1.47115,0.92,0.62,,,
650M,1280,3,simhash,64,2000,,31.25,0.6421333333333333,0.8105550800247813,1.5124499999999999,0.92,0.64,,,
650M,1280,3,flyhash,64,2000,0.02,31.25,0.4688,0.761310295418025,,,,,,
650M,1280,3,flyhash,64,2000,0.05,31.25,0.5428,0.78930806865085,1.6161,0.92,0.7,1.4598,0.9,0.52
650M,1280,3,flyhash,64,2000,0.1,31.25,0.587,0.7995222527073357,,,,,,
650M,1280,3,simhash,64,4000,,62.5,0.6549333333333334,0.8131478170369469,1.5477,0.94,0.7,,,
650M,1280,3,flyhash,64,4000,0.02,62.5,0.5189333333333334,0.7704587394119209,,,,,,
650M,1280,3,flyhash,64,4000,0.05,62.5,0.5702,0.7918848529705991,1.47405,0.92,0.7,1.6161,0.98,0.78
650M,1280,3,flyhash,64,4000,0.1,62.5,0.6042000000000001,0.802860652748138,,,,,,
650M,1280,3,simhash,64,8000,,125.0,0.6562,0.8106688601664348,1.454,0.92,0.52,,,
650M,1280,3,flyhash,64,8000,0.02,125.0,0.5464666666666667,0.789963863195114,,,,,,
650M,1280,3,flyhash,64,8000,0.05,125.0,0.5854666666666667,0.7971470137738669,1.4825,0.88,0.62,1.4598,0.94,0.72
650M,1280,3,flyhash,64,8000,0.1,125.0,0.6141333333333333,0.8058376738354438,,,,,,
650M,1280,3,simhash,64,16000,,250.0,0.6581333333333333,0.8131511015755298,1.58885,0.94,0.6,,,
650M,1280,3,flyhash,64,16000,0.02,250.0,0.5636,0.7970188859040943,,,,,,
650M,1280,3,flyhash,64,16000,0.05,250.0,0.5926666666666667,0.7981013449912192,1.4443000000000001,0.86,0.52,1.4598,0.98,0.58
650M,1280,3,flyhash,64,16000,0.1,250.0,0.6188666666666667,0.805679735899746,,,,,,
650M,1280,3,dense_cosine,128,0,,,0.5818,0.8166523903334489,1.4482,0.88,0.6,,,
650M,1280,3,centered_cosine,128,0,,,0.7591333333333333,0.8104597497134084,1.43285,0.9,0.52,,,
650M,1280,3,simhash,128,2000,,15.625,0.7336666666666667,0.8106854590997484,1.4825,0.9,0.64,,,
650M,1280,3,flyhash,128,2000,0.02,15.625,0.5578666666666667,0.7683077937594524,,,,,,
650M,1280,3,flyhash,128,2000,0.05,15.625,0.6481333333333333,0.7878990844639643,1.4467,0.9,0.54,1.3934,0.92,0.38
650M,1280,3,flyhash,128,2000,0.1,15.625,0.6935333333333333,0.7997351955441002,,,,,,
650M,1280,3,simhash,128,4000,,31.25,0.7455999999999999,0.8079059261427709,1.5220500000000001,0.92,0.66,,,
650M,1280,3,flyhash,128,4000,0.02,31.25,0.6306666666666667,0.7814554838515922,,,,,,
650M,1280,3,flyhash,128,4000,0.05,31.25,0.6890666666666667,0.7938063948790712,1.47115,0.9,0.66,1.41825,0.88,0.52
650M,1280,3,flyhash,128,4000,0.1,31.25,0.7178,0.7955677468494412,,,,,,
650M,1280,3,simhash,128,8000,,62.5,0.7521333333333333,0.8059089332404055,1.4482,0.88,0.56,,,
650M,1280,3,flyhash,128,8000,0.02,62.5,0.6754,0.7931856017501253,,,,,,
650M,1280,3,flyhash,128,8000,0.05,62.5,0.7146666666666667,0.7994726090124856,1.4761,0.86,0.58,1.4598,0.88,0.56
650M,1280,3,flyhash,128,8000,0.1,62.5,0.735,0.800689166755481,,,,,,
650M,1280,3,simhash,128,16000,,125.0,0.7540666666666667,0.8080422202595927,1.4825,0.92,0.66,,,
650M,1280,3,flyhash,128,16000,0.02,125.0,0.6987333333333333,0.7971591095305957,,,,,,
650M,1280,3,flyhash,128,16000,0.05,125.0,0.7274666666666667,0.8018045200365127,1.4598,0.9,0.6,1.3334,0.86,0.34
650M,1280,3,flyhash,128,16000,0.1,125.0,0.7413333333333333,0.8067936407050948,,,,,,
650M,1280,3,dense_cosine,256,0,,,0.6192666666666666,0.8315817717871051,1.4482,0.88,0.6,,,
650M,1280,3,centered_cosine,256,0,,,0.8340666666666666,0.8222050221199722,1.44745,0.86,0.56,,,
650M,1280,3,simhash,256,2000,,7.8125,0.801,0.8193671044164855,1.4825,0.92,0.58,,,
650M,1280,3,flyhash,256,2000,0.02,7.8125,0.5929333333333333,0.7898038137300939,,,,,,
650M,1280,3,flyhash,256,2000,0.05,7.8125,0.7021333333333334,0.8095048525821381,1.4598,0.92,0.6,1.5657,0.94,0.78
650M,1280,3,flyhash,256,2000,0.1,7.8125,0.7514666666666667,0.8125179090121962,,,,,,
650M,1280,3,simhash,256,4000,,15.625,0.8152666666666666,0.8270866310229478,1.58805,0.94,0.62,,,
650M,1280,3,flyhash,256,4000,0.02,15.625,0.6819333333333333,0.8091200208150179,,,,,,
650M,1280,3,flyhash,256,4000,0.05,15.625,0.7524666666666667,0.8171720000284811,1.4111,0.86,0.5,1.4825,0.9,0.6
650M,1280,3,flyhash,256,4000,0.1,15.625,0.7832666666666667,0.8185504906663782,,,,,,
650M,1280,3,simhash,256,8000,,31.25,0.8202666666666667,0.8233530417294797,1.4598,0.9,0.54,,,
650M,1280,3,flyhash,256,8000,0.02,31.25,0.7390000000000001,0.8198396386056412,,,,,,
650M,1280,3,flyhash,256,8000,0.05,31.25,0.7867333333333334,0.8180160155223287,1.5151,0.9,0.68,1.5220500000000001,0.94,0.62
650M,1280,3,flyhash,256,8000,0.1,31.25,0.8062,0.8180919699081548,,,,,,
650M,1280,3,simhash,256,16000,,62.5,0.8272666666666667,0.8241961402505973,1.43285,0.88,0.52,,,
650M,1280,3,flyhash,256,16000,0.02,62.5,0.7756000000000001,0.8192407095147326,,,,,,
650M,1280,3,flyhash,256,16000,0.05,62.5,0.8076000000000001,0.8233254239554647,1.4482,0.92,0.54,1.4025,0.88,0.46
650M,1280,3,flyhash,256,16000,0.1,62.5,0.8161333333333334,0.8192248785789498,,,,,,
650M,1280,3,dense_cosine,512,0,,,0.6316666666666666,0.8354012506385027,1.4482,0.88,0.6,,,
650M,1280,3,centered_cosine,512,0,,,0.8797333333333334,0.8306721778232167,1.4598,0.92,0.6,,,
650M,1280,3,simhash,512,2000,,3.90625,0.8339333333333333,0.8260964505953136,1.47115,0.9,0.58,,,
650M,1280,3,flyhash,512,2000,0.02,3.90625,0.6120666666666666,0.7961009535685438,,,,,,
650M,1280,3,flyhash,512,2000,0.05,3.90625,0.7270666666666667,0.8190702634520587,1.4598,0.86,0.54,1.5124499999999999,0.94,0.7
650M,1280,3,flyhash,512,2000,0.1,3.90625,0.7814666666666666,0.8229842705905903,,,,,,
650M,1280,3,simhash,512,4000,,7.8125,0.8562666666666666,0.8283175652001464,1.4036,0.9,0.48,,,
650M,1280,3,flyhash,512,4000,0.02,7.8125,0.7058,0.8192547390231151,,,,,,
650M,1280,3,flyhash,512,4000,0.05,7.8125,0.7856000000000001,0.8271417391687003,1.454,0.94,0.58,1.54505,0.9,0.58
650M,1280,3,flyhash,512,4000,0.1,7.8125,0.8214666666666666,0.8341525014293774,,,,,,
650M,1280,3,simhash,512,8000,,15.625,0.8684,0.829927326818853,1.40875,0.88,0.5,,,
650M,1280,3,flyhash,512,8000,0.02,15.625,0.7718,0.8230366401724358,,,,,,
650M,1280,3,flyhash,512,8000,0.05,15.625,0.822,0.8289582160361582,1.5220500000000001,0.94,0.66,1.6161,0.94,0.72
650M,1280,3,flyhash,512,8000,0.1,15.625,0.8451333333333333,0.8295331934265413,,,,,,
650M,1280,3,simhash,512,16000,,31.25,0.8707999999999999,0.8329689086820048,1.4482,0.9,0.56,,,
650M,1280,3,flyhash,512,16000,0.02,31.25,0.8163333333333332,0.8279886447820584,,,,,,
650M,1280,3,flyhash,512,16000,0.05,31.25,0.8462,0.8289401200028119,1.4825,0.92,0.6,1.3943,0.92,0.46
650M,1280,3,flyhash,512,16000,0.1,31.25,0.8602000000000001,0.834112071710565,,,,,,
650M,1280,3,dense_cosine,1024,0,,,0.637,0.8377748348326347,1.4482,0.88,0.6,,,
650M,1280,3,centered_cosine,1024,0,,,0.9098,0.8316278686845324,1.55465,0.88,0.68,,,
650M,1280,3,simhash,1024,2000,,1.953125,0.8540666666666666,0.8328507716154995,1.4598,0.92,0.62,,,
650M,1280,3,flyhash,1024,2000,0.02,1.953125,0.6097333333333333,0.7841701974900886,,,,,,
650M,1280,3,flyhash,1024,2000,0.05,1.953125,0.7367333333333334,0.8148217955951608,1.4482,0.9,0.56,1.4598,0.96,0.54
650M,1280,3,flyhash,1024,2000,0.1,1.953125,0.7974,0.8258246914319086,,,,,,
650M,1280,3,simhash,1024,4000,,3.90625,0.8776666666666666,0.8311295111277359,1.4598,0.88,0.64,,,
650M,1280,3,flyhash,1024,4000,0.02,3.90625,0.7102666666666667,0.8066895339811294,,,,,,
650M,1280,3,flyhash,1024,4000,0.05,3.90625,0.8021333333333334,0.8241581315751593,1.5151,0.94,0.64,1.6161,0.92,0.74
650M,1280,3,flyhash,1024,4000,0.1,3.90625,0.8408666666666667,0.8279203911719045,,,,,,
650M,1280,3,simhash,1024,8000,,7.8125,0.895,0.8309166121903485,1.40875,0.88,0.5,,,
650M,1280,3,flyhash,1024,8000,0.02,7.8125,0.7808666666666666,0.8182581018346491,,,,,,
650M,1280,3,flyhash,1024,8000,0.05,7.8125,0.8451333333333333,0.8296705310629982,1.42645,0.88,0.5,1.4,0.88,0.44
650M,1280,3,flyhash,1024,8000,0.1,7.8125,0.8702000000000001,0.8274408062021474,,,,,,
650M,1280,3,simhash,1024,16000,,15.625,0.9017333333333333,0.8318573301096349,1.454,0.9,0.54,,,
650M,1280,3,flyhash,1024,16000,0.02,15.625,0.8302666666666667,0.8273962553743545,,,,,,
650M,1280,3,flyhash,1024,16000,0.05,15.625,0.8722,0.8330110269540788,1.43395,0.88,0.52,1.3984,0.92,0.46
650M,1280,3,flyhash,1024,16000,0.1,15.625,0.8874,0.8303335875979863,,,,,,
650M,1280,3,dense_cosine,1280,0,,,0.6452000000000001,0.8399009060451437,1.4482,0.88,0.6,,,
650M,1280,3,centered_cosine,1280,0,,,1.0,0.8321061776179247,1.454,0.94,0.6,,,
650M,1280,3,simhash,1280,2000,,1.5625,0.8837333333333334,0.8307149460989383,1.4598,0.92,0.58,,,
650M,1280,3,flyhash,1280,2000,0.02,1.5625,0.6176666666666667,0.7946807874397662,1.4071500000000001,0.88,0.48,1.4598,0.9,0.54
650M,1280,3,flyhash,1280,2000,0.05,1.5625,0.7257333333333332,0.8198142728394574,1.454,0.92,0.56,1.3943,0.98,0.46
650M,1280,3,flyhash,1280,2000,0.1,1.5625,0.7921333333333334,0.8234015722550998,1.4598,0.94,0.68,1.6161,0.92,0.76
650M,1280,3,simhash,1280,4000,,3.125,0.9166000000000001,0.8327109458909027,1.454,0.92,0.6,,,
650M,1280,3,flyhash,1280,4000,0.02,3.125,0.7032,0.8164607325443438,,,,,,
650M,1280,3,flyhash,1280,4000,0.05,3.125,0.7869333333333334,0.8183410753408992,1.4825,0.86,0.58,1.4598,0.96,0.54
650M,1280,3,flyhash,1280,4000,0.1,3.125,0.8314666666666667,0.8255628664781778,,,,,,
650M,1280,3,simhash,1280,8000,,6.25,0.9364,0.8315228355125909,1.4066999999999998,0.9,0.48,,,
650M,1280,3,flyhash,1280,8000,0.02,6.25,0.7744666666666667,0.8233748223873737,,,,,,
650M,1280,3,flyhash,1280,8000,0.05,6.25,0.8273333333333334,0.8270865945030322,1.41065,0.88,0.5,1.4019,0.96,0.48
650M,1280,3,flyhash,1280,8000,0.1,6.25,0.8632000000000001,0.8283934219763128,,,,,,
650M,1280,3,simhash,1280,16000,,12.5,0.9525333333333333,0.8333136435939676,1.4598,0.88,0.6,,,
650M,1280,3,flyhash,1280,16000,0.02,12.5,0.8191333333333334,0.8263762700892677,,,,,,
650M,1280,3,flyhash,1280,16000,0.05,12.5,0.8541333333333333,0.8284002512123365,1.4627,0.88,0.62,1.4019,0.94,0.42
650M,1280,3,flyhash,1280,16000,0.1,12.5,0.8778,0.8279660025821025,,,,,,
150M,640,4,random_walk,640,0,,,,,1.47115,0.94,0.64,,,
150M,640,4,chemotaxis,640,0,,,,,1.6668,0.96,0.92,,,
150M,640,4,dense_cosine,64,0,,,0.5353333333333333,0.7859755320101556,1.47115,0.94,0.64,,,
150M,640,4,centered_cosine,64,0,,,0.6598666666666666,0.7900178828268,1.4598,0.94,0.7,,,
150M,640,4,simhash,64,2000,,31.25,0.6434,0.7840645090026066,1.4761,0.94,0.72,,,
150M,640,4,flyhash,64,2000,0.02,31.25,0.47373333333333334,0.7394037530054405,,,,,,
150M,640,4,flyhash,64,2000,0.05,31.25,0.548,0.7575248680889353,1.4825,0.94,0.72,1.4825,0.96,0.9
150M,640,4,flyhash,64,2000,0.1,31.25,0.5861333333333333,0.765250562719342,,,,,,
150M,640,4,simhash,64,4000,,62.5,0.6526666666666666,0.7910796245239907,1.4825,0.94,0.74,,,
150M,640,4,flyhash,64,4000,0.02,62.5,0.5271333333333333,0.7575980718453221,,,,,,
150M,640,4,flyhash,64,4000,0.05,62.5,0.5773333333333334,0.757743501965373,1.4825,0.94,0.7,1.4598,0.96,0.82
150M,640,4,flyhash,64,4000,0.1,62.5,0.6054666666666667,0.7753912996768351,,,,,,
150M,640,4,simhash,64,8000,,125.0,0.6527333333333334,0.7900026393663647,1.4825,0.94,0.8,,,
150M,640,4,flyhash,64,8000,0.02,125.0,0.5534,0.7618924690010797,,,,,,
150M,640,4,flyhash,64,8000,0.05,125.0,0.59,0.767774060336153,1.4656,0.94,0.7,1.4598,0.96,0.76
150M,640,4,flyhash,64,8000,0.1,125.0,0.6156,0.7768924120357524,,,,,,
150M,640,4,simhash,64,16000,,250.0,0.6582666666666667,0.7884410544675192,1.4825,0.94,0.78,,,
150M,640,4,flyhash,64,16000,0.02,250.0,0.572,0.7610415465842162,,,,,,
150M,640,4,flyhash,64,16000,0.05,250.0,0.5998666666666667,0.7663713702747649,1.4825,0.92,0.72,1.47115,0.94,0.78
150M,640,4,flyhash,64,16000,0.1,250.0,0.6219333333333333,0.7793533540241794,,,,,,
150M,640,4,dense_cosine,128,0,,,0.5982666666666667,0.7820738852211202,1.47115,0.94,0.64,,,
150M,640,4,centered_cosine,128,0,,,0.7745333333333334,0.7934740712224433,1.4825,0.9,0.66,,,
150M,640,4,simhash,128,2000,,15.625,0.748,0.7913427618453353,1.4825,0.94,0.72,,,
150M,640,4,flyhash,128,2000,0.02,15.625,0.5688,0.7793742039918908,,,,,,
150M,640,4,flyhash,128,2000,0.05,15.625,0.6628000000000001,0.7861040816087663,1.4825,0.94,0.66,1.4825,0.96,0.92
150M,640,4,flyhash,128,2000,0.1,15.625,0.7026666666666667,0.7922593711552013,,,,,,
150M,640,4,simhash,128,4000,,31.25,0.7606666666666667,0.7866824180776657,1.4825,0.96,0.74,,,
150M,640,4,flyhash,128,4000,0.02,31.25,0.6416666666666667,0.7850516678201594,,,,,,
150M,640,4,flyhash,128,4000,0.05,31.25,0.7049333333333333,0.7848867294835352,1.4825,0.94,0.72,1.6161,0.96,0.92
150M,640,4,flyhash,128,4000,0.1,31.25,0.7319333333333333,0.7895113967912433,,,,,,
150M,640,4,simhash,128,8000,,62.5,0.7661333333333334,0.796204271300757,1.47405,0.94,0.76,,,
150M,640,4,flyhash,128,8000,0.02,62.5,0.6867333333333333,0.7914555688784224,,,,,,
150M,640,4,flyhash,128,8000,0.05,62.5,0.7280666666666666,0.7915419414870848,1.4825,0.92,0.72,1.4598,0.96,0.84
150M,640,4,flyhash,128,8000,0.1,62.5,0.7438,0.7930618000113838,,,,,,
150M,640,4,simhash,128,16000,,125.0,0.7702000000000001,0.7945129959870778,1.4825,0.94,0.76,,,
150M,640,4,flyhash,128,16000,0.02,125.0,0.7124,0.7959723732968745,,,,,,
150M,640,4,flyhash,128,16000,0.05,125.0,0.7400666666666668,0.7934213908708213,1.4825,0.94,0.74,1.55465,0.96,0.82
150M,640,4,flyhash,128,16000,0.1,125.0,0.7506,0.7943859643834764,,,,,,
150M,640,4,dense_cosine,256,0,,,0.6205999999999999,0.79058778904106,1.47115,0.94,0.64,,,
150M,640,4,centered_cosine,256,0,,,0.8288666666666666,0.8057638080219593,1.4825,0.94,0.8,,,
150M,640,4,simhash,256,2000,,7.8125,0.7926666666666667,0.8034881511123877,1.4825,0.94,0.78,,,
150M,640,4,flyhash,256,2000,0.02,7.8125,0.5955999999999999,0.7802917270441199,,,,,,
150M,640,4,flyhash,256,2000,0.05,7.8125,0.6979333333333333,0.7954056987957824,1.4598,0.92,0.68,1.4825,0.96,0.9
150M,640,4,flyhash,256,2000,0.1,7.8125,0.7495999999999999,0.8006205954880458,,,,,,
150M,640,4,simhash,256,4000,,15.625,0.8113333333333334,0.8048809767728861,1.4886,0.94,0.72,,,
150M,640,4,flyhash,256,4000,0.02,15.625,0.6786666666666666,0.7947399186103533,,,,,,
150M,640,4,flyhash,256,4000,0.05,15.625,0.7525999999999999,0.8047384634682111,1.4825,0.92,0.7,1.5477,0.92,0.82
150M,640,4,flyhash,256,4000,0.1,15.625,0.7852,0.8066011453115771,,,,,,
150M,640,4,simhash,256,8000,,31.25,0.8210666666666667,0.8103359185417268,1.4825,0.94,0.76,,,
150M,640,4,flyhash,256,8000,0.02,31.25,0.7388666666666667,0.8007420781578459,,,,,,
150M,640,4,flyhash,256,8000,0.05,31.25,0.7877333333333334,0.8034192852116823,1.4825,0.92,0.7,1.5477,0.98,0.78
150M,640,4,flyhash,256,8000,0.1,31.25,0.8059999999999999,0.8060412954027517,,,,,,
150M,640,4,simhash,256,16000,,62.5,0.8240666666666667,0.8063749564801257,1.4825,0.94,0.76,,,
150M,640,4,flyhash,256,16000,0.02,62.5,0.7736666666666667,0.8009317318869866,,,,,,
150M,640,4,flyhash,256,16000,0.05,62.5,0.803,0.8030616834112402,1.4825,0.92,0.72,1.6161,0.96,0.86
150M,640,4,flyhash,256,16000,0.1,62.5,0.8128,0.8058497264518617,,,,,,
150M,640,4,dense_cosine,512,0,,,0.6322,0.7915547362481123,1.47115,0.94,0.64,,,
150M,640,4,centered_cosine,512,0,,,0.8742,0.8089299284999174,1.47115,0.94,0.66,,,
150M,640,4,simhash,512,2000,,3.90625,0.8247333333333333,0.8076146833456581,1.4825,0.94,0.72,,,
150M,640,4,flyhash,512,2000,0.02,3.90625,0.6100666666666666,0.7782464122645154,,,,,,
150M,640,4,flyhash,512,2000,0.05,3.90625,0.7236666666666667,0.8015993186490041,1.4825,0.96,0.68,1.6587,0.94,0.92
150M,640,4,flyhash,512,2000,0.1,3.90625,0.7776,0.7967180908193532,,,,,,
150M,640,4,simhash,512,4000,,7.8125,0.8493333333333334,0.8061341482071315,1.4825,0.92,0.7,,,
150M,640,4,flyhash,512,4000,0.02,7.8125,0.7048666666666666,0.7857449750474674,,,,,,
150M,640,4,flyhash,512,4000,0.05,7.8125,0.7829333333333334,0.798510830964455,1.4825,0.96,0.8,1.4598,0.9,0.84
150M,640,4,flyhash,512,4000,0.1,7.8125,0.8146666666666668,0.8030966488765017,,,,,,
150M,640,4,simhash,512,8000,,15.625,0.8609333333333333,0.8081791773964415,1.4825,0.92,0.76,,,
150M,640,4,flyhash,512,8000,0.02,15.625,0.7677999999999999,0.8022553964661141,,,,,,
150M,640,4,flyhash,512,8000,0.05,15.625,0.8183333333333334,0.8037150023762819,1.4825,0.92,0.76,1.6161,0.96,0.92
150M,640,4,flyhash,512,8000,0.1,15.625,0.8395333333333334,0.8041369548870476,,,,,,
150M,640,4,simhash,512,16000,,31.25,0.8682,0.8062282178854921,1.4825,0.94,0.64,,,
150M,640,4,flyhash,512,16000,0.02,31.25,0.8113333333333334,0.8066621725746643,,,,,,
150M,640,4,flyhash,512,16000,0.05,31.25,0.8399333333333333,0.8055487099420511,1.47405,0.92,0.68,1.4825,0.98,0.88
150M,640,4,flyhash,512,16000,0.1,31.25,0.8547333333333333,0.8032218060665232,,,,,,
150M,640,4,dense_cosine,640,0,,,0.6501333333333333,0.7918145567207262,1.47115,0.94,0.64,,,
150M,640,4,centered_cosine,640,0,,,1.0,0.8113268443408818,1.4825,0.94,0.74,,,
150M,640,4,simhash,640,2000,,3.125,0.8804666666666667,0.8086142973909705,1.4825,0.92,0.7,,,
150M,640,4,flyhash,640,2000,0.02,3.125,0.6214666666666666,0.7650250474975748,1.4825,0.94,0.76,1.5477,0.94,0.86
150M,640,4,flyhash,640,2000,0.05,3.125,0.7326666666666667,0.7950858195207996,1.4825,0.92,0.78,1.4825,0.96,0.92
150M,640,4,flyhash,640,2000,0.1,3.125,0.7928,0.7913290268043803,1.454,0.96,0.66,1.5477,0.96,0.88
150M,640,4,simhash,640,4000,,6.25,0.9117999999999999,0.8068696595240494,1.4825,0.92,0.72,,,
150M,640,4,flyhash,640,4000,0.02,6.25,0.7205333333333334,0.7847681779029899,,,,,,
150M,640,4,flyhash,640,4000,0.05,6.25,0.7970666666666666,0.801259051967397,1.4825,0.92,0.72,1.4825,0.98,0.7
150M,640,4,flyhash,640,4000,0.1,6.25,0.84,0.7990802589569036,,,,,,
150M,640,4,simhash,640,8000,,12.5,0.9352,0.8073986912436499,1.48555,0.94,0.84,,,
150M,640,4,flyhash,640,8000,0.02,12.5,0.784,0.7945118763367209,,,,,,
150M,640,4,flyhash,640,8000,0.05,12.5,0.8377333333333333,0.7980294802145316,1.4825,0.9,0.74,1.6161,0.94,0.9
150M,640,4,flyhash,640,8000,0.1,12.5,0.8714,0.8010712505047679,,,,,,
150M,640,4,simhash,640,16000,,25.0,0.9561333333333334,0.80968472130102,1.4825,0.94,0.64,,,
150M,640,4,flyhash,640,16000,0.02,25.0,0.8348666666666666,0.8028682795699751,,,,,,
150M,640,4,flyhash,640,16000,0.05,25.0,0.8722,0.8058733269121462,1.4825,0.92,0.66,1.5477,0.92,0.88
150M,640,4,flyhash,640,16000,0.1,25.0,0.8953333333333333,0.8014961305321631,,,,,,
8M,320,5,random_walk,320,0,,,,,1.4598,0.94,0.58,,,
8M,320,5,chemotaxis,320,0,,,,,1.6161,0.98,0.78,,,
8M,320,5,dense_cosine,64,0,,,0.5442666666666667,0.64355128287954,1.4598,0.94,0.56,,,
8M,320,5,centered_cosine,64,0,,,0.7051333333333333,0.6587900800587848,1.46475,0.96,0.56,,,
8M,320,5,simhash,64,2000,,31.25,0.6818000000000001,0.6549868310510498,1.48555,0.98,0.64,,,
8M,320,5,flyhash,64,2000,0.02,31.25,0.5079333333333333,0.589549598059639,,,,,,
8M,320,5,flyhash,64,2000,0.05,31.25,0.5909333333333334,0.6293540520193199,1.4598,0.96,0.6,1.4598,0.9,0.6
8M,320,5,flyhash,64,2000,0.1,31.25,0.629,0.6435671372889791,,,,,,
8M,320,5,simhash,64,4000,,62.5,0.6914666666666667,0.6578451125449956,1.4598,0.96,0.58,,,
8M,320,5,flyhash,64,4000,0.02,62.5,0.5631333333333333,0.6129557902684704,,,,,,
8M,320,5,flyhash,64,4000,0.05,62.5,0.6182666666666666,0.6446638174113796,1.47115,0.94,0.62,1.7029,0.88,0.64
8M,320,5,flyhash,64,4000,0.1,62.5,0.6481333333333333,0.6504314766086808,,,,,,
8M,320,5,simhash,64,8000,,125.0,0.6984666666666667,0.6648929673861684,1.454,0.96,0.56,,,
8M,320,5,flyhash,64,8000,0.02,125.0,0.5929333333333333,0.6262663088832416,,,,,,
8M,320,5,flyhash,64,8000,0.05,125.0,0.6323333333333333,0.6443829757285569,1.4598,0.94,0.58,1.7029,0.9,0.6
8M,320,5,flyhash,64,8000,0.1,125.0,0.6598666666666666,0.6495834589964915,,,,,,
8M,320,5,simhash,64,16000,,250.0,0.7002666666666666,0.6595110228330058,1.4598,0.96,0.56,,,
8M,320,5,flyhash,64,16000,0.02,250.0,0.6120666666666666,0.6393235778769333,,,,,,
8M,320,5,flyhash,64,16000,0.05,250.0,0.6424666666666667,0.6425851997043823,1.4598,0.9,0.56,1.7029,0.9,0.68
8M,320,5,flyhash,64,16000,0.1,250.0,0.6628000000000001,0.6469844914422627,,,,,,
8M,320,5,dense_cosine,128,0,,,0.5774666666666667,0.6632403974795053,1.4598,0.94,0.56,,,
8M,320,5,centered_cosine,128,0,,,0.7688666666666666,0.6704498872132502,1.4598,0.96,0.54,,,
8M,320,5,simhash,128,2000,,15.625,0.7411333333333334,0.6706457391284532,1.4598,0.92,0.56,,,
8M,320,5,flyhash,128,2000,0.02,15.625,0.5703333333333334,0.6369737702424318,,,,,,
8M,320,5,flyhash,128,2000,0.05,15.625,0.6583333333333333,0.6493314543853409,1.454,0.94,0.52,1.7029,0.98,0.62
8M,320,5,flyhash,128,2000,0.1,15.625,0.7022666666666667,0.6538040844309748,,,,,,
8M,320,5,simhash,128,4000,,31.25,0.756,0.6701829191396766,1.4598,0.94,0.6,,,
8M,320,5,flyhash,128,4000,0.02,31.25,0.6404666666666666,0.6740385595998631,,,,,,
8M,320,5,flyhash,128,4000,0.05,31.25,0.6979333333333333,0.6798382027631579,1.47115,0.94,0.58,1.7029,0.94,0.66
8M,320,5,flyhash,128,4000,0.1,31.25,0.7260666666666666,0.672322745761213,,,,,,
8M,320,5,simhash,128,8000,,62.5,0.7600666666666667,0.6789313964488765,1.4598,0.94,0.56,,,
8M,320,5,flyhash,128,8000,0.02,62.5,0.6848666666666666,0.6584630771331662,,,,,,
8M,320,5,flyhash,128,8000,0.05,62.5,0.7242,0.673090421983019,1.4598,0.94,0.58,1.7029,0.92,0.72
8M,320,5,flyhash,128,8000,0.1,62.5,0.7415333333333333,0.6669417582615449,,,,,,
8M,320,5,simhash,128,16000,,125.0,0.7658,0.6756150391865856,1.5154999999999998,0.94,0.62,,,
8M,320,5,flyhash,128,16000,0.02,125.0,0.7126666666666667,0.6655859953086135,,,,,,
8M,320,5,flyhash,128,16000,0.05,125.0,0.7357333333333334,0.6589095626907793,1.4598,0.94,0.6,1.7029,0.88,0.74
8M,320,5,flyhash,128,16000,0.1,125.0,0.7510666666666667,0.6666278237773113,,,,,,
8M,320,5,dense_cosine,256,0,,,0.6134000000000001,0.6795038977432395,1.4598,0.94,0.56,,,
8M,320,5,centered_cosine,256,0,,,0.8499333333333333,0.6857250205022212,1.4742,0.94,0.56,,,
8M,320,5,simhash,256,2000,,7.8125,0.8080666666666667,0.6863952298604106,1.454,0.96,0.54,,,
8M,320,5,flyhash,256,2000,0.02,7.8125,0.6094,0.6685000553290381,,,,,,
8M,320,5,flyhash,256,2000,0.05,7.8125,0.7108000000000001,0.6819098412859977,1.42815,0.88,0.5,1.50605,0.88,0.54
8M,320,5,flyhash,256,2000,0.1,7.8125,0.7602666666666666,0.677876803524142,,,,,,
8M,320,5,simhash,256,4000,,15.625,0.8222,0.6831248380275169,1.4598,0.94,0.6,,,
8M,320,5,flyhash,256,4000,0.02,15.625,0.6913333333333332,0.6812462952909686,,,,,,
8M,320,5,flyhash,256,4000,0.05,15.625,0.7657333333333334,0.6844148889901859,1.43865,0.92,0.52,1.6253000000000002,0.86,0.72
8M,320,5,flyhash,256,4000,0.1,15.625,0.7925333333333333,0.6721113533772842,,,,,,
8M,320,5,simhash,256,8000,,31.25,0.8376666666666667,0.6859098560841498,1.4598,0.92,0.6,,,
8M,320,5,flyhash,256,8000,0.02,31.25,0.7534666666666666,0.6782086975481468,,,,,,
8M,320,5,flyhash,256,8000,0.05,31.25,0.8024666666666668,0.6891527421522443,1.43865,0.92,0.52,1.7029,0.9,0.68
8M,320,5,flyhash,256,8000,0.1,31.25,0.8189333333333334,0.6832215168978487,,,,,,
8M,320,5,simhash,256,16000,,62.5,0.8443333333333333,0.6826237328929261,1.4135499999999999,0.94,0.5,,,
8M,320,5,flyhash,256,16000,0.02,62.5,0.7921999999999999,0.6734708244732384,,,,,,
8M,320,5,flyhash,256,16000,0.05,62.5,0.8196,0.6770585519354242,1.4598,0.94,0.54,1.7029,0.88,0.64
8M,320,5,flyhash,256,16000,0.1,62.5,0.8319333333333333,0.6807430760503569,,,,,,
8M,320,5,dense_cosine,320,0,,,0.6370666666666666,0.6834627622336478,1.4598,0.94,0.56,,,
8M,320,5,centered_cosine,320,0,,,1.0,0.6878202837779701,1.4598,0.98,0.56,,,
8M,320,5,simhash,320,2000,,6.25,0.8810666666666667,0.6816715502246091,1.4598,0.92,0.6,,,
8M,320,5,flyhash,320,2000,0.02,6.25,0.6116666666666667,0.6126656508270576,1.4886,0.94,0.64,1.46475,0.92,0.66
8M,320,5,flyhash,320,2000,0.05,6.25,0.7118666666666668,0.64706749106701,1.4598,0.94,0.58,1.7029,0.94,0.68
8M,320,5,flyhash,320,2000,0.1,6.25,0.7710666666666667,0.6567046120725919,1.4135499999999999,0.92,0.5,1.7029,0.92,0.72
8M,320,5,simhash,320,4000,,12.5,0.9115333333333333,0.6921330960987666,1.454,0.94,0.52,,,
8M,320,5,flyhash,320,4000,0.02,12.5,0.7059333333333334,0.6609855413328395,,,,,,
8M,320,5,flyhash,320,4000,0.05,12.5,0.7737999999999999,0.665640293948727,1.4598,0.94,0.54,1.7029,0.96,0.72
8M,320,5,flyhash,320,4000,0.1,12.5,0.8165333333333333,0.6689718545662212,,,,,,
8M,320,5,simhash,320,8000,,25.0,0.9343333333333333,0.6908215314863333,1.48555,0.94,0.58,,,
8M,320,5,flyhash,320,8000,0.02,25.0,0.7697333333333333,0.6761406781740327,,,,,,
8M,320,5,flyhash,320,8000,0.05,25.0,0.8160000000000001,0.6697258313358871,1.4886,0.94,0.62,1.7029,0.92,0.7
8M,320,5,flyhash,320,8000,0.1,25.0,0.8425999999999999,0.6733013533344453,,,,,,
8M,320,5,simhash,320,16000,,50.0,0.9530666666666666,0.6892509390506312,1.4598,0.94,0.62,,,
8M,320,5,flyhash,320,16000,0.02,50.0,0.8117333333333333,0.6716480123995376,,,,,,
8M,320,5,flyhash,320,16000,0.05,50.0,0.8411333333333334,0.6706904574910689,1.4761,0.96,0.62,1.4598,0.9,0.62
8M,320,5,flyhash,320,16000,0.1,50.0,0.8665333333333333,0.6809225875569177,,,,,,
650M,1280,4,random_walk,1280,0,,,,,1.4047,0.88,0.48,,,
650M,1280,4,chemotaxis,1280,0,,,,,1.7029,0.94,0.94,,,
650M,1280,4,dense_cosine,64,0,,,0.5319333333333334,0.8138648075748469,1.4047,0.88,0.48,,,
650M,1280,4,centered_cosine,64,0,,,0.6733333333333333,0.8116600601030778,1.4598,0.98,0.64,,,
650M,1280,4,simhash,64,2000,,31.25,0.6548666666666667,0.8067046622781272,1.454,0.9,0.52,,,
650M,1280,4,flyhash,64,2000,0.02,31.25,0.4751333333333333,0.7673939188560984,,,,,,
650M,1280,4,flyhash,64,2000,0.05,31.25,0.5531333333333334,0.7797195594224626,1.4825,0.94,0.64,1.4598,0.94,0.62
650M,1280,4,flyhash,64,2000,0.1,31.25,0.6012000000000001,0.7919160461616324,,,,,,
650M,1280,4,simhash,64,4000,,62.5,0.6669333333333333,0.8094932542318745,1.4598,0.92,0.58,,,
650M,1280,4,flyhash,64,4000,0.02,62.5,0.5286000000000001,0.7802980705540766,,,,,,
650M,1280,4,flyhash,64,4000,0.05,62.5,0.5804666666666667,0.7883764048801989,1.44745,0.88,0.6,1.454,0.84,0.52
650M,1280,4,flyhash,64,4000,0.1,62.5,0.6187333333333334,0.7976780849923993,,,,,,
650M,1280,4,simhash,64,8000,,125.0,0.6739999999999999,0.8071567020907398,1.4047,0.92,0.46,,,
650M,1280,4,flyhash,64,8000,0.02,125.0,0.5636666666666666,0.7789163668274167,,,,,,
650M,1280,4,flyhash,64,8000,0.05,125.0,0.5964666666666666,0.7848856470962563,1.4482,0.92,0.56,1.4598,0.88,0.66
650M,1280,4,flyhash,64,8000,0.1,125.0,0.6251333333333334,0.8000655595209029,,,,,,
650M,1280,4,simhash,64,16000,,250.0,0.6732666666666667,0.8117408969796992,1.4,0.94,0.42,,,
650M,1280,4,flyhash,64,16000,0.02,250.0,0.5775333333333333,0.7827056912628408,,,,,,
650M,1280,4,flyhash,64,16000,0.05,250.0,0.6064666666666666,0.7910457985023629,1.4321000000000002,0.9,0.52,1.4598,0.92,0.58
650M,1280,4,flyhash,64,16000,0.1,250.0,0.6338,0.798037917075352,,,,,,
650M,1280,4,dense_cosine,128,0,,,0.586,0.8331213907866256,1.4047,0.88,0.48,,,
650M,1280,4,centered_cosine,128,0,,,0.7593333333333334,0.8150790318094842,1.5124499999999999,0.94,0.64,,,
650M,1280,4,simhash,128,2000,,15.625,0.735,0.8152628149150142,1.4598,0.9,0.6,,,
650M,1280,4,flyhash,128,2000,0.02,15.625,0.5510666666666667,0.7781898305554409,,,,,,
650M,1280,4,flyhash,128,2000,0.05,15.625,0.6447333333333333,0.800621691119348,1.454,0.88,0.58,1.4598,0.92,0.6
650M,1280,4,flyhash,128,2000,0.1,15.625,0.6898666666666667,0.8038289979974189,,,,,,
650M,1280,4,simhash,128,4000,,31.25,0.747,0.8111863337953941,1.4598,0.94,0.62,,,
650M,1280,4,flyhash,128,4000,0.02,31.25,0.6258,0.7953256323778225,,,,,,
650M,1280,4,flyhash,128,4000,0.05,31.25,0.6864666666666667,0.8055249203904692,1.4111,0.88,0.5,1.5909,0.9,0.66
650M,1280,4,flyhash,128,4000,0.1,31.25,0.7166,0.8047930471169334,,,,,,
650M,1280,4,simhash,128,8000,,62.5,0.7498,0.8127080806319467,1.4598,0.94,0.68,,,
650M,1280,4,flyhash,128,8000,0.02,62.5,0.6746666666666666,0.802986849151064,,,,,,
650M,1280,4,flyhash,128,8000,0.05,62.5,0.7102666666666667,0.804233317210053,1.4598,0.86,0.6,1.4825,0.92,0.72
650M,1280,4,flyhash,128,8000,0.1,62.5,0.7309333333333333,0.8053056257678972,,,,,,
650M,1280,4,simhash,128,16000,,125.0,0.7560666666666667,0.815371619755141,1.4598,0.9,0.62,,,
650M,1280,4,flyhash,128,16000,0.02,125.0,0.6996666666666667,0.8004617178859732,,,,,,
650M,1280,4,flyhash,128,16000,0.05,125.0,0.7242,0.8066844332470574,1.4598,0.86,0.54,1.4096,0.94,0.46
650M,1280,4,flyhash,128,16000,0.1,125.0,0.7361333333333333,0.8123842208486522,,,,,,
650M,1280,4,dense_cosine,256,0,,,0.6122,0.8313520578491868,1.4047,0.88,0.48,,,
650M,1280,4,centered_cosine,256,0,,,0.8280666666666666,0.8177893507692305,1.44745,0.92,0.54,,,
650M,1280,4,simhash,256,2000,,7.8125,0.7929333333333334,0.8165266126352633,1.454,0.88,0.56,,,
650M,1280,4,flyhash,256,2000,0.02,7.8125,0.5876,0.7862023682190171,,,,,,
650M,1280,4,flyhash,256,2000,0.05,7.8125,0.6939333333333334,0.8040467265740034,1.4598,0.86,0.6,1.4207999999999998,0.94,0.5
650M,1280,4,flyhash,256,2000,0.1,7.8125,0.7458666666666667,0.8160381018825189,,,,,,
650M,1280,4,simhash,256,4000,,15.625,0.8108666666666667,0.8201072987699304,1.4598,0.92,0.6,,,
650M,1280,4,flyhash,256,4000,0.02,15.625,0.6793333333333333,0.8059836342433644,,,,,,
650M,1280,4,flyhash,256,4000,0.05,15.625,0.7504000000000001,0.813179112861089,1.4598,0.9,0.64,1.4598,0.92,0.6
650M,1280,4,flyhash,256,4000,0.1,15.625,0.781,0.8177207395095722,,,,,,
650M,1280,4,simhash,256,8000,,31.25,0.8222666666666666,0.8198932183048231,1.4598,0.92,0.6,,,
650M,1280,4,flyhash,256,8000,0.02,31.25,0.737,0.8166787112285536,,,,,,
650M,1280,4,flyhash,256,8000,0.05,31.25,0.7805333333333333,0.8175348795368783,1.4038,0.86,0.44,1.5657,0.96,0.7
650M,1280,4,flyhash,256,8000,0.1,31.25,0.8015333333333333,0.8189823007956369,,,,,,
650M,1280,4,simhash,256,16000,,62.5,0.8238666666666667,0.8214329248030761,1.4598,0.92,0.54,,,
650M,1280,4,flyhash,256,16000,0.02,62.5,0.7723333333333334,0.8174278567567428,,,,,,
650M,1280,4,flyhash,256,16000,0.05,62.5,0.8015333333333333,0.8199381885823852,1.4598,0.92,0.58,1.47405,0.92,0.72
650M,1280,4,flyhash,256,16000,0.1,62.5,0.8142666666666667,0.8225794533629134,,,,,,
650M,1280,4,dense_cosine,512,0,,,0.6283333333333334,0.8353862226907527,1.4047,0.88,0.48,,,
650M,1280,4,centered_cosine,512,0,,,0.8758666666666667,0.8365402490546964,1.4598,0.94,0.64,,,
650M,1280,4,simhash,512,2000,,3.90625,0.8303333333333334,0.829106698495629,1.47115,0.94,0.58,,,
650M,1280,4,flyhash,512,2000,0.02,3.90625,0.6094666666666666,0.8002159888649386,,,,,,
650M,1280,4,flyhash,512,2000,0.05,3.90625,0.7274666666666667,0.8263527382945642,1.4598,0.84,0.58,1.3934,0.86,0.44
650M,1280,4,flyhash,512,2000,0.1,3.90625,0.7809333333333334,0.8341141472755276,,,,,,
650M,1280,4,simhash,512,4000,,7.8125,0.8566,0.8322134803696694,1.43865,0.9,0.56,,,
650M,1280,4,flyhash,512,4000,0.02,7.8125,0.7001333333333334,0.8142366939236707,,,,,,
650M,1280,4,flyhash,512,4000,0.05,7.8125,0.7882666666666667,0.82833507724412,1.43285,0.88,0.54,1.6161,0.92,0.72
650M,1280,4,flyhash,512,4000,0.1,7.8125,0.8197333333333333,0.8326829880465079,,,,,,
650M,1280,4,simhash,512,8000,,15.625,0.8633333333333333,0.8362323737551918,1.4598,0.92,0.66,,,
650M,1280,4,flyhash,512,8000,0.02,15.625,0.7672666666666667,0.8197394901214669,,,,,,
650M,1280,4,flyhash,512,8000,0.05,15.625,0.8211333333333334,0.8317103831764228,1.4598,0.86,0.62,1.4,0.86,0.48
650M,1280,4,flyhash,512,8000,0.1,15.625,0.8457333333333333,0.8307368357758497,,,,,,
650M,1280,4,simhash,512,16000,,31.25,0.8702000000000001,0.8348847530588966,1.4598,0.92,0.62,,,
650M,1280,4,flyhash,512,16000,0.02,31.25,0.8122666666666666,0.8309699873097295,,,,,,
650M,1280,4,flyhash,512,16000,0.05,31.25,0.8462666666666667,0.8372204275766025,1.4598,0.86,0.58,1.4598,0.96,0.7
650M,1280,4,flyhash,512,16000,0.1,31.25,0.8604666666666667,0.835599712631941,,,,,,
650M,1280,4,dense_cosine,1024,0,,,0.637,0.836110771082131,1.4047,0.88,0.48,,,
650M,1280,4,centered_cosine,1024,0,,,0.9078666666666667,0.8272763992726526,1.4825,0.92,0.68,,,
650M,1280,4,simhash,1024,2000,,1.953125,0.8591333333333334,0.8299875171266361,1.4598,0.88,0.62,,,
650M,1280,4,flyhash,1024,2000,0.02,1.953125,0.6212,0.7949288943965629,,,,,,
650M,1280,4,flyhash,1024,2000,0.05,1.953125,0.7378666666666667,0.814355769963052,1.4401,0.88,0.52,1.6161,0.92,0.66
650M,1280,4,flyhash,1024,2000,0.1,1.953125,0.7929333333333334,0.8191426616384424,,,,,,
650M,1280,4,simhash,1024,4000,,3.90625,0.8796666666666667,0.8280728202924024,1.4598,0.88,0.58,,,
650M,1280,4,flyhash,1024,4000,0.02,3.90625,0.716,0.8133697181789376,,,,,,
650M,1280,4,flyhash,1024,4000,0.05,3.90625,0.7988,0.8189012192602849,1.4031500000000001,0.88,0.44,1.6161,0.94,0.78
650M,1280,4,flyhash,1024,4000,0.1,3.90625,0.8403333333333334,0.8237038123246551,,,,,,
650M,1280,4,simhash,1024,8000,,7.8125,0.8908666666666666,0.829461485260996,1.4598,0.92,0.64,,,
650M,1280,4,flyhash,1024,8000,0.02,7.8125,0.7856000000000001,0.8197569176478204,,,,,,
650M,1280,4,flyhash,1024,8000,0.05,7.8125,0.8433333333333334,0.8254215747342082,1.39715,0.84,0.48,1.4598,0.9,0.54
650M,1280,4,flyhash,1024,8000,0.1,7.8125,0.8711333333333333,0.8256606394314516,,,,,,
650M,1280,4,simhash,1024,16000,,15.625,0.8976666666666666,0.8287709244064543,1.4825,0.92,0.66,,,
650M,1280,4,flyhash,1024,16000,0.02,15.625,0.8325333333333333,0.8258711702681665,,,,,,
650M,1280,4,flyhash,1024,16000,0.05,15.625,0.8712,0.8273056946392005,1.4346999999999999,0.82,0.5,1.3984,0.96,0.48
650M,1280,4,flyhash,1024,16000,0.1,15.625,0.8886666666666667,0.8233185886888108,,,,,,
650M,1280,4,dense_cosine,1280,0,,,0.6452000000000001,0.8399009060451437,1.4047,0.88,0.48,,,
650M,1280,4,centered_cosine,1280,0,,,1.0,0.8321061776179247,1.5657,0.88,0.7,,,
650M,1280,4,simhash,1280,2000,,1.5625,0.8782666666666666,0.8324279773445659,1.47115,0.96,0.64,,,
650M,1280,4,flyhash,1280,2000,0.02,1.5625,0.6068,0.7930780472603707,1.4393500000000001,0.88,0.54,1.6587,0.94,0.56
650M,1280,4,flyhash,1280,2000,0.05,1.5625,0.7272,0.8131619750251379,1.4598,0.88,0.54,1.6161,0.96,0.72
650M,1280,4,flyhash,1280,2000,0.1,1.5625,0.7807333333333334,0.8223426902774714,1.4627,0.92,0.62,1.4598,0.96,0.54
650M,1280,4,simhash,1280,4000,,3.125,0.9127333333333334,0.8328640405147317,1.4598,0.94,0.6,,,
650M,1280,4,flyhash,1280,4000,0.02,3.125,0.7074666666666667,0.8080012251734531,,,,,,
650M,1280,4,flyhash,1280,4000,0.05,3.125,0.7909333333333334,0.8228828110573856,1.4598,0.88,0.56,1.4321000000000002,0.94,0.52
650M,1280,4,flyhash,1280,4000,0.1,3.125,0.8293333333333333,0.8277799034447243,,,,,,
650M,1280,4,simhash,1280,8000,,6.25,0.9343333333333333,0.8349186405686382,1.4598,0.9,0.64,,,
650M,1280,4,flyhash,1280,8000,0.02,6.25,0.7750666666666667,0.8242829143439017,,,,,,
650M,1280,4,flyhash,1280,8000,0.05,6.25,0.8258666666666666,0.8245037624874906,1.4598,0.88,0.52,1.7029,0.92,0.66
650M,1280,4,flyhash,1280,8000,0.1,6.25,0.8580666666666666,0.8266819187996567,,,,,,
650M,1280,4,simhash,1280,16000,,12.5,0.9514,0.8287602220556656,1.4598,0.88,0.6,,,
650M,1280,4,flyhash,1280,16000,0.02,12.5,0.8168000000000001,0.8221167343862896,,,,,,
650M,1280,4,flyhash,1280,16000,0.05,12.5,0.852,0.8226245152562256,1.4598,0.88,0.52,1.7029,0.88,0.68
650M,1280,4,flyhash,1280,16000,0.1,12.5,0.8772666666666668,0.8253534312001201,,,,,,
150M,640,5,random_walk,640,0,,,,,1.4825,0.96,0.7,,,
150M,640,5,chemotaxis,640,0,,,,,1.6668,0.98,0.9,,,
150M,640,5,dense_cosine,64,0,,,0.5369333333333334,0.7801406831624825,1.4825,0.96,0.72,,,
150M,640,5,centered_cosine,64,0,,,0.6771333333333334,0.7882644042269557,1.4825,1.0,0.74,,,
150M,640,5,simhash,64,2000,,31.25,0.6578666666666667,0.7890773537848824,1.4697,0.96,0.58,,,
150M,640,5,flyhash,64,2000,0.02,31.25,0.4748,0.7565770577324279,,,,,,
150M,640,5,flyhash,64,2000,0.05,31.25,0.5541333333333333,0.7727232437986543,1.4825,0.94,0.68,1.5477,1.0,0.9
150M,640,5,flyhash,64,2000,0.1,31.25,0.602,0.7770702290685435,,,,,,
150M,640,5,simhash,64,4000,,62.5,0.6644666666666666,0.7854710324872479,1.4825,0.96,0.72,,,
150M,640,5,flyhash,64,4000,0.02,62.5,0.5277999999999999,0.7595214051106998,,,,,,
150M,640,5,flyhash,64,4000,0.05,62.5,0.5900666666666667,0.772291370389938,1.4825,0.96,0.72,1.5477,0.98,0.82
150M,640,5,flyhash,64,4000,0.1,62.5,0.6212666666666667,0.7808415499942127,,,,,,
150M,640,5,simhash,64,8000,,125.0,0.6709999999999999,0.787876930521985,1.47115,0.98,0.62,,,
150M,640,5,flyhash,64,8000,0.02,125.0,0.5577333333333333,0.7690406408932138,,,,,,
150M,640,5,flyhash,64,8000,0.05,125.0,0.6074666666666667,0.7788676416924804,1.4598,0.96,0.7,1.4598,0.92,0.72
150M,640,5,flyhash,64,8000,0.1,125.0,0.634,0.7786123129809338,,,,,,
150M,640,5,simhash,64,16000,,250.0,0.6742,0.7850516408193438,1.47115,0.96,0.64,,,
150M,640,5,flyhash,64,16000,0.02,250.0,0.5771999999999999,0.7730353425428956,,,,,,
150M,640,5,flyhash,64,16000,0.05,250.0,0.6140000000000001,0.7769274270854345,1.4825,0.96,0.66,1.5477,0.98,0.86
150M,640,5,flyhash,64,16000,0.1,250.0,0.6340666666666667,0.7764383719688764,,,,,,
150M,640,5,dense_cosine,128,0,,,0.5942000000000001,0.7743478708614595,1.4825,0.96,0.72,,,
150M,640,5,centered_cosine,128,0,,,0.7764666666666666,0.7981040810738638,1.4825,0.98,0.8,,,
150M,640,5,simhash,128,2000,,15.625,0.7519333333333333,0.7900279421306455,1.4825,0.98,0.76,,,
150M,640,5,flyhash,128,2000,0.02,15.625,0.5734,0.7691706985138247,,,,,,
150M,640,5,flyhash,128,2000,0.05,15.625,0.6668000000000001,0.7823104663678644,1.4825,0.94,0.7,1.552,1.0,0.88
150M,640,5,flyhash,128,2000,0.1,15.625,0.7066,0.7815737437679815,,,,,,
150M,640,5,simhash,128,4000,,31.25,0.7622666666666666,0.7973327223827175,1.4825,0.98,0.76,,,
150M,640,5,flyhash,128,4000,0.02,31.25,0.6470666666666667,0.7795281979813992,,,,,,
150M,640,5,flyhash,128,4000,0.05,31.25,0.7078000000000001,0.7880589483845659,1.4825,0.98,0.74,1.4825,0.98,0.72
150M,640,5,flyhash,128,4000,0.1,31.25,0.7374666666666666,0.7910726779262279,,,,,,
150M,640,5,simhash,128,8000,,62.5,0.7704,0.7941746151475796,1.4825,0.94,0.76,,,
150M,640,5,flyhash,128,8000,0.02,62.5,0.6908,0.7877198686881224,,,,,,
150M,640,5,flyhash,128,8000,0.05,62.5,0.7320666666666666,0.7836623588554901,1.4825,0.98,0.76,1.6161,1.0,0.92
150M,640,5,flyhash,128,8000,0.1,62.5,0.7487999999999999,0.7918158407595072,,,,,,
150M,640,5,simhash,128,16000,,125.0,0.7728666666666667,0.793276059241407,1.4825,0.96,0.72,,,
150M,640,5,flyhash,128,16000,0.02,125.0,0.7188,0.777835330847626,,,,,,
150M,640,5,flyhash,128,16000,0.05,125.0,0.7433333333333334,0.7835423408797376,1.4825,0.98,0.78,1.4598,0.96,0.76
150M,640,5,flyhash,128,16000,0.1,125.0,0.7544000000000001,0.7892077047225791,,,,,,
150M,640,5,dense_cosine,256,0,,,0.6194666666666666,0.7931857955149527,1.4825,0.96,0.72,,,
150M,640,5,centered_cosine,256,0,,,0.8311333333333334,0.8031509811082473,1.4825,0.98,0.76,,,
150M,640,5,simhash,256,2000,,7.8125,0.7995333333333333,0.7990693440243185,1.4825,0.98,0.7,,,
150M,640,5,flyhash,256,2000,0.02,7.8125,0.5995333333333334,0.7788074442107245,,,,,,
150M,640,5,flyhash,256,2000,0.05,7.8125,0.6968666666666666,0.8001708867017233,1.47115,0.96,0.68,1.55465,0.98,0.76
150M,640,5,flyhash,256,2000,0.1,7.8125,0.7499333333333333,0.7991923435477883,,,,,,
150M,640,5,simhash,256,4000,,15.625,0.8109999999999999,0.8017163041826021,1.4825,0.96,0.8,,,
150M,640,5,flyhash,256,4000,0.02,15.625,0.6800666666666667,0.7884040470802036,,,,,,
150M,640,5,flyhash,256,4000,0.05,15.625,0.7488666666666667,0.7976501169688041,1.4825,0.96,0.76,1.6161,1.0,0.84
150M,640,5,flyhash,256,4000,0.1,15.625,0.7807999999999999,0.7982684248274076,,,,,,
150M,640,5,simhash,256,8000,,31.25,0.8234,0.8005791858354578,1.4825,0.96,0.78,,,
150M,640,5,flyhash,256,8000,0.02,31.25,0.7368666666666667,0.7981321235265716,,,,,,
150M,640,5,flyhash,256,8000,0.05,31.25,0.7816,0.8013460185940002,1.4825,0.98,0.74,1.5424,1.0,0.86
150M,640,5,flyhash,256,8000,0.1,31.25,0.8018,0.8020225006194014,,,,,,
150M,640,5,simhash,256,16000,,62.5,0.824,0.8003014500454957,1.4825,0.96,0.76,,,
150M,640,5,flyhash,256,16000,0.02,62.5,0.7697333333333333,0.8059540881866737,,,,,,
150M,640,5,flyhash,256,16000,0.05,62.5,0.801,0.8032452295451135,1.4598,0.98,0.7,1.5477,1.0,0.84
150M,640,5,flyhash,256,16000,0.1,62.5,0.8122666666666666,0.8014630071273378,,,,,,
150M,640,5,dense_cosine,512,0,,,0.632,0.7922827736155703,1.4825,0.96,0.72,,,
150M,640,5,centered_cosine,512,0,,,0.8806666666666667,0.8066224742151521,1.4825,0.98,0.74,,,
150M,640,5,simhash,512,2000,,3.90625,0.8294666666666667,0.8097691438512923,1.47115,0.94,0.7,,,
150M,640,5,flyhash,512,2000,0.02,3.90625,0.6148666666666667,0.779446407172602,,,,,,
150M,640,5,flyhash,512,2000,0.05,3.90625,0.7281333333333334,0.7989855586992709,1.4825,0.96,0.78,1.4598,0.98,0.74
150M,640,5,flyhash,512,2000,0.1,3.90625,0.7824000000000001,0.8030968834743676,,,,,,
150M,640,5,simhash,512,4000,,7.8125,0.8536666666666667,0.8040169980880224,1.4598,0.96,0.68,,,
150M,640,5,flyhash,512,4000,0.02,7.8125,0.7056,0.7935114007304617,,,,,,
150M,640,5,flyhash,512,4000,0.05,7.8125,0.7839333333333334,0.799940497742866,1.4532500000000002,0.98,0.64,1.4598,0.98,0.82
150M,640,5,flyhash,512,4000,0.1,7.8125,0.8211999999999999,0.8087179630967761,,,,,,
150M,640,5,simhash,512,8000,,15.625,0.8654666666666666,0.8054737010927274,1.4825,0.96,0.76,,,
150M,640,5,flyhash,512,8000,0.02,15.625,0.773,0.79845601930901,,,,,,
150M,640,5,flyhash,512,8000,0.05,15.625,0.8278,0.8036127652875537,1.47115,0.96,0.68,1.4825,1.0,0.82
150M,640,5,flyhash,512,8000,0.1,15.625,0.8499333333333333,0.8055529496535252,,,,,,
150M,640,5,simhash,512,16000,,31.25,0.8744666666666667,0.8038642934750563,1.4761,0.94,0.74,,,
150M,640,5,flyhash,512,16000,0.02,31.25,0.8147333333333333,0.803336873952483,,,,,,
150M,640,5,flyhash,512,16000,0.05,31.25,0.8522666666666667,0.802502587747507,1.4598,0.96,0.66,1.5477,0.98,0.84
150M,640,5,flyhash,512,16000,0.1,31.25,0.8638666666666667,0.8039938938019895,,,,,,
150M,640,5,dense_cosine,640,0,,,0.6501333333333333,0.7918145567207262,1.4825,0.96,0.72,,,
150M,640,5,centered_cosine,640,0,,,1.0,0.8113268443408818,1.4825,0.98,0.76,,,
150M,640,5,simhash,640,2000,,3.125,0.8767999999999999,0.8131033521332377,1.4825,0.98,0.76,,,
150M,640,5,flyhash,640,2000,0.02,3.125,0.6286666666666666,0.7750455892572237,1.46475,0.92,0.68,1.5477,0.94,0.78
150M,640,5,flyhash,640,2000,0.05,3.125,0.7378666666666667,0.7943525793751681,1.4825,0.94,0.74,1.4598,0.98,0.86
150M,640,5,flyhash,640,2000,0.1,3.125,0.7994666666666668,0.8012632736911838,1.4598,0.98,0.66,1.5424,0.98,0.86
150M,640,5,simhash,640,4000,,6.25,0.9125333333333334,0.8034095619688083,1.4482,0.94,0.56,,,
150M,640,5,flyhash,640,4000,0.02,6.25,0.7162666666666666,0.7828862064572463,,,,,,
150M,640,5,flyhash,640,4000,0.05,6.25,0.7949333333333333,0.7910338551416444,1.4598,0.96,0.64,1.4598,0.98,0.84
150M,640,5,flyhash,640,4000,0.1,6.25,0.8424666666666667,0.7978828363910739,,,,,,
150M,640,5,simhash,640,8000,,12.5,0.9341333333333334,0.8103923886785375,1.4825,0.96,0.62,,,
150M,640,5,flyhash,640,8000,0.02,12.5,0.7877333333333334,0.7959993146622821,,,,,,
150M,640,5,flyhash,640,8000,0.05,12.5,0.8402666666666666,0.7999591535069245,1.4825,0.98,0.68,1.4627,1.0,0.74
150M,640,5,flyhash,640,8000,0.1,12.5,0.872,0.8031526587495286,,,,,,
150M,640,5,simhash,640,16000,,25.0,0.9547333333333333,0.8118106125208475,1.46765,0.94,0.74,,,
150M,640,5,flyhash,640,16000,0.02,25.0,0.8316666666666667,0.7991145883912154,,,,,,
150M,640,5,flyhash,640,16000,0.05,25.0,0.8698,0.7999743759667711,1.4598,0.96,0.6,1.4825,0.96,0.84
150M,640,5,flyhash,640,16000,0.1,25.0,0.8952666666666667,0.8015361979560317,,,,,,
650M,1280,5,random_walk,1280,0,,,,,1.4598,0.88,0.58,,,
650M,1280,5,chemotaxis,1280,0,,,,,1.7029,0.98,0.88,,,
650M,1280,5,dense_cosine,64,0,,,0.5268666666666666,0.8170717034501238,1.4598,0.88,0.58,,,
650M,1280,5,centered_cosine,64,0,,,0.6671333333333334,0.8127286179380024,1.4598,0.88,0.56,,,
650M,1280,5,simhash,64,2000,,31.25,0.6538666666666667,0.8090998127773968,1.4825,0.88,0.7,,,
650M,1280,5,flyhash,64,2000,0.02,31.25,0.4620666666666667,0.7530081131898956,,,,,,
650M,1280,5,flyhash,64,2000,0.05,31.25,0.5435333333333333,0.7763921672562548,1.4598,0.82,0.62,1.5011,0.92,0.62
650M,1280,5,flyhash,64,2000,0.1,31.25,0.5876666666666667,0.790730369603523,,,,,,
650M,1280,5,simhash,64,4000,,62.5,0.6590666666666666,0.8112068868496957,1.4598,0.88,0.66,,,
650M,1280,5,flyhash,64,4000,0.02,62.5,0.5162,0.7712407310276191,,,,,,
650M,1280,5,flyhash,64,4000,0.05,62.5,0.5701333333333333,0.792142373621592,1.4598,0.88,0.66,1.6161,0.94,0.76
650M,1280,5,flyhash,64,4000,0.1,62.5,0.6082,0.7898608670840724,,,,,,
650M,1280,5,simhash,64,8000,,125.0,0.6614,0.8110668497535565,1.4825,0.88,0.64,,,
650M,1280,5,flyhash,64,8000,0.02,125.0,0.5564666666666667,0.7838181872109661,,,,,,
650M,1280,5,flyhash,64,8000,0.05,125.0,0.5905333333333334,0.7935361983379411,1.4393500000000001,0.86,0.54,1.47115,0.96,0.52
650M,1280,5,flyhash,64,8000,0.1,125.0,0.6192,0.7978556111752276,,,,,,
650M,1280,5,simhash,64,16000,,250.0,0.6657333333333334,0.8136158887330714,1.4627,0.88,0.64,,,
650M,1280,5,flyhash,64,16000,0.02,250.0,0.5716,0.7893185689679537,,,,,,
650M,1280,5,flyhash,64,16000,0.05,250.0,0.6012666666666667,0.7957929204896553,1.4598,0.86,0.64,1.4598,0.92,0.6
650M,1280,5,flyhash,64,16000,0.1,250.0,0.6237333333333334,0.8022687924640098,,,,,,
650M,1280,5,dense_cosine,128,0,,,0.5798666666666666,0.8241436580827424,1.4598,0.88,0.58,,,
650M,1280,5,centered_cosine,128,0,,,0.7570666666666667,0.8150321469482819,1.4467,0.92,0.58,,,
650M,1280,5,simhash,128,2000,,15.625,0.7316,0.8189903314950586,1.4598,0.86,0.64,,,
650M,1280,5,flyhash,128,2000,0.02,15.625,0.5561333333333334,0.7799805996463843,,,,,,
650M,1280,5,flyhash,128,2000,0.05,15.625,0.6525333333333333,0.8017523826775553,1.47115,0.88,0.68,1.5819,0.94,0.66
650M,1280,5,flyhash,128,2000,0.1,15.625,0.6915333333333333,0.8074266658220901,,,,,,
650M,1280,5,simhash,128,4000,,31.25,0.7442666666666666,0.8117863159163097,1.4467,0.9,0.56,,,
650M,1280,5,flyhash,128,4000,0.02,31.25,0.6318666666666667,0.8051280162348184,,,,,,
650M,1280,5,flyhash,128,4000,0.05,31.25,0.6943333333333332,0.814317775701183,1.4100000000000001,0.86,0.5,1.4111,0.88,0.5
650M,1280,5,flyhash,128,4000,0.1,31.25,0.7233333333333333,0.8119336983676173,,,,,,
650M,1280,5,simhash,128,8000,,62.5,0.7533333333333334,0.8121175234833005,1.4598,0.84,0.6,,,
650M,1280,5,flyhash,128,8000,0.02,62.5,0.6805333333333333,0.8102417091267453,,,,,,
650M,1280,5,flyhash,128,8000,0.05,62.5,0.7167333333333333,0.8161249125041498,1.4321000000000002,0.86,0.58,1.4761,0.92,0.66
650M,1280,5,flyhash,128,8000,0.1,62.5,0.7339333333333333,0.8131855456159268,,,,,,
650M,1280,5,simhash,128,16000,,125.0,0.7544000000000001,0.8135326062179873,1.47115,0.84,0.56,,,
650M,1280,5,flyhash,128,16000,0.02,125.0,0.7057333333333333,0.8133874822754186,,,,,,
650M,1280,5,flyhash,128,16000,0.05,125.0,0.7282,0.8129821977903454,1.4482,0.88,0.58,1.4598,0.96,0.62
650M,1280,5,flyhash,128,16000,0.1,125.0,0.7407333333333334,0.8153466530011594,,,,,,
650M,1280,5,dense_cosine,256,0,,,0.6138666666666667,0.8353118324439869,1.4598,0.88,0.58,,,
650M,1280,5,centered_cosine,256,0,,,0.8266666666666667,0.8282520181898346,1.4532500000000002,0.88,0.58,,,
650M,1280,5,simhash,256,2000,,7.8125,0.787,0.8263973662054781,1.4598,0.84,0.62,,,
650M,1280,5,flyhash,256,2000,0.02,7.8125,0.5873333333333334,0.7875167325535278,,,,,,
650M,1280,5,flyhash,256,2000,0.05,7.8125,0.6932666666666666,0.8072815082819634,1.4598,0.88,0.54,1.4598,0.84,0.66
650M,1280,5,flyhash,256,2000,0.1,7.8125,0.7435333333333334,0.8187154086477962,,,,,,
650M,1280,5,simhash,256,4000,,15.625,0.8082666666666667,0.8283358692680386,1.4598,0.88,0.64,,,
650M,1280,5,flyhash,256,4000,0.02,15.625,0.6744666666666668,0.8091466321914568,,,,,,
650M,1280,5,flyhash,256,4000,0.05,15.625,0.7419333333333333,0.8141999308133355,1.4598,0.88,0.68,1.4394,0.88,0.52
650M,1280,5,flyhash,256,4000,0.1,15.625,0.7788666666666667,0.8160580843821844,,,,,,
650M,1280,5,simhash,256,8000,,31.25,0.8129333333333334,0.8259643200820757,1.4598,0.88,0.58,,,
650M,1280,5,flyhash,256,8000,0.02,31.25,0.7360666666666666,0.8247943117379652,,,,,,
650M,1280,5,flyhash,256,8000,0.05,31.25,0.7791333333333333,0.8254461389523731,1.4825,0.88,0.62,1.4598,0.9,0.6
650M,1280,5,flyhash,256,8000,0.1,31.25,0.8006666666666666,0.8227774334064646,,,,,,
650M,1280,5,simhash,256,16000,,62.5,0.8203333333333334,0.825820472781897,1.4825,0.9,0.7,,,
650M,1280,5,flyhash,256,16000,0.02,62.5,0.7726000000000001,0.8236218228481278,,,,,,
650M,1280,5,flyhash,256,16000,0.05,62.5,0.8007333333333333,0.8249495530032301,1.4598,0.88,0.6,1.4047,0.92,0.48
650M,1280,5,flyhash,256,16000,0.1,62.5,0.8098,0.8240382694829905,,,,,,
650M,1280,5,dense_cosine,512,0,,,0.6299333333333333,0.8348512645337185,1.4598,0.88,0.58,,,
650M,1280,5,centered_cosine,512,0,,,0.8832666666666668,0.8335616720855097,1.4627,0.9,0.6,,,
650M,1280,5,simhash,512,2000,,3.90625,0.8396666666666667,0.8285025687877036,1.4467,0.86,0.54,,,
650M,1280,5,flyhash,512,2000,0.02,3.90625,0.6174666666666667,0.8047426767671604,,,,,,
650M,1280,5,flyhash,512,2000,0.05,3.90625,0.7293333333333333,0.8195325967898383,1.4297,0.88,0.54,1.5151,0.96,0.72
650M,1280,5,flyhash,512,2000,0.1,3.90625,0.7858666666666667,0.8263849548306244,,,,,,
650M,1280,5,simhash,512,4000,,7.8125,0.8587333333333333,0.833827444611873,1.454,0.86,0.56,,,
650M,1280,5,flyhash,512,4000,0.02,7.8125,0.7093333333333334,0.8139529009106456,,,,,,
650M,1280,5,flyhash,512,4000,0.05,7.8125,0.7887333333333333,0.8268208775161571,1.47115,0.9,0.6,1.4598,0.9,0.7
650M,1280,5,flyhash,512,4000,0.1,7.8125,0.8280666666666666,0.8341588701241309,,,,,,
650M,1280,5,simhash,512,8000,,15.625,0.8701333333333333,0.8350018125757024,1.4346999999999999,0.84,0.58,,,
650M,1280,5,flyhash,512,8000,0.02,15.625,0.7766,0.8247055300560103,,,,,,
650M,1280,5,flyhash,512,8000,0.05,15.625,0.8296,0.8315170693384558,1.47115,0.88,0.68,1.58885,0.94,0.82
650M,1280,5,flyhash,512,8000,0.1,15.625,0.8502666666666666,0.829907480709102,,,,,,
650M,1280,5,simhash,512,16000,,31.25,0.8776666666666666,0.8330211372594345,1.4598,0.86,0.58,,,
650M,1280,5,flyhash,512,16000,0.02,31.25,0.8173333333333334,0.830695395016376,,,,,,
650M,1280,5,flyhash,512,16000,0.05,31.25,0.8510666666666666,0.8318712180335432,1.4598,0.88,0.56,1.4825,0.96,0.78
650M,1280,5,flyhash,512,16000,0.1,31.25,0.8642,0.8314422425614918,,,,,,
650M,1280,5,dense_cosine,1024,0,,,0.6351333333333333,0.8361267245806273,1.4598,0.88,0.58,,,
650M,1280,5,centered_cosine,1024,0,,,0.9128666666666666,0.8316570725460657,1.4598,0.86,0.56,,,
650M,1280,5,simhash,1024,2000,,1.953125,0.8576666666666667,0.8283967095607334,1.4257,0.84,0.5,,,
650M,1280,5,flyhash,1024,2000,0.02,1.953125,0.6171333333333333,0.799510062745219,,,,,,
650M,1280,5,flyhash,1024,2000,0.05,1.953125,0.743,0.8208213683344215,1.47115,0.88,0.58,1.6161,0.92,0.86
650M,1280,5,flyhash,1024,2000,0.1,1.953125,0.7993333333333333,0.8148696140393937,,,,,,
650M,1280,5,simhash,1024,4000,,3.90625,0.8776666666666666,0.8264998283000818,1.4598,0.88,0.66,,,
650M,1280,5,flyhash,1024,4000,0.02,3.90625,0.716,0.8173903351712878,,,,,,
650M,1280,5,flyhash,1024,4000,0.05,3.90625,0.8068000000000001,0.8258036572740279,1.44745,0.88,0.58,1.4598,0.9,0.72
650M,1280,5,flyhash,1024,4000,0.1,3.90625,0.8432666666666666,0.8235940280671548,,,,,,
650M,1280,5,simhash,1024,8000,,7.8125,0.8944,0.8332712583139564,1.4598,0.88,0.58,,,
650M,1280,5,flyhash,1024,8000,0.02,7.8125,0.7861333333333334,0.8260970811361402,,,,,,
650M,1280,5,flyhash,1024,8000,0.05,7.8125,0.8456666666666667,0.8316835323655436,1.4036,0.88,0.44,1.4825,0.94,0.72
650M,1280,5,flyhash,1024,8000,0.1,7.8125,0.8708666666666667,0.827031096345666,,,,,,
650M,1280,5,simhash,1024,16000,,15.625,0.9032,0.831572653501001,1.4598,0.88,0.58,,,
650M,1280,5,flyhash,1024,16000,0.02,15.625,0.8342666666666666,0.8241595211447214,,,,,,
650M,1280,5,flyhash,1024,16000,0.05,15.625,0.8726,0.8278583893319212,1.4598,0.86,0.56,1.48555,0.9,0.6
650M,1280,5,flyhash,1024,16000,0.1,15.625,0.8885333333333333,0.8311731474456586,,,,,,
650M,1280,5,dense_cosine,1280,0,,,0.6452000000000001,0.8399009060451437,1.4598,0.88,0.58,,,
650M,1280,5,centered_cosine,1280,0,,,1.0,0.8321061776179247,1.4482,0.88,0.54,,,
650M,1280,5,simhash,1280,2000,,1.5625,0.8826,0.8332762889656352,1.43225,0.86,0.5,,,
650M,1280,5,flyhash,1280,2000,0.02,1.5625,0.6078,0.8111757704763561,1.3594,0.86,0.44,1.4825,0.94,0.66
650M,1280,5,flyhash,1280,2000,0.05,1.5625,0.7191333333333334,0.8111086573158856,1.454,0.88,0.58,1.4598,0.88,0.56
650M,1280,5,flyhash,1280,2000,0.1,1.5625,0.7846666666666666,0.8220338549508218,1.4598,0.88,0.6,1.7029,0.96,0.74
650M,1280,5,simhash,1280,4000,,3.125,0.9120666666666666,0.8307767624583853,1.4175,0.86,0.54,,,
650M,1280,5,flyhash,1280,4000,0.02,3.125,0.6992666666666667,0.8207507642022174,,,,,,
650M,1280,5,flyhash,1280,4000,0.05,3.125,0.7806,0.8188221584158236,1.4825,0.9,0.68,1.47115,0.94,0.78
650M,1280,5,flyhash,1280,4000,0.1,3.125,0.8280666666666666,0.8214506973397965,,,,,,
650M,1280,5,simhash,1280,8000,,6.25,0.9348666666666666,0.8308504836853874,1.42535,0.86,0.5,,,
650M,1280,5,flyhash,1280,8000,0.02,6.25,0.7690666666666667,0.8211591199245422,,,,,,
650M,1280,5,flyhash,1280,8000,0.05,6.25,0.8235333333333333,0.8194849294331165,1.4598,0.88,0.6,1.4627,0.88,0.64
650M,1280,5,flyhash,1280,8000,0.1,6.25,0.8566,0.8236938274940682,,,,,,
650M,1280,5,simhash,1280,16000,,12.5,0.9558,0.8316975307882881,1.4246,0.88,0.5,,,
650M,1280,5,flyhash,1280,16000,0.02,12.5,0.8184666666666666,0.826497412706545,,,,,,
650M,1280,5,flyhash,1280,16000,0.05,12.5,0.8495333333333334,0.8221588376580369,1.47115,0.88,0.64,1.4598,0.9,0.68
650M,1280,5,flyhash,1280,16000,0.1,12.5,0.876,0.8241025974256576,,,,,,
