assay,method,seed,pct@50,top1@50,top0.1@50,auc@50,pct@100,top1@100,top0.1@100,auc@100,pct@200,top1@200,top0.1@200,auc@200,pct@500,top1@500,top0.1@500,auc@500
DYR_ECOLI_Nguyen_2023,random_search,0,96.57064471879286,0.0,0.0,96.01165980795614,98.59396433470508,0.0,0.0,97.16117969821673,99.38271604938272,100.0,0.0,98.19307270233196,100.0,100.0,100.0,99.17599451303155
DYR_ECOLI_Nguyen_2023,random_walk,0,99.38271604938272,100.0,0.0,95.32373113854597,99.38271604938272,100.0,0.0,97.35322359396429,99.38271604938272,100.0,0.0,98.36796982167351,100.0,100.0,100.0,99.20144032921812
DYR_ECOLI_Nguyen_2023,greedy_local,0,99.62277091906722,100.0,0.0,96.65775034293553,99.62277091906722,100.0,0.0,98.1402606310014,99.62277091906722,100.0,0.0,98.8815157750343,99.86282578875172,100.0,0.0,99.45685871056243
DYR_ECOLI_Nguyen_2023,regevo,0,99.82853223593965,100.0,0.0,97.00548696844994,99.82853223593965,100.0,0.0,98.41700960219475,99.82853223593965,100.0,0.0,99.12277091906722,99.82853223593965,100.0,0.0,99.54622770919069
DYR_ECOLI_Nguyen_2023,gpbo_ei,0,93.86145404663924,0.0,0.0,89.85253772290811,98.59396433470508,0.0,0.0,93.27674897119341,98.59396433470508,0.0,0.0,95.93535665294927,100.0,100.0,100.0,98.21330589849109
DYR_ECOLI_Nguyen_2023,adalead_graph,0,96.57064471879286,0.0,0.0,93.62551440329219,100.0,100.0,100.0,96.3443072702332,100.0,100.0,100.0,98.17215363511659,100.0,100.0,100.0,99.26886145404664
DYR_ECOLI_Nguyen_2023,fly,0,98.59396433470508,0.0,0.0,96.55418381344309,98.59396433470508,0.0,0.0,97.57407407407409,99.93141289437585,100.0,100.0,98.44684499314131,99.93141289437585,100.0,100.0,99.33758573388204
DYR_ECOLI_Nguyen_2023,fly_memory,0,99.82853223593965,100.0,0.0,98.69958847736626,99.82853223593965,100.0,0.0,99.26406035665292,99.82853223593965,100.0,0.0,99.54629629629632,99.82853223593965,100.0,0.0,99.71563786008232
DYR_ECOLI_Nguyen_2023,fly_best_tested,0,98.59396433470508,0.0,0.0,98.11454046639231,98.59396433470508,0.0,0.0,98.35425240054869,99.93141289437585,100.0,100.0,98.58058984910838,99.93141289437585,100.0,100.0,99.39108367626888
DYR_ECOLI_Nguyen_2023,zs_mm_150M,0,99.38271604938272,100.0,0.0,95.60013717421127,99.38271604938272,100.0,0.0,97.49142661179695,99.89711934156378,100.0,0.0,98.61968449931412,99.89711934156378,100.0,0.0,99.38614540466389
DYR_ECOLI_Nguyen_2023,zs_wt_150M,0,99.38271604938272,100.0,0.0,94.48971193415639,99.89711934156378,100.0,0.0,97.05452674897118,99.89711934156378,100.0,0.0,98.47582304526748,99.96570644718793,100.0,100.0,99.3579561042524
DYR_ECOLI_Nguyen_2023,zs_wt_650M,0,99.89711934156378,100.0,0.0,98.7002743484225,99.89711934156378,100.0,0.0,99.29869684499313,99.89711934156378,100.0,0.0,99.59790809327846,99.89711934156378,100.0,0.0,99.77743484224965
DYR_ECOLI_Nguyen_2023,zs_mm_8M,0,99.82853223593965,100.0,0.0,96.47873799725652,99.82853223593965,100.0,0.0,98.15363511659805,99.82853223593965,100.0,0.0,98.99108367626886,99.86282578875172,100.0,0.0,99.49362139917697
DYR_ECOLI_Nguyen_2023,zs_wt_8M,0,99.82853223593965,100.0,0.0,96.4499314128944,99.82853223593965,100.0,0.0,98.139231824417,99.82853223593965,100.0,0.0,98.98388203017835,99.82853223593965,100.0,0.0,99.49067215363516
DYR_ECOLI_Nguyen_2023,random_search,1,99.62277091906722,100.0,0.0,96.1262002743484,99.62277091906722,100.0,0.0,97.87448559670786,99.62277091906722,100.0,0.0,98.74862825788752,99.82853223593965,100.0,0.0,99.37517146776409
DYR_ECOLI_Nguyen_2023,random_walk,1,98.59396433470508,0.0,0.0,86.20164609053496,99.96570644718793,100.0,100.0,92.57613168724285,99.96570644718793,100.0,100.0,96.27091906721539,99.96570644718793,100.0,100.0,98.4877914951989
DYR_ECOLI_Nguyen_2023,greedy_local,1,99.38271604938272,100.0,0.0,93.6138545953361,99.89711934156378,100.0,0.0,96.56515775034292,99.89711934156378,100.0,0.0,98.23113854595334,100.0,100.0,100.0,99.24286694101507
DYR_ECOLI_Nguyen_2023,regevo,1,98.59396433470508,0.0,0.0,92.96707818930041,99.82853223593965,100.0,0.0,95.92866941015087,99.86282578875172,100.0,0.0,97.89248971193416,100.0,100.0,100.0,99.11796982167353
DYR_ECOLI_Nguyen_2023,gpbo_ei,1,99.82853223593965,100.0,0.0,93.68449931412896,99.82853223593965,100.0,0.0,96.75651577503427,99.82853223593965,100.0,0.0,98.292524005487,100.0,100.0,100.0,99.31015089163238
DYR_ECOLI_Nguyen_2023,adalead_graph,1,99.38271604938272,100.0,0.0,86.02400548696848,99.38271604938272,100.0,0.0,92.70336076817556,99.82853223593965,100.0,0.0,96.18055555555557,100.0,100.0,100.0,98.41941015089164
DYR_ECOLI_Nguyen_2023,fly,1,98.59396433470508,0.0,0.0,82.85939643347051,98.59396433470508,0.0,0.0,90.72668038408777,99.82853223593965,100.0,0.0,94.94170096021949,100.0,100.0,100.0,97.96296296296298
DYR_ECOLI_Nguyen_2023,fly_memory,1,93.86145404663924,0.0,0.0,82.88683127572016,99.62277091906722,100.0,0.0,89.00788751714681,99.62277091906722,100.0,0.0,94.315329218107,100.0,100.0,100.0,97.53415637860084
DYR_ECOLI_Nguyen_2023,fly_best_tested,1,84.43072702331962,0.0,0.0,61.71262002743484,99.96570644718793,100.0,100.0,77.77091906721535,99.96570644718793,100.0,100.0,88.86831275720164,99.96570644718793,100.0,100.0,95.52674897119341
DYR_ECOLI_Nguyen_2023,zs_mm_150M,1,99.38271604938272,100.0,0.0,95.60013717421127,99.38271604938272,100.0,0.0,97.49142661179695,99.89711934156378,100.0,0.0,98.61968449931412,99.89711934156378,100.0,0.0,99.38614540466389
DYR_ECOLI_Nguyen_2023,zs_wt_150M,1,99.38271604938272,100.0,0.0,94.48971193415639,99.89711934156378,100.0,0.0,97.05452674897118,99.89711934156378,100.0,0.0,98.47582304526748,99.96570644718793,100.0,100.0,99.3579561042524
DYR_ECOLI_Nguyen_2023,zs_wt_650M,1,99.89711934156378,100.0,0.0,98.7002743484225,99.89711934156378,100.0,0.0,99.29869684499313,99.89711934156378,100.0,0.0,99.59790809327846,99.89711934156378,100.0,0.0,99.77743484224965
DYR_ECOLI_Nguyen_2023,zs_mm_8M,1,99.82853223593965,100.0,0.0,96.47873799725652,99.82853223593965,100.0,0.0,98.15363511659805,99.82853223593965,100.0,0.0,98.99108367626886,99.86282578875172,100.0,0.0,99.49362139917697
DYR_ECOLI_Nguyen_2023,zs_wt_8M,1,99.82853223593965,100.0,0.0,96.4499314128944,99.82853223593965,100.0,0.0,98.139231824417,99.82853223593965,100.0,0.0,98.98388203017835,99.82853223593965,100.0,0.0,99.49067215363516
DYR_ECOLI_Nguyen_2023,random_search,2,99.62277091906722,100.0,0.0,96.61042524005487,99.62277091906722,100.0,0.0,98.11659807956109,99.62277091906722,100.0,0.0,98.86968449931413,99.93141289437585,100.0,100.0,99.43573388203018
DYR_ECOLI_Nguyen_2023,random_walk,2,96.57064471879286,0.0,0.0,90.66803840877918,99.62277091906722,100.0,0.0,93.86351165980801,99.82853223593965,100.0,0.0,96.7894375857339,99.82853223593965,100.0,0.0,98.61289437585738
DYR_ECOLI_Nguyen_2023,greedy_local,2,98.59396433470508,0.0,0.0,93.93689986282578,98.59396433470508,0.0,0.0,96.26543209876542,98.59396433470508,0.0,0.0,97.42969821673528,99.89711934156378,100.0,0.0,98.84238683127572
DYR_ECOLI_Nguyen_2023,regevo,2,99.82853223593965,100.0,0.0,89.83401920438959,99.82853223593965,100.0,0.0,94.8312757201646,99.89711934156378,100.0,0.0,97.36316872427982,99.89711934156378,100.0,0.0,98.88353909465019
DYR_ECOLI_Nguyen_2023,gpbo_ei,2,98.59396433470508,0.0,0.0,93.32578875171468,99.38271604938272,100.0,0.0,96.23593964334702,100.0,100.0,100.0,97.8309327846365,100.0,100.0,100.0,99.13237311385458
DYR_ECOLI_Nguyen_2023,adalead_graph,2,99.38271604938272,100.0,0.0,91.1008230452675,99.62277091906722,100.0,0.0,95.2729766803841,100.0,100.0,100.0,97.51766117969821,100.0,100.0,100.0,99.00706447187929
DYR_ECOLI_Nguyen_2023,fly,2,96.57064471879286,0.0,0.0,94.50823045267491,98.59396433470508,0.0,0.0,96.55109739368996,98.59396433470508,0.0,0.0,97.57253086419755,99.82853223593965,100.0,0.0,98.90775034293556
DYR_ECOLI_Nguyen_2023,fly_memory,2,96.57064471879286,0.0,0.0,87.9883401920439,98.59396433470508,0.0,0.0,93.23045267489711,98.59396433470508,0.0,0.0,95.91220850480111,100.0,100.0,100.0,98.25987654320988
DYR_ECOLI_Nguyen_2023,fly_best_tested,2,84.43072702331962,0.0,0.0,83.15432098765432,96.57064471879286,0.0,0.0,88.88305898491086,99.89711934156378,100.0,0.0,93.54938271604938,99.89711934156378,100.0,0.0,97.35802469135801
DYR_ECOLI_Nguyen_2023,zs_mm_150M,2,99.38271604938272,100.0,0.0,95.60013717421127,99.38271604938272,100.0,0.0,97.49142661179695,99.89711934156378,100.0,0.0,98.61968449931412,99.89711934156378,100.0,0.0,99.38614540466389
DYR_ECOLI_Nguyen_2023,zs_wt_150M,2,99.38271604938272,100.0,0.0,94.48971193415639,99.89711934156378,100.0,0.0,97.05452674897118,99.89711934156378,100.0,0.0,98.47582304526748,99.96570644718793,100.0,100.0,99.3579561042524
DYR_ECOLI_Nguyen_2023,zs_wt_650M,2,99.89711934156378,100.0,0.0,98.7002743484225,99.89711934156378,100.0,0.0,99.29869684499313,99.89711934156378,100.0,0.0,99.59790809327846,99.89711934156378,100.0,0.0,99.77743484224965
DYR_ECOLI_Nguyen_2023,zs_mm_8M,2,99.82853223593965,100.0,0.0,96.47873799725652,99.82853223593965,100.0,0.0,98.15363511659805,99.82853223593965,100.0,0.0,98.99108367626886,99.86282578875172,100.0,0.0,99.49362139917697
DYR_ECOLI_Nguyen_2023,zs_wt_8M,2,99.82853223593965,100.0,0.0,96.4499314128944,99.82853223593965,100.0,0.0,98.139231824417,99.82853223593965,100.0,0.0,98.98388203017835,99.82853223593965,100.0,0.0,99.49067215363516
DYR_ECOLI_Nguyen_2023,random_search,3,98.59396433470508,0.0,0.0,90.47736625514402,98.59396433470508,0.0,0.0,94.53566529492454,98.59396433470508,0.0,0.0,96.56481481481482,99.82853223593965,100.0,0.0,98.40054869684501
DYR_ECOLI_Nguyen_2023,random_walk,3,90.29492455418381,0.0,0.0,80.47873799725652,99.38271604938272,100.0,0.0,89.5802469135802,100.0,100.0,100.0,94.51234567901233,100.0,100.0,100.0,97.80493827160493
DYR_ECOLI_Nguyen_2023,greedy_local,3,99.38271604938272,100.0,0.0,94.24279835390949,99.62277091906722,100.0,0.0,96.83916323731142,99.93141289437585,100.0,100.0,98.36522633744855,99.93141289437585,100.0,100.0,99.30493827160494
DYR_ECOLI_Nguyen_2023,regevo,3,99.89711934156378,100.0,0.0,94.51920438957477,99.89711934156378,100.0,0.0,97.20816186556927,99.89711934156378,100.0,0.0,98.55264060356653,100.0,100.0,100.0,99.37229080932782
DYR_ECOLI_Nguyen_2023,gpbo_ei,3,99.82853223593965,100.0,0.0,92.67764060356654,99.82853223593965,100.0,0.0,96.25308641975306,99.82853223593965,100.0,0.0,98.04080932784636,100.0,100.0,100.0,99.13710562414269
DYR_ECOLI_Nguyen_2023,adalead_graph,3,99.38271604938272,100.0,0.0,92.53360768175585,99.38271604938272,100.0,0.0,95.95816186556924,99.38271604938272,100.0,0.0,97.67043895747598,100.0,100.0,100.0,99.00233196159124
DYR_ECOLI_Nguyen_2023,fly,3,99.62277091906722,100.0,0.0,97.4389574759945,99.62277091906722,100.0,0.0,98.5308641975309,99.62277091906722,100.0,0.0,99.07681755829904,99.93141289437585,100.0,100.0,99.41550068587107
DYR_ECOLI_Nguyen_2023,fly_memory,3,98.59396433470508,0.0,0.0,96.58024691358023,98.59396433470508,0.0,0.0,97.58710562414267,99.38271604938272,100.0,0.0,98.14574759945131,100.0,100.0,100.0,99.20349794238685
DYR_ECOLI_Nguyen_2023,fly_best_tested,3,93.86145404663924,0.0,0.0,90.08299039780522,96.57064471879286,0.0,0.0,92.51406035665295,99.96570644718793,100.0,100.0,96.10408093278464,99.96570644718793,100.0,100.0,98.42105624142661
DYR_ECOLI_Nguyen_2023,zs_mm_150M,3,99.38271604938272,100.0,0.0,95.60013717421127,99.38271604938272,100.0,0.0,97.49142661179695,99.89711934156378,100.0,0.0,98.61968449931412,99.89711934156378,100.0,0.0,99.38614540466389
DYR_ECOLI_Nguyen_2023,zs_wt_150M,3,99.38271604938272,100.0,0.0,94.48971193415639,99.89711934156378,100.0,0.0,97.05452674897118,99.89711934156378,100.0,0.0,98.47582304526748,99.96570644718793,100.0,100.0,99.3579561042524
DYR_ECOLI_Nguyen_2023,zs_wt_650M,3,99.89711934156378,100.0,0.0,98.7002743484225,99.89711934156378,100.0,0.0,99.29869684499313,99.89711934156378,100.0,0.0,99.59790809327846,99.89711934156378,100.0,0.0,99.77743484224965
DYR_ECOLI_Nguyen_2023,zs_mm_8M,3,99.82853223593965,100.0,0.0,96.47873799725652,99.82853223593965,100.0,0.0,98.15363511659805,99.82853223593965,100.0,0.0,98.99108367626886,99.86282578875172,100.0,0.0,99.49362139917697
DYR_ECOLI_Nguyen_2023,zs_wt_8M,3,99.82853223593965,100.0,0.0,96.4499314128944,99.82853223593965,100.0,0.0,98.139231824417,99.82853223593965,100.0,0.0,98.98388203017835,99.82853223593965,100.0,0.0,99.49067215363516
DYR_ECOLI_Nguyen_2023,random_search,4,98.59396433470508,0.0,0.0,98.59396433470506,99.62277091906722,100.0,0.0,98.82030178326481,99.82853223593965,100.0,0.0,99.23079561042525,99.96570644718793,100.0,100.0,99.66899862825792
DYR_ECOLI_Nguyen_2023,random_walk,4,98.59396433470508,0.0,0.0,75.28943758573389,98.59396433470508,0.0,0.0,86.94170096021949,99.62277091906722,100.0,0.0,93.23491083676272,99.62277091906722,100.0,0.0,97.06762688614542
DYR_ECOLI_Nguyen_2023,greedy_local,4,98.59396433470508,0.0,0.0,85.25788751714677,99.62277091906722,100.0,0.0,92.08024691358031,99.62277091906722,100.0,0.0,95.85150891632375,99.93141289437585,100.0,100.0,98.12908093278465
DYR_ECOLI_Nguyen_2023,regevo,4,99.38271604938272,100.0,0.0,97.51440329218109,99.82853223593965,100.0,0.0,98.50205761316869,100.0,100.0,100.0,99.19015775034293,100.0,100.0,100.0,99.67606310013718
DYR_ECOLI_Nguyen_2023,gpbo_ei,4,98.59396433470508,0.0,0.0,93.340877914952,98.59396433470508,0.0,0.0,95.96742112482855,99.38271604938272,100.0,0.0,97.53309327846365,100.0,100.0,100.0,98.98854595336077
DYR_ECOLI_Nguyen_2023,adalead_graph,4,99.93141289437585,100.0,100.0,93.19478737997257,99.93141289437585,100.0,100.0,96.56310013717419,99.93141289437585,100.0,100.0,98.24725651577505,100.0,100.0,100.0,99.26145404663922
DYR_ECOLI_Nguyen_2023,fly,4,98.59396433470508,0.0,0.0,67.61659807956106,100.0,100.0,100.0,83.63957475994513,100.0,100.0,100.0,91.81978737997257,100.0,100.0,100.0,96.72791495198902
DYR_ECOLI_Nguyen_2023,fly_memory,4,98.59396433470508,0.0,0.0,93.17352537722907,98.59396433470508,0.0,0.0,95.8837448559671,99.93141289437585,100.0,100.0,97.56652949245544,100.0,100.0,100.0,99.01879286694101
DYR_ECOLI_Nguyen_2023,fly_best_tested,4,98.59396433470508,0.0,0.0,80.21056241426614,98.59396433470508,0.0,0.0,89.40226337448561,98.59396433470508,0.0,0.0,93.99811385459536,99.82853223593965,100.0,0.0,97.3906035665295
DYR_ECOLI_Nguyen_2023,zs_mm_150M,4,99.38271604938272,100.0,0.0,95.60013717421127,99.38271604938272,100.0,0.0,97.49142661179695,99.89711934156378,100.0,0.0,98.61968449931412,99.89711934156378,100.0,0.0,99.38614540466389
DYR_ECOLI_Nguyen_2023,zs_wt_150M,4,99.38271604938272,100.0,0.0,94.48971193415639,99.89711934156378,100.0,0.0,97.05452674897118,99.89711934156378,100.0,0.0,98.47582304526748,99.96570644718793,100.0,100.0,99.3579561042524
DYR_ECOLI_Nguyen_2023,zs_wt_650M,4,99.89711934156378,100.0,0.0,98.7002743484225,99.89711934156378,100.0,0.0,99.29869684499313,99.89711934156378,100.0,0.0,99.59790809327846,99.89711934156378,100.0,0.0,99.77743484224965
DYR_ECOLI_Nguyen_2023,zs_mm_8M,4,99.82853223593965,100.0,0.0,96.47873799725652,99.82853223593965,100.0,0.0,98.15363511659805,99.82853223593965,100.0,0.0,98.99108367626886,99.86282578875172,100.0,0.0,99.49362139917697
DYR_ECOLI_Nguyen_2023,zs_wt_8M,4,99.82853223593965,100.0,0.0,96.4499314128944,99.82853223593965,100.0,0.0,98.139231824417,99.82853223593965,100.0,0.0,98.98388203017835,99.82853223593965,100.0,0.0,99.49067215363516
DYR_ECOLI_Nguyen_2023,random_search,5,98.59396433470508,0.0,0.0,93.66323731138546,99.38271604938272,100.0,0.0,96.36522633744855,99.93141289437585,100.0,100.0,98.10956790123457,100.0,100.0,100.0,99.24300411522633
DYR_ECOLI_Nguyen_2023,random_walk,5,98.59396433470508,0.0,0.0,90.10219478737996,98.59396433470508,0.0,0.0,94.34807956104251,99.38271604938272,100.0,0.0,96.67215363511659,99.62277091906722,100.0,0.0,98.3565843621399
DYR_ECOLI_Nguyen_2023,greedy_local,5,99.89711934156378,100.0,0.0,73.76748971193416,99.89711934156378,100.0,0.0,86.83230452674896,99.89711934156378,100.0,0.0,93.36471193415636,99.96570644718793,100.0,100.0,97.29718792866939
DYR_ECOLI_Nguyen_2023,regevo,5,99.89711934156378,100.0,0.0,93.83607681755828,99.89711934156378,100.0,0.0,96.86659807956103,99.89711934156378,100.0,0.0,98.38185871056241,100.0,100.0,100.0,99.30171467764059
DYR_ECOLI_Nguyen_2023,gpbo_ei,5,96.57064471879286,0.0,0.0,84.55692729766804,100.0,100.0,100.0,91.7290809327846,100.0,100.0,100.0,95.86454046639231,100.0,100.0,100.0,98.34581618655693
DYR_ECOLI_Nguyen_2023,adalead_graph,5,98.59396433470508,0.0,0.0,92.43621399176955,98.59396433470508,0.0,0.0,95.51508916323732,100.0,100.0,100.0,97.12482853223595,100.0,100.0,100.0,98.84993141289439
DYR_ECOLI_Nguyen_2023,fly,5,90.29492455418381,0.0,0.0,65.62345679012346,96.57064471879286,0.0,0.0,78.64951989026063,99.38271604938272,100.0,0.0,88.6025377229081,100.0,100.0,100.0,95.20521262002742
DYR_ECOLI_Nguyen_2023,fly_memory,5,98.59396433470508,0.0,0.0,78.201646090535,98.59396433470508,0.0,0.0,88.39780521262003,99.62277091906722,100.0,0.0,93.96913580246914,99.62277091906722,100.0,0.0,97.36131687242799
DYR_ECOLI_Nguyen_2023,fly_best_tested,5,99.38271604938272,100.0,0.0,69.5411522633745,99.82853223593965,100.0,0.0,84.54252400548694,99.82853223593965,100.0,0.0,92.18552812071331,99.82853223593965,100.0,0.0,96.77133058984913
DYR_ECOLI_Nguyen_2023,zs_mm_150M,5,99.38271604938272,100.0,0.0,95.60013717421127,99.38271604938272,100.0,0.0,97.49142661179695,99.89711934156378,100.0,0.0,98.61968449931412,99.89711934156378,100.0,0.0,99.38614540466389
DYR_ECOLI_Nguyen_2023,zs_wt_150M,5,99.38271604938272,100.0,0.0,94.48971193415639,99.89711934156378,100.0,0.0,97.05452674897118,99.89711934156378,100.0,0.0,98.47582304526748,99.96570644718793,100.0,100.0,99.3579561042524
DYR_ECOLI_Nguyen_2023,zs_wt_650M,5,99.89711934156378,100.0,0.0,98.7002743484225,99.89711934156378,100.0,0.0,99.29869684499313,99.89711934156378,100.0,0.0,99.59790809327846,99.89711934156378,100.0,0.0,99.77743484224965
DYR_ECOLI_Nguyen_2023,zs_mm_8M,5,99.82853223593965,100.0,0.0,96.47873799725652,99.82853223593965,100.0,0.0,98.15363511659805,99.82853223593965,100.0,0.0,98.99108367626886,99.86282578875172,100.0,0.0,99.49362139917697
DYR_ECOLI_Nguyen_2023,zs_wt_8M,5,99.82853223593965,100.0,0.0,96.4499314128944,99.82853223593965,100.0,0.0,98.139231824417,99.82853223593965,100.0,0.0,98.98388203017835,99.82853223593965,100.0,0.0,99.49067215363516
DYR_ECOLI_Nguyen_2023,random_search,6,96.57064471879286,0.0,0.0,89.42524005486972,99.38271604938272,100.0,0.0,93.43758573388203,99.62277091906722,100.0,0.0,96.52297668038409,99.62277091906722,100.0,0.0,98.38285322359397
DYR_ECOLI_Nguyen_2023,random_walk,6,96.57064471879286,0.0,0.0,94.28052126200276,99.38271604938272,100.0,0.0,95.79115226337446,99.89711934156378,100.0,0.0,97.66666666666666,99.89711934156378,100.0,0.0,99.00493827160491
DYR_ECOLI_Nguyen_2023,greedy_local,6,99.38271604938272,100.0,0.0,96.69890260631001,99.62277091906722,100.0,0.0,98.11762688614544,99.62277091906722,100.0,0.0,98.87019890260632,99.89711934156378,100.0,0.0,99.43532235939644
DYR_ECOLI_Nguyen_2023,regevo,6,99.82853223593965,100.0,0.0,91.78326474622773,99.93141289437585,100.0,100.0,95.81412894375855,99.93141289437585,100.0,100.0,97.87277091906722,99.93141289437585,100.0,100.0,99.1079561042524
DYR_ECOLI_Nguyen_2023,gpbo_ei,6,99.82853223593965,100.0,0.0,95.56035665294927,99.89711934156378,100.0,0.0,97.710219478738,99.89711934156378,100.0,0.0,98.80366941015089,100.0,100.0,100.0,99.4934842249657
DYR_ECOLI_Nguyen_2023,adalead_graph,6,99.62277091906722,100.0,0.0,95.99314128943759,99.62277091906722,100.0,0.0,97.80795610425244,99.89711934156378,100.0,0.0,98.80041152263374,100.0,100.0,100.0,99.48312757201646
DYR_ECOLI_Nguyen_2023,fly,6,90.29492455418381,0.0,0.0,85.62825788751715,98.59396433470508,0.0,0.0,89.63511659807955,99.82853223593965,100.0,0.0,94.36968449931413,99.89711934156378,100.0,0.0,97.68477366255142
DYR_ECOLI_Nguyen_2023,fly_memory,6,99.38271604938272,100.0,0.0,95.31618655692732,99.38271604938272,100.0,0.0,97.34945130315496,99.89711934156378,100.0,0.0,98.40466392318241,99.89711934156378,100.0,0.0,99.30013717421122
DYR_ECOLI_Nguyen_2023,fly_best_tested,6,99.62277091906722,100.0,0.0,95.15089163237312,99.62277091906722,100.0,0.0,97.38683127572021,99.62277091906722,100.0,0.0,98.5048010973937,100.0,100.0,100.0,99.24046639231825
DYR_ECOLI_Nguyen_2023,zs_mm_150M,6,99.38271604938272,100.0,0.0,95.60013717421127,99.38271604938272,100.0,0.0,97.49142661179695,99.89711934156378,100.0,0.0,98.61968449931412,99.89711934156378,100.0,0.0,99.38614540466389
DYR_ECOLI_Nguyen_2023,zs_wt_150M,6,99.38271604938272,100.0,0.0,94.48971193415639,99.89711934156378,100.0,0.0,97.05452674897118,99.89711934156378,100.0,0.0,98.47582304526748,99.96570644718793,100.0,100.0,99.3579561042524
DYR_ECOLI_Nguyen_2023,zs_wt_650M,6,99.89711934156378,100.0,0.0,98.7002743484225,99.89711934156378,100.0,0.0,99.29869684499313,99.89711934156378,100.0,0.0,99.59790809327846,99.89711934156378,100.0,0.0,99.77743484224965
DYR_ECOLI_Nguyen_2023,zs_mm_8M,6,99.82853223593965,100.0,0.0,96.47873799725652,99.82853223593965,100.0,0.0,98.15363511659805,99.82853223593965,100.0,0.0,98.99108367626886,99.86282578875172,100.0,0.0,99.49362139917697
DYR_ECOLI_Nguyen_2023,zs_wt_8M,6,99.82853223593965,100.0,0.0,96.4499314128944,99.82853223593965,100.0,0.0,98.139231824417,99.82853223593965,100.0,0.0,98.98388203017835,99.82853223593965,100.0,0.0,99.49067215363516
DYR_ECOLI_Nguyen_2023,random_search,7,98.59396433470508,0.0,0.0,96.22770919067216,99.62277091906722,100.0,0.0,97.62688614540471,99.62277091906722,100.0,0.0,98.62482853223595,99.62277091906722,100.0,0.0,99.22359396433473
DYR_ECOLI_Nguyen_2023,random_walk,7,93.86145404663924,0.0,0.0,67.46570644718793,99.89711934156378,100.0,0.0,83.38648834019205,99.89711934156378,100.0,0.0,91.64180384087791,99.89711934156378,100.0,0.0,96.59499314128942
DYR_ECOLI_Nguyen_2023,greedy_local,7,99.38271604938272,100.0,0.0,75.88065843621399,99.38271604938272,100.0,0.0,87.63168724279831,99.96570644718793,100.0,100.0,93.74039780521264,99.96570644718793,100.0,100.0,97.47558299039781
DYR_ECOLI_Nguyen_2023,regevo,7,96.57064471879286,0.0,0.0,90.00480109739372,98.59396433470508,0.0,0.0,94.05658436213992,99.38271604938272,100.0,0.0,96.33710562414268,99.89711934156378,100.0,0.0,98.26838134430727
DYR_ECOLI_Nguyen_2023,gpbo_ei,7,99.82853223593965,100.0,0.0,92.38134430727023,99.82853223593965,100.0,0.0,96.10493827160491,99.82853223593965,100.0,0.0,97.96673525377231,100.0,100.0,100.0,99.15925925925927
DYR_ECOLI_Nguyen_2023,adalead_graph,7,93.86145404663924,0.0,0.0,86.82784636488341,99.82853223593965,100.0,0.0,93.02983539094646,99.82853223593965,100.0,0.0,96.42918381344309,100.0,100.0,100.0,98.53737997256518
DYR_ECOLI_Nguyen_2023,fly,7,99.38271604938272,100.0,0.0,95.18106995884774,99.38271604938272,100.0,0.0,97.28189300411519,99.38271604938272,100.0,0.0,98.33230452674896,99.96570644718793,100.0,100.0,99.2622085048011
DYR_ECOLI_Nguyen_2023,fly_memory,7,98.59396433470508,0.0,0.0,81.17215363511662,98.59396433470508,0.0,0.0,89.88305898491082,99.62277091906722,100.0,0.0,94.74777091906722,99.62277091906722,100.0,0.0,97.67277091906722
DYR_ECOLI_Nguyen_2023,fly_best_tested,7,98.59396433470508,0.0,0.0,94.59053497942386,99.38271604938272,100.0,0.0,96.88408779149519,99.89711934156378,100.0,0.0,98.35459533607681,99.89711934156378,100.0,0.0,99.28010973936898
DYR_ECOLI_Nguyen_2023,zs_mm_150M,7,99.38271604938272,100.0,0.0,95.60013717421127,99.38271604938272,100.0,0.0,97.49142661179695,99.89711934156378,100.0,0.0,98.61968449931412,99.89711934156378,100.0,0.0,99.38614540466389
DYR_ECOLI_Nguyen_2023,zs_wt_150M,7,99.38271604938272,100.0,0.0,94.48971193415639,99.89711934156378,100.0,0.0,97.05452674897118,99.89711934156378,100.0,0.0,98.47582304526748,99.96570644718793,100.0,100.0,99.3579561042524
DYR_ECOLI_Nguyen_2023,zs_wt_650M,7,99.89711934156378,100.0,0.0,98.7002743484225,99.89711934156378,100.0,0.0,99.29869684499313,99.89711934156378,100.0,0.0,99.59790809327846,99.89711934156378,100.0,0.0,99.77743484224965
DYR_ECOLI_Nguyen_2023,zs_mm_8M,7,99.82853223593965,100.0,0.0,96.47873799725652,99.82853223593965,100.0,0.0,98.15363511659805,99.82853223593965,100.0,0.0,98.99108367626886,99.86282578875172,100.0,0.0,99.49362139917697
DYR_ECOLI_Nguyen_2023,zs_wt_8M,7,99.82853223593965,100.0,0.0,96.4499314128944,99.82853223593965,100.0,0.0,98.139231824417,99.82853223593965,100.0,0.0,98.98388203017835,99.82853223593965,100.0,0.0,99.49067215363516
DYR_ECOLI_Nguyen_2023,random_search,8,98.59396433470508,0.0,0.0,93.74897119341564,98.59396433470508,0.0,0.0,96.17146776406037,99.82853223593965,100.0,0.0,97.96913580246915,99.82853223593965,100.0,0.0,99.08477366255147
DYR_ECOLI_Nguyen_2023,random_walk,8,98.59396433470508,0.0,0.0,98.55349794238683,98.59396433470508,0.0,0.0,98.57373113854595,99.38271604938272,100.0,0.0,98.85991083676268,99.38271604938272,100.0,0.0,99.1735939643347
DYR_ECOLI_Nguyen_2023,greedy_local,8,98.59396433470508,0.0,0.0,98.14883401920437,99.38271604938272,100.0,0.0,98.71844993141286,99.82853223593965,100.0,0.0,99.16666666666669,99.93141289437585,100.0,100.0,99.56748971193417
DYR_ECOLI_Nguyen_2023,regevo,8,99.38271604938272,100.0,0.0,97.9766803840878,99.38271604938272,100.0,0.0,98.67969821673519,99.38271604938272,100.0,0.0,99.03120713305896,100.0,100.0,100.0,99.52215363511658
DYR_ECOLI_Nguyen_2023,gpbo_ei,8,99.62277091906722,100.0,0.0,98.98353909465018,99.62277091906722,100.0,0.0,99.30315500685874,99.86282578875172,100.0,0.0,99.56618655692732,99.86282578875172,100.0,0.0,99.74417009602196
DYR_ECOLI_Nguyen_2023,adalead_graph,8,99.38271604938272,100.0,0.0,98.76406035665298,100.0,100.0,100.0,99.36968449931413,100.0,100.0,100.0,99.68484224965707,100.0,100.0,100.0,99.87393689986284
DYR_ECOLI_Nguyen_2023,fly,8,99.38271604938272,100.0,0.0,98.8689986282579,99.38271604938272,100.0,0.0,99.12585733882024,99.89711934156378,100.0,0.0,99.48062414266116,99.96570644718793,100.0,100.0,99.76426611796983
DYR_ECOLI_Nguyen_2023,fly_memory,8,98.59396433470508,0.0,0.0,97.13717421124828,98.59396433470508,0.0,0.0,97.86556927297669,98.59396433470508,0.0,0.0,98.2297668038409,100.0,100.0,100.0,99.03456790123458
DYR_ECOLI_Nguyen_2023,fly_best_tested,8,96.57064471879286,0.0,0.0,96.57064471879288,99.38271604938272,100.0,0.0,97.35459533607681,99.38271604938272,100.0,0.0,98.36865569272977,99.82853223593965,100.0,0.0,99.14471879286694
DYR_ECOLI_Nguyen_2023,zs_mm_150M,8,99.38271604938272,100.0,0.0,95.60013717421127,99.38271604938272,100.0,0.0,97.49142661179695,99.89711934156378,100.0,0.0,98.61968449931412,99.89711934156378,100.0,0.0,99.38614540466389
DYR_ECOLI_Nguyen_2023,zs_wt_150M,8,99.38271604938272,100.0,0.0,94.48971193415639,99.89711934156378,100.0,0.0,97.05452674897118,99.89711934156378,100.0,0.0,98.47582304526748,99.96570644718793,100.0,100.0,99.3579561042524
DYR_ECOLI_Nguyen_2023,zs_wt_650M,8,99.89711934156378,100.0,0.0,98.7002743484225,99.89711934156378,100.0,0.0,99.29869684499313,99.89711934156378,100.0,0.0,99.59790809327846,99.89711934156378,100.0,0.0,99.77743484224965
DYR_ECOLI_Nguyen_2023,zs_mm_8M,8,99.82853223593965,100.0,0.0,96.47873799725652,99.82853223593965,100.0,0.0,98.15363511659805,99.82853223593965,100.0,0.0,98.99108367626886,99.86282578875172,100.0,0.0,99.49362139917697
DYR_ECOLI_Nguyen_2023,zs_wt_8M,8,99.82853223593965,100.0,0.0,96.4499314128944,99.82853223593965,100.0,0.0,98.139231824417,99.82853223593965,100.0,0.0,98.98388203017835,99.82853223593965,100.0,0.0,99.49067215363516
DYR_ECOLI_Nguyen_2023,random_search,9,99.38271604938272,100.0,0.0,95.15843621399179,99.38271604938272,100.0,0.0,97.27057613168719,99.82853223593965,100.0,0.0,98.44255829903977,99.82853223593965,100.0,0.0,99.27414266117971
DYR_ECOLI_Nguyen_2023,random_walk,9,98.59396433470508,0.0,0.0,82.58161865569275,98.59396433470508,0.0,0.0,90.58779149519891,98.59396433470508,0.0,0.0,94.590877914952,100.0,100.0,100.0,97.2658436213992
DYR_ECOLI_Nguyen_2023,greedy_local,9,98.59396433470508,0.0,0.0,87.45198902606309,99.38271604938272,100.0,0.0,93.22016460905348,99.38271604938272,100.0,0.0,96.3014403292181,99.93141289437585,100.0,100.0,98.2278463648834
DYR_ECOLI_Nguyen_2023,regevo,9,99.82853223593965,100.0,0.0,93.52194787379973,99.82853223593965,100.0,0.0,96.67524005486968,100.0,100.0,100.0,98.26731824417011,100.0,100.0,100.0,99.30692729766805
DYR_ECOLI_Nguyen_2023,gpbo_ei,9,96.57064471879286,0.0,0.0,95.33196159122086,98.59396433470508,0.0,0.0,96.72016460905348,99.38271604938272,100.0,0.0,97.77537722908095,99.82853223593965,100.0,0.0,98.98497942386832
DYR_ECOLI_Nguyen_2023,adalead_graph,9,99.62277091906722,100.0,0.0,92.96296296296296,99.93141289437585,100.0,100.0,96.4441015089163,99.93141289437585,100.0,100.0,98.1877572016461,100.0,100.0,100.0,99.26728395061727
DYR_ECOLI_Nguyen_2023,fly,9,98.59396433470508,0.0,0.0,84.81001371742113,98.59396433470508,0.0,0.0,91.70198902606309,99.38271604938272,100.0,0.0,95.36488340192044,100.0,100.0,100.0,98.08813443072702
DYR_ECOLI_Nguyen_2023,fly_memory,9,98.59396433470508,0.0,0.0,75.91495198902606,98.59396433470508,0.0,0.0,87.25445816186557,100.0,100.0,100.0,93.18912894375859,100.0,100.0,100.0,97.27565157750344
DYR_ECOLI_Nguyen_2023,fly_best_tested,9,98.59396433470508,0.0,0.0,91.15020576131687,98.59396433470508,0.0,0.0,94.87208504801097,99.82853223593965,100.0,0.0,97.33830589849109,99.82853223593965,100.0,0.0,98.83244170096025
DYR_ECOLI_Nguyen_2023,zs_mm_150M,9,99.38271604938272,100.0,0.0,95.60013717421127,99.38271604938272,100.0,0.0,97.49142661179695,99.89711934156378,100.0,0.0,98.61968449931412,99.89711934156378,100.0,0.0,99.38614540466389
DYR_ECOLI_Nguyen_2023,zs_wt_150M,9,99.38271604938272,100.0,0.0,94.48971193415639,99.89711934156378,100.0,0.0,97.05452674897118,99.89711934156378,100.0,0.0,98.47582304526748,99.96570644718793,100.0,100.0,99.3579561042524
DYR_ECOLI_Nguyen_2023,zs_wt_650M,9,99.89711934156378,100.0,0.0,98.7002743484225,99.89711934156378,100.0,0.0,99.29869684499313,99.89711934156378,100.0,0.0,99.59790809327846,99.89711934156378,100.0,0.0,99.77743484224965
DYR_ECOLI_Nguyen_2023,zs_mm_8M,9,99.82853223593965,100.0,0.0,96.47873799725652,99.82853223593965,100.0,0.0,98.15363511659805,99.82853223593965,100.0,0.0,98.99108367626886,99.86282578875172,100.0,0.0,99.49362139917697
DYR_ECOLI_Nguyen_2023,zs_wt_8M,9,99.82853223593965,100.0,0.0,96.4499314128944,99.82853223593965,100.0,0.0,98.139231824417,99.82853223593965,100.0,0.0,98.98388203017835,99.82853223593965,100.0,0.0,99.49067215363516
DYR_ECOLI_Nguyen_2023,random_search,10,99.38271604938272,100.0,0.0,93.16255144032922,99.38271604938272,100.0,0.0,96.27263374485592,99.38271604938272,100.0,0.0,97.82767489711932,99.82853223593965,100.0,0.0,98.99698216735254
DYR_ECOLI_Nguyen_2023,random_walk,10,90.29492455418381,0.0,0.0,76.559670781893,98.59396433470508,0.0,0.0,87.17249657064471,99.38271604938272,100.0,0.0,93.27366255144032,100.0,100.0,100.0,97.08422496570644
DYR_ECOLI_Nguyen_2023,greedy_local,10,99.62277091906722,100.0,0.0,85.01028806584361,99.62277091906722,100.0,0.0,92.31652949245544,99.93141289437585,100.0,100.0,96.12397119341564,99.96570644718793,100.0,100.0,98.41165980795611
DYR_ECOLI_Nguyen_2023,regevo,10,98.59396433470508,0.0,0.0,91.56447187928669,99.89711934156378,100.0,0.0,95.47873799725649,99.89711934156378,100.0,0.0,97.68792866941014,100.0,100.0,100.0,99.03484224965705
DYR_ECOLI_Nguyen_2023,gpbo_ei,10,93.86145404663924,0.0,0.0,90.10562414266118,98.59396433470508,0.0,0.0,93.2139917695473,99.82853223593965,100.0,0.0,96.38545953360769,100.0,100.0,100.0,98.48834019204392
DYR_ECOLI_Nguyen_2023,adalead_graph,10,99.89711934156378,100.0,0.0,97.46570644718791,100.0,100.0,100.0,98.7287379972565,100.0,100.0,100.0,99.36436899862825,100.0,100.0,100.0,99.7457475994513
DYR_ECOLI_Nguyen_2023,fly,10,93.86145404663924,0.0,0.0,88.81824417009604,99.86282578875172,100.0,0.0,92.00000000000001,99.86282578875172,100.0,0.0,95.93141289437587,99.89711934156378,100.0,0.0,98.3019890260631
DYR_ECOLI_Nguyen_2023,fly_memory,10,99.38271604938272,100.0,0.0,93.64197530864199,99.38271604938272,100.0,0.0,96.5123456790123,99.38271604938272,100.0,0.0,97.9475308641975,100.0,100.0,100.0,99.05740740740741
DYR_ECOLI_Nguyen_2023,fly_best_tested,10,99.62277091906722,100.0,0.0,93.84567901234568,99.62277091906722,100.0,0.0,96.73422496570649,99.62277091906722,100.0,0.0,98.17849794238684,99.96570644718793,100.0,100.0,99.1911522633745
DYR_ECOLI_Nguyen_2023,zs_mm_150M,10,99.38271604938272,100.0,0.0,95.60013717421127,99.38271604938272,100.0,0.0,97.49142661179695,99.89711934156378,100.0,0.0,98.61968449931412,99.89711934156378,100.0,0.0,99.38614540466389
DYR_ECOLI_Nguyen_2023,zs_wt_150M,10,99.38271604938272,100.0,0.0,94.48971193415639,99.89711934156378,100.0,0.0,97.05452674897118,99.89711934156378,100.0,0.0,98.47582304526748,99.96570644718793,100.0,100.0,99.3579561042524
DYR_ECOLI_Nguyen_2023,zs_wt_650M,10,99.89711934156378,100.0,0.0,98.7002743484225,99.89711934156378,100.0,0.0,99.29869684499313,99.89711934156378,100.0,0.0,99.59790809327846,99.89711934156378,100.0,0.0,99.77743484224965
DYR_ECOLI_Nguyen_2023,zs_mm_8M,10,99.82853223593965,100.0,0.0,96.47873799725652,99.82853223593965,100.0,0.0,98.15363511659805,99.82853223593965,100.0,0.0,98.99108367626886,99.86282578875172,100.0,0.0,99.49362139917697
DYR_ECOLI_Nguyen_2023,zs_wt_8M,10,99.82853223593965,100.0,0.0,96.4499314128944,99.82853223593965,100.0,0.0,98.139231824417,99.82853223593965,100.0,0.0,98.98388203017835,99.82853223593965,100.0,0.0,99.49067215363516
DYR_ECOLI_Nguyen_2023,random_search,11,98.59396433470508,0.0,0.0,95.87311385459532,99.38271604938272,100.0,0.0,97.32030178326472,99.62277091906722,100.0,0.0,98.46793552812072,100.0,100.0,100.0,99.35925925925928
DYR_ECOLI_Nguyen_2023,random_walk,11,98.59396433470508,0.0,0.0,93.53017832647461,99.38271604938272,100.0,0.0,96.14883401920437,99.38271604938272,100.0,0.0,97.76577503429354,99.93141289437585,100.0,100.0,99.00727023319617
DYR_ECOLI_Nguyen_2023,greedy_local,11,98.59396433470508,0.0,0.0,90.49108367626886,99.38271604938272,100.0,0.0,94.76337448559669,99.89711934156378,100.0,0.0,97.11419753086419,99.89711934156378,100.0,0.0,98.78395061728394
DYR_ECOLI_Nguyen_2023,regevo,11,98.59396433470508,0.0,0.0,85.74074074074073,98.59396433470508,0.0,0.0,92.1673525377229,99.89711934156378,100.0,0.0,95.52400548696845,99.89711934156378,100.0,0.0,98.14787379972564
DYR_ECOLI_Nguyen_2023,gpbo_ei,11,98.59396433470508,0.0,0.0,91.639231824417,98.59396433470508,0.0,0.0,95.11659807956104,99.96570644718793,100.0,100.0,97.1090534979424,99.96570644718793,100.0,100.0,98.82304526748972
DYR_ECOLI_Nguyen_2023,adalead_graph,11,99.38271604938272,100.0,0.0,95.01577503429358,99.62277091906722,100.0,0.0,97.24725651577506,100.0,100.0,100.0,98.59327846364882,100.0,100.0,100.0,99.43731138545954
DYR_ECOLI_Nguyen_2023,fly,11,99.62277091906722,100.0,0.0,96.68381344307268,99.62277091906722,100.0,0.0,98.15329218106999,99.62277091906722,100.0,0.0,98.88803155006859,99.62277091906722,100.0,0.0,99.32887517146777
DYR_ECOLI_Nguyen_2023,fly_memory,11,98.59396433470508,0.0,0.0,93.08641975308642,98.59396433470508,0.0,0.0,95.84019204389575,98.59396433470508,0.0,0.0,97.21707818930042,99.82853223593965,100.0,0.0,98.58100137174213
DYR_ECOLI_Nguyen_2023,fly_best_tested,11,99.82853223593965,100.0,0.0,93.15980795610427,99.82853223593965,100.0,0.0,96.49417009602193,99.82853223593965,100.0,0.0,98.16135116598082,99.82853223593965,100.0,0.0,99.16165980795614
DYR_ECOLI_Nguyen_2023,zs_mm_150M,11,99.38271604938272,100.0,0.0,95.60013717421127,99.38271604938272,100.0,0.0,97.49142661179695,99.89711934156378,100.0,0.0,98.61968449931412,99.89711934156378,100.0,0.0,99.38614540466389
DYR_ECOLI_Nguyen_2023,zs_wt_150M,11,99.38271604938272,100.0,0.0,94.48971193415639,99.89711934156378,100.0,0.0,97.05452674897118,99.89711934156378,100.0,0.0,98.47582304526748,99.96570644718793,100.0,100.0,99.3579561042524
DYR_ECOLI_Nguyen_2023,zs_wt_650M,11,99.89711934156378,100.0,0.0,98.7002743484225,99.89711934156378,100.0,0.0,99.29869684499313,99.89711934156378,100.0,0.0,99.59790809327846,99.89711934156378,100.0,0.0,99.77743484224965
DYR_ECOLI_Nguyen_2023,zs_mm_8M,11,99.82853223593965,100.0,0.0,96.47873799725652,99.82853223593965,100.0,0.0,98.15363511659805,99.82853223593965,100.0,0.0,98.99108367626886,99.86282578875172,100.0,0.0,99.49362139917697
DYR_ECOLI_Nguyen_2023,zs_wt_8M,11,99.82853223593965,100.0,0.0,96.4499314128944,99.82853223593965,100.0,0.0,98.139231824417,99.82853223593965,100.0,0.0,98.98388203017835,99.82853223593965,100.0,0.0,99.49067215363516
DYR_ECOLI_Nguyen_2023,random_search,12,99.96570644718793,100.0,100.0,99.08230452674896,99.96570644718793,100.0,100.0,99.52400548696848,99.96570644718793,100.0,100.0,99.74485596707818,99.96570644718793,100.0,100.0,99.87736625514404
DYR_ECOLI_Nguyen_2023,random_walk,12,98.59396433470508,0.0,0.0,98.31069958847736,98.59396433470508,0.0,0.0,98.45233196159123,99.62277091906722,100.0,0.0,98.85751028806585,99.82853223593965,100.0,0.0,99.3224279835391
DYR_ECOLI_Nguyen_2023,greedy_local,12,98.59396433470508,0.0,0.0,98.14883401920439,98.59396433470508,0.0,0.0,98.37139917695472,99.89711934156378,100.0,0.0,98.83453360768175,99.89711934156378,100.0,0.0,99.47208504801095
DYR_ECOLI_Nguyen_2023,regevo,12,99.38271604938272,100.0,0.0,97.3305898491084,99.38271604938272,100.0,0.0,98.35665294924551,99.38271604938272,100.0,0.0,98.86968449931412,99.62277091906722,100.0,0.0,99.2000685871056
DYR_ECOLI_Nguyen_2023,gpbo_ei,12,93.86145404663924,0.0,0.0,91.78669410150894,99.86282578875172,100.0,0.0,95.19547325102882,99.86282578875172,100.0,0.0,97.52914951989027,100.0,100.0,100.0,99.00809327846363
DYR_ECOLI_Nguyen_2023,adalead_graph,12,98.59396433470508,0.0,0.0,98.02743484224965,98.59396433470508,0.0,0.0,98.31069958847736,100.0,100.0,100.0,99.10631001371743,100.0,100.0,100.0,99.64252400548698
DYR_ECOLI_Nguyen_2023,fly,12,98.59396433470508,0.0,0.0,97.56790123456791,99.38271604938272,100.0,0.0,98.19135802469134,99.38271604938272,100.0,0.0,98.78703703703704,99.38271604938272,100.0,0.0,99.14444444444443
DYR_ECOLI_Nguyen_2023,fly_memory,12,98.59396433470508,0.0,0.0,98.18930041152264,99.38271604938272,100.0,0.0,98.73079561042522,99.38271604938272,100.0,0.0,99.05675582990396,99.96570644718793,100.0,100.0,99.54554183813443
DYR_ECOLI_Nguyen_2023,fly_best_tested,12,98.59396433470508,0.0,0.0,94.74759945130315,98.59396433470508,0.0,0.0,96.67078189300413,99.62277091906722,100.0,0.0,98.002743484225,99.62277091906722,100.0,0.0,98.97475994513033
DYR_ECOLI_Nguyen_2023,zs_mm_150M,12,99.38271604938272,100.0,0.0,95.60013717421127,99.38271604938272,100.0,0.0,97.49142661179695,99.89711934156378,100.0,0.0,98.61968449931412,99.89711934156378,100.0,0.0,99.38614540466389
DYR_ECOLI_Nguyen_2023,zs_wt_150M,12,99.38271604938272,100.0,0.0,94.48971193415639,99.89711934156378,100.0,0.0,97.05452674897118,99.89711934156378,100.0,0.0,98.47582304526748,99.96570644718793,100.0,100.0,99.3579561042524
DYR_ECOLI_Nguyen_2023,zs_wt_650M,12,99.89711934156378,100.0,0.0,98.7002743484225,99.89711934156378,100.0,0.0,99.29869684499313,99.89711934156378,100.0,0.0,99.59790809327846,99.89711934156378,100.0,0.0,99.77743484224965
DYR_ECOLI_Nguyen_2023,zs_mm_8M,12,99.82853223593965,100.0,0.0,96.47873799725652,99.82853223593965,100.0,0.0,98.15363511659805,99.82853223593965,100.0,0.0,98.99108367626886,99.86282578875172,100.0,0.0,99.49362139917697
DYR_ECOLI_Nguyen_2023,zs_wt_8M,12,99.82853223593965,100.0,0.0,96.4499314128944,99.82853223593965,100.0,0.0,98.139231824417,99.82853223593965,100.0,0.0,98.98388203017835,99.82853223593965,100.0,0.0,99.49067215363516
DYR_ECOLI_Nguyen_2023,random_search,13,99.62277091906722,100.0,0.0,93.18381344307271,99.62277091906722,100.0,0.0,96.40329218106999,99.62277091906722,100.0,0.0,98.01303155006859,99.96570644718793,100.0,100.0,99.07956104252402
DYR_ECOLI_Nguyen_2023,random_walk,13,93.86145404663924,0.0,0.0,90.33196159122086,98.59396433470508,0.0,0.0,93.56378600823042,99.38271604938272,100.0,0.0,96.15775034293553,99.96570644718793,100.0,100.0,98.25363511659808
DYR_ECOLI_Nguyen_2023,greedy_local,13,100.0,100.0,100.0,96.08024691358025,100.0,100.0,100.0,98.04012345679013,100.0,100.0,100.0,99.02006172839506,100.0,100.0,100.0,99.60802469135804
DYR_ECOLI_Nguyen_2023,regevo,13,93.86145404663924,0.0,0.0,91.6159122085048,98.59396433470508,0.0,0.0,93.90157750342932,100.0,100.0,100.0,96.76097393689986,100.0,100.0,100.0,98.70438957475994
DYR_ECOLI_Nguyen_2023,gpbo_ei,13,99.62277091906722,100.0,0.0,95.57818930041151,99.62277091906722,100.0,0.0,97.60048010973941,99.62277091906722,100.0,0.0,98.6116255144033,100.0,100.0,100.0,99.39862825788752
DYR_ECOLI_Nguyen_2023,adalead_graph,13,99.96570644718793,100.0,100.0,98.34705075445814,99.96570644718793,100.0,100.0,99.15637860082307,99.96570644718793,100.0,100.0,99.5610425240055,99.96570644718793,100.0,100.0,99.80384087791498
DYR_ECOLI_Nguyen_2023,fly,13,100.0,100.0,100.0,96.08916323731138,100.0,100.0,100.0,98.04458161865568,100.0,100.0,100.0,99.02229080932784,100.0,100.0,100.0,99.60891632373112
DYR_ECOLI_Nguyen_2023,fly_memory,13,99.38271604938272,100.0,0.0,97.37654320987654,99.62277091906722,100.0,0.0,98.46364883401924,99.62277091906722,100.0,0.0,99.04320987654323,99.93141289437585,100.0,100.0,99.51687242798356
DYR_ECOLI_Nguyen_2023,fly_best_tested,13,96.57064471879286,0.0,0.0,93.5507544581619,96.57064471879286,0.0,0.0,95.0606995884774,99.93141289437585,100.0,100.0,97.26080246913581,99.93141289437585,100.0,100.0,98.86316872427984
DYR_ECOLI_Nguyen_2023,zs_mm_150M,13,99.38271604938272,100.0,0.0,95.60013717421127,99.38271604938272,100.0,0.0,97.49142661179695,99.89711934156378,100.0,0.0,98.61968449931412,99.89711934156378,100.0,0.0,99.38614540466389
DYR_ECOLI_Nguyen_2023,zs_wt_150M,13,99.38271604938272,100.0,0.0,94.48971193415639,99.89711934156378,100.0,0.0,97.05452674897118,99.89711934156378,100.0,0.0,98.47582304526748,99.96570644718793,100.0,100.0,99.3579561042524
DYR_ECOLI_Nguyen_2023,zs_wt_650M,13,99.89711934156378,100.0,0.0,98.7002743484225,99.89711934156378,100.0,0.0,99.29869684499313,99.89711934156378,100.0,0.0,99.59790809327846,99.89711934156378,100.0,0.0,99.77743484224965
DYR_ECOLI_Nguyen_2023,zs_mm_8M,13,99.82853223593965,100.0,0.0,96.47873799725652,99.82853223593965,100.0,0.0,98.15363511659805,99.82853223593965,100.0,0.0,98.99108367626886,99.86282578875172,100.0,0.0,99.49362139917697
DYR_ECOLI_Nguyen_2023,zs_wt_8M,13,99.82853223593965,100.0,0.0,96.4499314128944,99.82853223593965,100.0,0.0,98.139231824417,99.82853223593965,100.0,0.0,98.98388203017835,99.82853223593965,100.0,0.0,99.49067215363516
DYR_ECOLI_Nguyen_2023,random_search,14,96.57064471879286,0.0,0.0,96.57064471879288,100.0,100.0,100.0,98.14814814814814,100.0,100.0,100.0,99.07407407407408,100.0,100.0,100.0,99.62962962962963
DYR_ECOLI_Nguyen_2023,random_walk,14,99.38271604938272,100.0,0.0,96.79012345679013,99.38271604938272,100.0,0.0,98.08641975308637,99.38271604938272,100.0,0.0,98.73456790123456,99.96570644718793,100.0,100.0,99.27640603566529
DYR_ECOLI_Nguyen_2023,greedy_local,14,98.59396433470508,0.0,0.0,89.6262002743484,99.82853223593965,100.0,0.0,94.67318244170092,99.82853223593965,100.0,0.0,97.25085733882031,99.89711934156378,100.0,0.0,98.80404663923184
DYR_ECOLI_Nguyen_2023,regevo,14,99.93141289437585,100.0,100.0,97.77640603566532,99.93141289437585,100.0,100.0,98.85390946502055,100.0,100.0,100.0,99.4173525377229,100.0,100.0,100.0,99.76694101508916
DYR_ECOLI_Nguyen_2023,gpbo_ei,14,99.86282578875172,100.0,0.0,95.89094650205763,99.86282578875172,100.0,0.0,97.87688614540468,99.96570644718793,100.0,100.0,98.92129629629629,100.0,100.0,100.0,99.54979423868315
DYR_ECOLI_Nguyen_2023,adalead_graph,14,99.96570644718793,100.0,100.0,94.88203017832646,99.96570644718793,100.0,100.0,97.42386831275722,99.96570644718793,100.0,100.0,98.69478737997257,100.0,100.0,100.0,99.47037037037038
DYR_ECOLI_Nguyen_2023,fly,14,98.59396433470508,0.0,0.0,93.42249657064473,99.38271604938272,100.0,0.0,96.01611796982168,99.38271604938272,100.0,0.0,97.6994170096022,99.62277091906722,100.0,0.0,98.83854595336076
DYR_ECOLI_Nguyen_2023,fly_memory,14,99.38271604938272,100.0,0.0,92.59945130315502,99.38271604938272,100.0,0.0,95.99108367626883,99.93141289437585,100.0,100.0,97.87808641975309,99.93141289437585,100.0,100.0,99.11008230452674
DYR_ECOLI_Nguyen_2023,fly_best_tested,14,98.59396433470508,0.0,0.0,91.58230452674896,99.38271604938272,100.0,0.0,95.48251028806581,99.38271604938272,100.0,0.0,97.43261316872427,100.0,100.0,100.0,98.65802469135801
DYR_ECOLI_Nguyen_2023,zs_mm_150M,14,99.38271604938272,100.0,0.0,95.60013717421127,99.38271604938272,100.0,0.0,97.49142661179695,99.89711934156378,100.0,0.0,98.61968449931412,99.89711934156378,100.0,0.0,99.38614540466389
DYR_ECOLI_Nguyen_2023,zs_wt_150M,14,99.38271604938272,100.0,0.0,94.48971193415639,99.89711934156378,100.0,0.0,97.05452674897118,99.89711934156378,100.0,0.0,98.47582304526748,99.96570644718793,100.0,100.0,99.3579561042524
DYR_ECOLI_Nguyen_2023,zs_wt_650M,14,99.89711934156378,100.0,0.0,98.7002743484225,99.89711934156378,100.0,0.0,99.29869684499313,99.89711934156378,100.0,0.0,99.59790809327846,99.89711934156378,100.0,0.0,99.77743484224965
DYR_ECOLI_Nguyen_2023,zs_mm_8M,14,99.82853223593965,100.0,0.0,96.47873799725652,99.82853223593965,100.0,0.0,98.15363511659805,99.82853223593965,100.0,0.0,98.99108367626886,99.86282578875172,100.0,0.0,99.49362139917697
DYR_ECOLI_Nguyen_2023,zs_wt_8M,14,99.82853223593965,100.0,0.0,96.4499314128944,99.82853223593965,100.0,0.0,98.139231824417,99.82853223593965,100.0,0.0,98.98388203017835,99.82853223593965,100.0,0.0,99.49067215363516
DYR_ECOLI_Nguyen_2023,random_search,15,98.59396433470508,0.0,0.0,91.27229080932784,99.86282578875172,100.0,0.0,94.98388203017835,99.93141289437585,100.0,100.0,97.45524691358025,99.93141289437585,100.0,100.0,98.94094650205761
DYR_ECOLI_Nguyen_2023,random_walk,15,98.59396433470508,0.0,0.0,96.29766803840877,99.62277091906722,100.0,0.0,97.75445816186563,99.86282578875172,100.0,0.0,98.71742112482855,99.86282578875172,100.0,0.0,99.40466392318245
DYR_ECOLI_Nguyen_2023,greedy_local,15,99.82853223593965,100.0,0.0,97.13031550068587,99.82853223593965,100.0,0.0,98.47942386831274,99.82853223593965,100.0,0.0,99.15397805212622,99.93141289437585,100.0,100.0,99.61611796982169
DYR_ECOLI_Nguyen_2023,regevo,15,99.38271604938272,100.0,0.0,95.74965706447189,99.38271604938272,100.0,0.0,97.56618655692726,99.38271604938272,100.0,0.0,98.474451303155,99.89711934156378,100.0,0.0,99.1443758573388
DYR_ECOLI_Nguyen_2023,gpbo_ei,15,99.82853223593965,100.0,0.0,88.8326474622771,99.82853223593965,100.0,0.0,94.33058984910835,99.82853223593965,100.0,0.0,97.07956104252402,99.82853223593965,100.0,0.0,98.72894375857341
DYR_ECOLI_Nguyen_2023,adalead_graph,15,98.59396433470508,0.0,0.0,91.10768175582989,98.59396433470508,0.0,0.0,94.8508230452675,99.93141289437585,100.0,100.0,97.07921810699591,100.0,100.0,100.0,98.79698216735254
DYR_ECOLI_Nguyen_2023,fly,15,99.82853223593965,100.0,0.0,98.08984910836763,99.82853223593965,100.0,0.0,98.9591906721536,99.89711934156378,100.0,0.0,99.41169410150891,100.0,100.0,100.0,99.71639231824415
DYR_ECOLI_Nguyen_2023,fly_memory,15,93.86145404663924,0.0,0.0,92.30727023319618,99.38271604938272,100.0,0.0,93.33230452674894,100.0,100.0,100.0,96.40689300411523,100.0,100.0,100.0,98.5627572016461
DYR_ECOLI_Nguyen_2023,fly_best_tested,15,98.59396433470508,0.0,0.0,87.56927297668037,99.62277091906722,100.0,0.0,93.49862825788756,99.62277091906722,100.0,0.0,96.56069958847736,100.0,100.0,100.0,98.59629629629629
DYR_ECOLI_Nguyen_2023,zs_mm_150M,15,99.38271604938272,100.0,0.0,95.60013717421127,99.38271604938272,100.0,0.0,97.49142661179695,99.89711934156378,100.0,0.0,98.61968449931412,99.89711934156378,100.0,0.0,99.38614540466389
DYR_ECOLI_Nguyen_2023,zs_wt_150M,15,99.38271604938272,100.0,0.0,94.48971193415639,99.89711934156378,100.0,0.0,97.05452674897118,99.89711934156378,100.0,0.0,98.47582304526748,99.96570644718793,100.0,100.0,99.3579561042524
DYR_ECOLI_Nguyen_2023,zs_wt_650M,15,99.89711934156378,100.0,0.0,98.7002743484225,99.89711934156378,100.0,0.0,99.29869684499313,99.89711934156378,100.0,0.0,99.59790809327846,99.89711934156378,100.0,0.0,99.77743484224965
DYR_ECOLI_Nguyen_2023,zs_mm_8M,15,99.82853223593965,100.0,0.0,96.47873799725652,99.82853223593965,100.0,0.0,98.15363511659805,99.82853223593965,100.0,0.0,98.99108367626886,99.86282578875172,100.0,0.0,99.49362139917697
DYR_ECOLI_Nguyen_2023,zs_wt_8M,15,99.82853223593965,100.0,0.0,96.4499314128944,99.82853223593965,100.0,0.0,98.139231824417,99.82853223593965,100.0,0.0,98.98388203017835,99.82853223593965,100.0,0.0,99.49067215363516
DYR_ECOLI_Nguyen_2023,random_search,16,99.38271604938272,100.0,0.0,94.6604938271605,99.38271604938272,100.0,0.0,97.02160493827158,99.96570644718793,100.0,100.0,98.25754458161866,99.96570644718793,100.0,100.0,99.28244170096022
DYR_ECOLI_Nguyen_2023,random_walk,16,96.57064471879286,0.0,0.0,92.93964334705075,99.62277091906722,100.0,0.0,95.78566529492458,99.62277091906722,100.0,0.0,97.70421810699588,100.0,100.0,100.0,98.89759945130317
DYR_ECOLI_Nguyen_2023,greedy_local,16,99.38271604938272,100.0,0.0,98.23045267489714,99.38271604938272,100.0,0.0,98.80658436213987,99.38271604938272,100.0,0.0,99.0946502057613,100.0,100.0,100.0,99.56008230452673
DYR_ECOLI_Nguyen_2023,regevo,16,99.82853223593965,100.0,0.0,98.56378600823047,99.82853223593965,100.0,0.0,99.19615912208502,99.89711934156378,100.0,0.0,99.51783264746227,99.89711934156378,100.0,0.0,99.74540466392317
DYR_ECOLI_Nguyen_2023,gpbo_ei,16,98.59396433470508,0.0,0.0,96.92249657064471,99.38271604938272,100.0,0.0,98.1210562414266,99.38271604938272,100.0,0.0,98.75188614540465,99.82853223593965,100.0,0.0,99.25144032921811
DYR_ECOLI_Nguyen_2023,adalead_graph,16,99.38271604938272,100.0,0.0,96.32167352537725,99.38271604938272,100.0,0.0,97.85219478737991,99.93141289437585,100.0,100.0,98.80812757201646,100.0,100.0,100.0,99.51145404663923
DYR_ECOLI_Nguyen_2023,fly,16,98.59396433470508,0.0,0.0,95.39780521262004,98.59396433470508,0.0,0.0,96.99588477366255,100.0,100.0,100.0,97.86522633744856,100.0,100.0,100.0,99.14609053497944
DYR_ECOLI_Nguyen_2023,fly_memory,16,100.0,100.0,100.0,97.64814814814814,100.0,100.0,100.0,98.82407407407409,100.0,100.0,100.0,99.41203703703704,100.0,100.0,100.0,99.76481481481481
DYR_ECOLI_Nguyen_2023,fly_best_tested,16,90.29492455418381,0.0,0.0,90.29492455418382,98.59396433470508,0.0,0.0,92.26646090534977,99.38271604938272,100.0,0.0,95.4775377229081,100.0,100.0,100.0,97.96508916323731
DYR_ECOLI_Nguyen_2023,zs_mm_150M,16,99.38271604938272,100.0,0.0,95.60013717421127,99.38271604938272,100.0,0.0,97.49142661179695,99.89711934156378,100.0,0.0,98.61968449931412,99.89711934156378,100.0,0.0,99.38614540466389
DYR_ECOLI_Nguyen_2023,zs_wt_150M,16,99.38271604938272,100.0,0.0,94.48971193415639,99.89711934156378,100.0,0.0,97.05452674897118,99.89711934156378,100.0,0.0,98.47582304526748,99.96570644718793,100.0,100.0,99.3579561042524
DYR_ECOLI_Nguyen_2023,zs_wt_650M,16,99.89711934156378,100.0,0.0,98.7002743484225,99.89711934156378,100.0,0.0,99.29869684499313,99.89711934156378,100.0,0.0,99.59790809327846,99.89711934156378,100.0,0.0,99.77743484224965
DYR_ECOLI_Nguyen_2023,zs_mm_8M,16,99.82853223593965,100.0,0.0,96.47873799725652,99.82853223593965,100.0,0.0,98.15363511659805,99.82853223593965,100.0,0.0,98.99108367626886,99.86282578875172,100.0,0.0,99.49362139917697
DYR_ECOLI_Nguyen_2023,zs_wt_8M,16,99.82853223593965,100.0,0.0,96.4499314128944,99.82853223593965,100.0,0.0,98.139231824417,99.82853223593965,100.0,0.0,98.98388203017835,99.82853223593965,100.0,0.0,99.49067215363516
DYR_ECOLI_Nguyen_2023,random_search,17,96.57064471879286,0.0,0.0,94.98010973936904,98.59396433470508,0.0,0.0,95.8360768175583,99.82853223593965,100.0,0.0,97.44958847736626,99.82853223593965,100.0,0.0,98.87695473251031
DYR_ECOLI_Nguyen_2023,random_walk,17,93.86145404663924,0.0,0.0,91.93621399176956,93.86145404663924,0.0,0.0,92.89883401920437,99.38271604938272,100.0,0.0,95.63991769547324,99.96570644718793,100.0,100.0,98.0707133058985
DYR_ECOLI_Nguyen_2023,greedy_local,17,99.38271604938272,100.0,0.0,97.2894375857339,99.89711934156378,100.0,0.0,98.51097393689986,99.89711934156378,100.0,0.0,99.20404663923182,99.93141289437585,100.0,100.0,99.62400548696844
DYR_ECOLI_Nguyen_2023,regevo,17,99.86282578875172,100.0,0.0,97.22770919067217,99.86282578875172,100.0,0.0,98.54526748971195,99.86282578875172,100.0,0.0,99.20404663923182,99.86282578875172,100.0,0.0,99.59931412894376
DYR_ECOLI_Nguyen_2023,gpbo_ei,17,90.29492455418381,0.0,0.0,83.99519890260632,93.86145404663924,0.0,0.0,87.3233882030178,99.38271604938272,100.0,0.0,93.29783950617282,99.82853223593965,100.0,0.0,97.1689986282579
DYR_ECOLI_Nguyen_2023,adalead_graph,17,100.0,100.0,100.0,95.9074074074074,100.0,100.0,100.0,97.95370370370371,100.0,100.0,100.0,98.97685185185186,100.0,100.0,100.0,99.59074074074074
DYR_ECOLI_Nguyen_2023,fly,17,93.86145404663924,0.0,0.0,93.25651577503432,98.59396433470508,0.0,0.0,95.68861454046638,98.59396433470508,0.0,0.0,97.14128943758573,99.82853223593965,100.0,0.0,98.56899862825789
DYR_ECOLI_Nguyen_2023,fly_memory,17,98.59396433470508,0.0,0.0,95.87791495198903,99.38271604938272,100.0,0.0,97.6145404663923,99.38271604938272,100.0,0.0,98.4986282578875,100.0,100.0,100.0,99.19451303155004
DYR_ECOLI_Nguyen_2023,fly_best_tested,17,99.38271604938272,100.0,0.0,93.21262002743487,99.38271604938272,100.0,0.0,96.29766803840874,99.93141289437585,100.0,100.0,97.99571330589848,99.93141289437585,100.0,100.0,99.15713305898491
DYR_ECOLI_Nguyen_2023,zs_mm_150M,17,99.38271604938272,100.0,0.0,95.60013717421127,99.38271604938272,100.0,0.0,97.49142661179695,99.89711934156378,100.0,0.0,98.61968449931412,99.89711934156378,100.0,0.0,99.38614540466389
DYR_ECOLI_Nguyen_2023,zs_wt_150M,17,99.38271604938272,100.0,0.0,94.48971193415639,99.89711934156378,100.0,0.0,97.05452674897118,99.89711934156378,100.0,0.0,98.47582304526748,99.96570644718793,100.0,100.0,99.3579561042524
DYR_ECOLI_Nguyen_2023,zs_wt_650M,17,99.89711934156378,100.0,0.0,98.7002743484225,99.89711934156378,100.0,0.0,99.29869684499313,99.89711934156378,100.0,0.0,99.59790809327846,99.89711934156378,100.0,0.0,99.77743484224965
DYR_ECOLI_Nguyen_2023,zs_mm_8M,17,99.82853223593965,100.0,0.0,96.47873799725652,99.82853223593965,100.0,0.0,98.15363511659805,99.82853223593965,100.0,0.0,98.99108367626886,99.86282578875172,100.0,0.0,99.49362139917697
DYR_ECOLI_Nguyen_2023,zs_wt_8M,17,99.82853223593965,100.0,0.0,96.4499314128944,99.82853223593965,100.0,0.0,98.139231824417,99.82853223593965,100.0,0.0,98.98388203017835,99.82853223593965,100.0,0.0,99.49067215363516
DYR_ECOLI_Nguyen_2023,random_search,18,98.59396433470508,0.0,0.0,90.36488340192044,98.59396433470508,0.0,0.0,94.47942386831275,99.82853223593965,100.0,0.0,96.96879286694104,99.82853223593965,100.0,0.0,98.68463648834022
DYR_ECOLI_Nguyen_2023,random_walk,18,98.59396433470508,0.0,0.0,84.22770919067216,99.89711934156378,100.0,0.0,92.06241426611797,99.89711934156378,100.0,0.0,95.97976680384086,99.93141289437585,100.0,100.0,98.33127572016458
DYR_ECOLI_Nguyen_2023,greedy_local,18,93.86145404663924,0.0,0.0,86.5130315500686,99.62277091906722,100.0,0.0,92.89506172839509,99.89711934156378,100.0,0.0,96.3247599451303,99.89711934156378,100.0,0.0,98.46817558299038
DYR_ECOLI_Nguyen_2023,regevo,18,98.59396433470508,0.0,0.0,95.01851851851852,99.38271604938272,100.0,0.0,96.92455418381341,99.89711934156378,100.0,0.0,98.28480795610423,99.89711934156378,100.0,0.0,99.25219478737996
DYR_ECOLI_Nguyen_2023,gpbo_ei,18,98.59396433470508,0.0,0.0,85.69615912208505,98.59396433470508,0.0,0.0,92.14506172839505,99.38271604938272,100.0,0.0,95.47205075445818,99.96570644718793,100.0,100.0,97.98875171467763
DYR_ECOLI_Nguyen_2023,adalead_graph,18,99.82853223593965,100.0,0.0,97.022633744856,100.0,100.0,100.0,98.511316872428,100.0,100.0,100.0,99.25565843621399,100.0,100.0,100.0,99.7022633744856
DYR_ECOLI_Nguyen_2023,fly,18,98.59396433470508,0.0,0.0,93.40534979423869,99.38271604938272,100.0,0.0,96.16529492455419,99.38271604938272,100.0,0.0,97.77400548696845,99.62277091906722,100.0,0.0,98.86117969821673
DYR_ECOLI_Nguyen_2023,fly_memory,18,98.59396433470508,0.0,0.0,86.53086419753086,99.62277091906722,100.0,0.0,92.95336076817563,99.82853223593965,100.0,0.0,96.30349794238684,100.0,100.0,100.0,98.43566529492458
DYR_ECOLI_Nguyen_2023,fly_best_tested,18,100.0,100.0,100.0,92.11796982167354,100.0,100.0,100.0,96.05898491083677,100.0,100.0,100.0,98.02949245541839,100.0,100.0,100.0,99.21179698216734
DYR_ECOLI_Nguyen_2023,zs_mm_150M,18,99.38271604938272,100.0,0.0,95.60013717421127,99.38271604938272,100.0,0.0,97.49142661179695,99.89711934156378,100.0,0.0,98.61968449931412,99.89711934156378,100.0,0.0,99.38614540466389
DYR_ECOLI_Nguyen_2023,zs_wt_150M,18,99.38271604938272,100.0,0.0,94.48971193415639,99.89711934156378,100.0,0.0,97.05452674897118,99.89711934156378,100.0,0.0,98.47582304526748,99.96570644718793,100.0,100.0,99.3579561042524
DYR_ECOLI_Nguyen_2023,zs_wt_650M,18,99.89711934156378,100.0,0.0,98.7002743484225,99.89711934156378,100.0,0.0,99.29869684499313,99.89711934156378,100.0,0.0,99.59790809327846,99.89711934156378,100.0,0.0,99.77743484224965
DYR_ECOLI_Nguyen_2023,zs_mm_8M,18,99.82853223593965,100.0,0.0,96.47873799725652,99.82853223593965,100.0,0.0,98.15363511659805,99.82853223593965,100.0,0.0,98.99108367626886,99.86282578875172,100.0,0.0,99.49362139917697
DYR_ECOLI_Nguyen_2023,zs_wt_8M,18,99.82853223593965,100.0,0.0,96.4499314128944,99.82853223593965,100.0,0.0,98.139231824417,99.82853223593965,100.0,0.0,98.98388203017835,99.82853223593965,100.0,0.0,99.49067215363516
DYR_ECOLI_Nguyen_2023,random_search,19,98.59396433470508,0.0,0.0,93.56584362139918,99.62277091906722,100.0,0.0,96.09019204389577,99.62277091906722,100.0,0.0,97.8564814814815,99.62277091906722,100.0,0.0,98.91625514403293
DYR_ECOLI_Nguyen_2023,random_walk,19,90.29492455418381,0.0,0.0,83.19204389574759,90.29492455418381,0.0,0.0,86.7434842249657,99.38271604938272,100.0,0.0,92.14163237311386,99.93141289437585,100.0,100.0,96.65528120713306
DYR_ECOLI_Nguyen_2023,greedy_local,19,99.62277091906722,100.0,0.0,74.91632373113853,100.0,100.0,100.0,87.41255144032921,100.0,100.0,100.0,93.7062757201646,100.0,100.0,100.0,97.48251028806584
DYR_ECOLI_Nguyen_2023,regevo,19,99.38271604938272,100.0,0.0,85.19272976680384,99.82853223593965,100.0,0.0,92.35013717421121,99.82853223593965,100.0,0.0,96.08933470507546,100.0,100.0,100.0,98.40418381344308
DYR_ECOLI_Nguyen_2023,gpbo_ei,19,98.59396433470508,0.0,0.0,91.3230452674897,98.59396433470508,0.0,0.0,94.9585048010974,99.38271604938272,100.0,0.0,97.13906035665295,100.0,100.0,100.0,98.73333333333335
DYR_ECOLI_Nguyen_2023,adalead_graph,19,98.59396433470508,0.0,0.0,91.80795610425237,99.38271604938272,100.0,0.0,95.36659807956102,99.86282578875172,100.0,0.0,97.42746913580245,99.86282578875172,100.0,0.0,98.88868312757202
DYR_ECOLI_Nguyen_2023,fly,19,98.59396433470508,0.0,0.0,86.07270233196158,99.38271604938272,100.0,0.0,92.6330589849108,99.38271604938272,100.0,0.0,96.00788751714677,99.82853223593965,100.0,0.0,98.28984910836763
DYR_ECOLI_Nguyen_2023,fly_memory,19,90.29492455418381,0.0,0.0,82.77160493827161,90.29492455418381,0.0,0.0,86.53326474622773,99.62277091906722,100.0,0.0,92.17541152263375,100.0,100.0,100.0,96.74266117969822
DYR_ECOLI_Nguyen_2023,fly_best_tested,19,90.29492455418381,0.0,0.0,74.33058984910836,98.59396433470508,0.0,0.0,85.0514403292181,100.0,100.0,100.0,92.2937242798354,100.0,100.0,100.0,96.91748971193417
DYR_ECOLI_Nguyen_2023,zs_mm_150M,19,99.38271604938272,100.0,0.0,95.60013717421127,99.38271604938272,100.0,0.0,97.49142661179695,99.89711934156378,100.0,0.0,98.61968449931412,99.89711934156378,100.0,0.0,99.38614540466389
DYR_ECOLI_Nguyen_2023,zs_wt_150M,19,99.38271604938272,100.0,0.0,94.48971193415639,99.89711934156378,100.0,0.0,97.05452674897118,99.89711934156378,100.0,0.0,98.47582304526748,99.96570644718793,100.0,100.0,99.3579561042524
DYR_ECOLI_Nguyen_2023,zs_wt_650M,19,99.89711934156378,100.0,0.0,98.7002743484225,99.89711934156378,100.0,0.0,99.29869684499313,99.89711934156378,100.0,0.0,99.59790809327846,99.89711934156378,100.0,0.0,99.77743484224965
DYR_ECOLI_Nguyen_2023,zs_mm_8M,19,99.82853223593965,100.0,0.0,96.47873799725652,99.82853223593965,100.0,0.0,98.15363511659805,99.82853223593965,100.0,0.0,98.99108367626886,99.86282578875172,100.0,0.0,99.49362139917697
DYR_ECOLI_Nguyen_2023,zs_wt_8M,19,99.82853223593965,100.0,0.0,96.4499314128944,99.82853223593965,100.0,0.0,98.139231824417,99.82853223593965,100.0,0.0,98.98388203017835,99.82853223593965,100.0,0.0,99.49067215363516
RASH_HUMAN_Bandaru_2017,random_search,0,99.32992980216976,100.0,0.0,95.89342693044033,99.32992980216976,100.0,0.0,97.61167836630507,99.71282705807275,100.0,0.0,98.6488513082323,99.71282705807275,100.0,0.0,99.28723675813657
RASH_HUMAN_Bandaru_2017,random_walk,0,98.43650287172942,0.0,0.0,84.38481174218252,99.84045947670708,100.0,0.0,91.64932992980216,99.84045947670708,100.0,0.0,95.74489470325463,99.84045947670708,100.0,0.0,98.20223356732612
RASH_HUMAN_Bandaru_2017,greedy_local,0,94.19272495213784,0.0,0.0,69.31589023611997,99.84045947670708,100.0,0.0,83.22846202935546,99.90427568602425,100.0,100.0,91.53956604977664,99.90427568602425,100.0,100.0,96.5583918315252
RASH_HUMAN_Bandaru_2017,regevo,0,99.39374601148691,100.0,0.0,90.8666241225271,99.68091895341416,100.0,0.0,95.20772176132738,99.90427568602425,100.0,100.0,97.51244416081686,99.90427568602425,100.0,100.0,98.94754307594127
RASH_HUMAN_Bandaru_2017,gpbo_ei,0,99.39374601148691,100.0,0.0,94.51180599872364,99.39374601148691,100.0,0.0,96.95277600510528,99.52137843012125,100.0,0.0,98.1777281429483,99.74473516273133,100.0,0.0,99.04333120612635
RASH_HUMAN_Bandaru_2017,adalead_graph,0,99.39374601148691,100.0,0.0,92.74984045947669,99.39374601148691,100.0,0.0,96.07179323548178,99.90427568602425,100.0,100.0,97.988034460753,99.90427568602425,100.0,100.0,99.13777919591574
RASH_HUMAN_Bandaru_2017,fly,0,99.90427568602425,100.0,100.0,71.41289087428207,99.90427568602425,100.0,100.0,85.65858328015311,99.90427568602425,100.0,100.0,92.78142948308869,99.90427568602425,100.0,100.0,97.05513720485001
RASH_HUMAN_Bandaru_2017,fly_memory,0,86.98149329929802,0.0,0.0,63.28462029355456,94.09700063816209,0.0,0.0,75.72016592214422,98.81940012763242,0.0,0.0,86.55169112954691,98.81940012763242,0.0,0.0,93.91231652839821
RASH_HUMAN_Bandaru_2017,fly_best_tested,0,99.39374601148691,100.0,0.0,86.14869176770898,99.90427568602425,100.0,100.0,93.0060625398851,99.90427568602425,100.0,100.0,96.45516911295468,99.93618379068283,100.0,100.0,98.52820676451819
RASH_HUMAN_Bandaru_2017,zs_mm_150M,0,98.97894065092534,0.0,0.0,96.99234205488193,98.97894065092534,0.0,0.0,97.98564135290367,99.96809189534142,100.0,100.0,98.88162093171667,99.96809189534142,100.0,100.0,99.53350350989152
RASH_HUMAN_Bandaru_2017,zs_wt_150M,0,98.97894065092534,0.0,0.0,97.19336311423099,99.13848117421826,100.0,0.0,98.11965539246972,99.96809189534142,100.0,100.0,98.82402680280791,99.96809189534142,100.0,100.0,99.510465858328
RASH_HUMAN_Bandaru_2017,zs_wt_650M,0,99.8085513720485,100.0,0.0,94.8315252074027,99.8085513720485,100.0,0.0,97.32003828972557,99.96809189534142,100.0,100.0,98.60816847479258,99.96809189534142,100.0,100.0,99.42412252712188
RASH_HUMAN_Bandaru_2017,zs_mm_8M,0,97.47925973197192,0.0,0.0,97.07594128908742,99.55328653477983,100.0,0.0,98.02680280791319,99.55328653477983,100.0,0.0,98.79004467134651,100.0,100.0,100.0,99.38379068283342
RASH_HUMAN_Bandaru_2017,zs_wt_8M,0,98.30887045309508,0.0,0.0,95.50223356732607,100.0,100.0,100.0,96.93937460114869,100.0,100.0,100.0,98.46968730057434,100.0,100.0,100.0,99.38787492022975
RASH_HUMAN_Bandaru_2017,random_search,1,98.91512444160817,0.0,0.0,93.71091257179323,99.32992980216976,100.0,0.0,96.52042118698151,99.55328653477983,100.0,0.0,97.97192086790045,99.84045947670708,100.0,0.0,98.9936821952776
RASH_HUMAN_Bandaru_2017,random_walk,1,95.72431397574984,0.0,0.0,94.60689215060626,99.20229738353542,100.0,0.0,95.65634971282707,99.36183790682833,100.0,0.0,97.45485003190812,100.0,100.0,100.0,98.9487555839183
RASH_HUMAN_Bandaru_2017,greedy_local,1,99.20229738353542,100.0,0.0,91.70963624760691,99.87236758136567,100.0,0.0,95.53637523931079,99.87236758136567,100.0,0.0,97.70437141033824,99.90427568602425,100.0,100.0,99.0114869176771
RASH_HUMAN_Bandaru_2017,regevo,1,98.11742182514358,0.0,0.0,96.18761965539247,98.91512444160817,0.0,0.0,97.4636247606892,99.45756222080408,100.0,0.0,98.42533503509891,99.8085513720485,100.0,0.0,99.21033822590937
RASH_HUMAN_Bandaru_2017,gpbo_ei,1,99.26611359285259,100.0,0.0,92.48372686662412,99.26611359285259,100.0,0.0,95.87492022973831,99.26611359285259,100.0,0.0,97.57051691129546,99.74473516273133,100.0,0.0,98.75692405871092
RASH_HUMAN_Bandaru_2017,adalead_graph,1,98.88321633694959,0.0,0.0,96.90236119974473,98.88321633694959,0.0,0.0,97.89278876834716,99.55328653477983,100.0,0.0,98.64597957881298,99.96809189534142,100.0,100.0,99.30389278876834
RASH_HUMAN_Bandaru_2017,fly,1,99.90427568602425,100.0,100.0,94.8359923420549,99.90427568602425,100.0,100.0,97.37013401403952,99.90427568602425,100.0,100.0,98.63720485003188,99.96809189534142,100.0,100.0,99.41186981493298
RASH_HUMAN_Bandaru_2017,fly_memory,1,97.41544352265475,0.0,0.0,90.93809827696235,99.90427568602425,100.0,100.0,94.65156349712825,99.96809189534142,100.0,100.0,97.27823867262283,99.96809189534142,100.0,100.0,98.89215060625398
RASH_HUMAN_Bandaru_2017,fly_best_tested,1,99.36183790682833,100.0,0.0,92.68474792597321,99.87236758136567,100.0,0.0,96.13560944479897,99.87236758136567,100.0,0.0,98.00398851308233,100.0,100.0,100.0,99.13548181238038
RASH_HUMAN_Bandaru_2017,zs_mm_150M,1,98.97894065092534,0.0,0.0,96.99234205488193,98.97894065092534,0.0,0.0,97.98564135290367,99.96809189534142,100.0,100.0,98.88162093171667,99.96809189534142,100.0,100.0,99.53350350989152
RASH_HUMAN_Bandaru_2017,zs_wt_150M,1,98.97894065092534,0.0,0.0,97.19336311423099,99.13848117421826,100.0,0.0,98.11965539246972,99.96809189534142,100.0,100.0,98.82402680280791,99.96809189534142,100.0,100.0,99.510465858328
RASH_HUMAN_Bandaru_2017,zs_wt_650M,1,99.8085513720485,100.0,0.0,94.8315252074027,99.8085513720485,100.0,0.0,97.32003828972557,99.96809189534142,100.0,100.0,98.60816847479258,99.96809189534142,100.0,100.0,99.42412252712188
RASH_HUMAN_Bandaru_2017,zs_mm_8M,1,97.47925973197192,0.0,0.0,97.07594128908742,99.55328653477983,100.0,0.0,98.02680280791319,99.55328653477983,100.0,0.0,98.79004467134651,100.0,100.0,100.0,99.38379068283342
RASH_HUMAN_Bandaru_2017,zs_wt_8M,1,98.30887045309508,0.0,0.0,95.50223356732607,100.0,100.0,100.0,96.93937460114869,100.0,100.0,100.0,98.46968730057434,100.0,100.0,100.0,99.38787492022975
RASH_HUMAN_Bandaru_2017,random_search,2,98.2769623484365,0.0,0.0,94.35417996171027,99.39374601148691,100.0,0.0,96.3714103382259,99.8085513720485,100.0,0.0,97.98021697511169,99.84045947670708,100.0,0.0,99.08104658583278
RASH_HUMAN_Bandaru_2017,random_walk,2,59.700063816209315,0.0,0.0,58.64709636247608,98.72367581365667,0.0,0.0,77.90491384811743,99.39374601148691,100.0,0.0,88.52201659221443,100.0,100.0,100.0,95.19904275686024
RASH_HUMAN_Bandaru_2017,greedy_local,2,98.72367581365667,0.0,0.0,88.62029355456285,99.48947032546266,100.0,0.0,93.71793235481813,99.48947032546266,100.0,0.0,96.60370134014039,99.90427568602425,100.0,100.0,98.4580089342693
RASH_HUMAN_Bandaru_2017,regevo,2,97.70261646458201,0.0,0.0,94.43267389917041,99.8085513720485,100.0,0.0,96.56924058710912,99.8085513720485,100.0,0.0,98.18889597957879,99.93618379068283,100.0,100.0,99.2252712188896
RASH_HUMAN_Bandaru_2017,gpbo_ei,2,93.42693044033184,0.0,0.0,88.238034460753,98.59604339502233,0.0,0.0,92.50255264837267,99.52137843012125,100.0,0.0,95.91576260370134,99.74473516273133,100.0,0.0,98.1698787492023
RASH_HUMAN_Bandaru_2017,adalead_graph,2,98.43650287172942,0.0,0.0,84.62284620293555,99.23420548819401,100.0,0.0,91.86407147415443,99.55328653477983,100.0,0.0,95.59317166560304,99.8085513720485,100.0,0.0,98.05398851308232
RASH_HUMAN_Bandaru_2017,fly,2,98.75558391831525,0.0,0.0,90.92852584556478,98.75558391831525,0.0,0.0,94.84205488193999,99.8085513720485,100.0,0.0,97.21330567964262,99.90427568602425,100.0,100.0,98.82559029993617
RASH_HUMAN_Bandaru_2017,fly_memory,2,98.72367581365667,0.0,0.0,91.63624760689214,98.72367581365667,0.0,0.0,95.17996171027443,98.75558391831525,0.0,0.0,96.95548819400126,100.0,100.0,100.0,98.677664326739
RASH_HUMAN_Bandaru_2017,fly_best_tested,2,98.18123803446075,0.0,0.0,86.23803446075304,99.90427568602425,100.0,100.0,92.50063816209314,99.90427568602425,100.0,100.0,96.20245692405871,100.0,100.0,100.0,98.42776005105296
RASH_HUMAN_Bandaru_2017,zs_mm_150M,2,98.97894065092534,0.0,0.0,96.99234205488193,98.97894065092534,0.0,0.0,97.98564135290367,99.96809189534142,100.0,100.0,98.88162093171667,99.96809189534142,100.0,100.0,99.53350350989152
RASH_HUMAN_Bandaru_2017,zs_wt_150M,2,98.97894065092534,0.0,0.0,97.19336311423099,99.13848117421826,100.0,0.0,98.11965539246972,99.96809189534142,100.0,100.0,98.82402680280791,99.96809189534142,100.0,100.0,99.510465858328
RASH_HUMAN_Bandaru_2017,zs_wt_650M,2,99.8085513720485,100.0,0.0,94.8315252074027,99.8085513720485,100.0,0.0,97.32003828972557,99.96809189534142,100.0,100.0,98.60816847479258,99.96809189534142,100.0,100.0,99.42412252712188
RASH_HUMAN_Bandaru_2017,zs_mm_8M,2,97.47925973197192,0.0,0.0,97.07594128908742,99.55328653477983,100.0,0.0,98.02680280791319,99.55328653477983,100.0,0.0,98.79004467134651,100.0,100.0,100.0,99.38379068283342
RASH_HUMAN_Bandaru_2017,zs_wt_8M,2,98.30887045309508,0.0,0.0,95.50223356732607,100.0,100.0,100.0,96.93937460114869,100.0,100.0,100.0,98.46968730057434,100.0,100.0,100.0,99.38787492022975
RASH_HUMAN_Bandaru_2017,random_search,3,98.40459476707083,0.0,0.0,96.68921506062539,99.23420548819401,100.0,0.0,97.55520102105936,99.64901084875558,100.0,0.0,98.46522016592215,99.93618379068283,100.0,100.0,99.29151244416082
RASH_HUMAN_Bandaru_2017,random_walk,3,88.86407147415443,0.0,0.0,86.29674537332481,98.75558391831525,0.0,0.0,92.44767070835991,99.39374601148691,100.0,0.0,95.67820676451818,99.90427568602425,100.0,100.0,98.1948308870453
RASH_HUMAN_Bandaru_2017,greedy_local,3,98.37268666241225,0.0,0.0,87.2450542437779,98.37268666241225,0.0,0.0,92.8088704530951,99.90427568602425,100.0,100.0,96.21873005743458,99.90427568602425,100.0,100.0,98.43005743458836
RASH_HUMAN_Bandaru_2017,regevo,3,99.87236758136567,100.0,0.0,94.41608168474791,99.96809189534142,100.0,100.0,97.15188257817485,100.0,100.0,100.0,98.56812380344607,100.0,100.0,100.0,99.42724952137843
RASH_HUMAN_Bandaru_2017,gpbo_ei,3,98.75558391831525,0.0,0.0,97.53350350989149,98.75558391831525,0.0,0.0,98.14454371410336,99.71282705807275,100.0,0.0,98.76116783663048,99.74473516273133,100.0,0.0,99.34282067645181
RASH_HUMAN_Bandaru_2017,adalead_graph,3,98.851308232291,0.0,0.0,92.79514996809188,98.851308232291,0.0,0.0,95.8232291001915,99.96809189534142,100.0,100.0,97.62204850031908,99.96809189534142,100.0,100.0,99.0296745373325
RASH_HUMAN_Bandaru_2017,fly,3,80.5360561582642,0.0,0.0,79.71665603063178,98.81940012763242,0.0,0.0,88.53669432035734,99.90427568602425,100.0,100.0,93.92629227823868,99.90427568602425,100.0,100.0,97.51308232291001
RASH_HUMAN_Bandaru_2017,fly_memory,3,97.76643267389917,0.0,0.0,86.38864071474156,97.76643267389917,0.0,0.0,92.07753669432037,100.0,100.0,100.0,95.96059349074665,100.0,100.0,100.0,98.38423739629866
RASH_HUMAN_Bandaru_2017,fly_best_tested,3,98.75558391831525,0.0,0.0,87.14103382259094,98.75558391831525,0.0,0.0,92.94830887045308,98.75558391831525,0.0,0.0,95.85194639438417,100.0,100.0,100.0,97.84530950861519
RASH_HUMAN_Bandaru_2017,zs_mm_150M,3,98.97894065092534,0.0,0.0,96.99234205488193,98.97894065092534,0.0,0.0,97.98564135290367,99.96809189534142,100.0,100.0,98.88162093171667,99.96809189534142,100.0,100.0,99.53350350989152
RASH_HUMAN_Bandaru_2017,zs_wt_150M,3,98.97894065092534,0.0,0.0,97.19336311423099,99.13848117421826,100.0,0.0,98.11965539246972,99.96809189534142,100.0,100.0,98.82402680280791,99.96809189534142,100.0,100.0,99.510465858328
RASH_HUMAN_Bandaru_2017,zs_wt_650M,3,99.8085513720485,100.0,0.0,94.8315252074027,99.8085513720485,100.0,0.0,97.32003828972557,99.96809189534142,100.0,100.0,98.60816847479258,99.96809189534142,100.0,100.0,99.42412252712188
RASH_HUMAN_Bandaru_2017,zs_mm_8M,3,97.47925973197192,0.0,0.0,97.07594128908742,99.55328653477983,100.0,0.0,98.02680280791319,99.55328653477983,100.0,0.0,98.79004467134651,100.0,100.0,100.0,99.38379068283342
RASH_HUMAN_Bandaru_2017,zs_wt_8M,3,98.30887045309508,0.0,0.0,95.50223356732607,100.0,100.0,100.0,96.93937460114869,100.0,100.0,100.0,98.46968730057434,100.0,100.0,100.0,99.38787492022975
RASH_HUMAN_Bandaru_2017,random_search,4,95.14996809189535,0.0,0.0,94.5201021059349,96.23484365028717,0.0,0.0,95.30153158902361,98.53222718570517,0.0,0.0,96.33679004467135,99.93618379068283,100.0,100.0,97.9874282067645
RASH_HUMAN_Bandaru_2017,random_walk,4,95.66049776643267,0.0,0.0,90.68666241225273,98.21314613911933,0.0,0.0,94.07721761327379,98.75558391831525,0.0,0.0,96.32961072112316,99.90427568602425,100.0,100.0,98.37102744097001
RASH_HUMAN_Bandaru_2017,greedy_local,4,87.17294192724952,0.0,0.0,78.60306317804725,99.10657306955967,100.0,0.0,87.81493299298022,99.39374601148691,100.0,0.0,93.57626037013401,99.90427568602425,100.0,100.0,97.32610082961072
RASH_HUMAN_Bandaru_2017,regevo,4,98.37268666241225,0.0,0.0,93.81429483088705,98.37268666241225,0.0,0.0,96.09349074664966,98.75558391831525,0.0,0.0,97.303924696873,99.93618379068283,100.0,100.0,98.77581365666879
RASH_HUMAN_Bandaru_2017,gpbo_ei,4,99.29802169751117,100.0,0.0,94.71474154435225,99.29802169751117,100.0,0.0,97.00638162093175,99.29802169751117,100.0,0.0,98.15220165922145,99.74473516273133,100.0,0.0,99.02074026802808
RASH_HUMAN_Bandaru_2017,adalead_graph,4,95.14996809189535,0.0,0.0,86.84301212507977,97.86215698787493,0.0,0.0,92.301212507977,99.8085513720485,100.0,0.0,95.65571155073387,99.96809189534142,100.0,100.0,98.23516273133376
RASH_HUMAN_Bandaru_2017,fly,4,97.95788130185068,0.0,0.0,90.45437141033821,98.75558391831525,0.0,0.0,94.32578174856411,99.17038927887684,100.0,0.0,96.60497766432673,99.55328653477983,100.0,0.0,98.3502233567326
RASH_HUMAN_Bandaru_2017,fly_memory,4,94.57562220804084,0.0,0.0,85.48308870453097,98.75558391831525,0.0,0.0,92.11933631142308,98.75558391831525,0.0,0.0,95.43746011486917,99.93618379068283,100.0,100.0,97.78525845564774
RASH_HUMAN_Bandaru_2017,fly_best_tested,4,90.58710912571793,0.0,0.0,81.39693682195279,98.75558391831525,0.0,0.0,87.76419910657307,99.45756222080408,100.0,0.0,93.55823229100191,99.45756222080408,100.0,0.0,97.0978302488832
RASH_HUMAN_Bandaru_2017,zs_mm_150M,4,98.97894065092534,0.0,0.0,96.99234205488193,98.97894065092534,0.0,0.0,97.98564135290367,99.96809189534142,100.0,100.0,98.88162093171667,99.96809189534142,100.0,100.0,99.53350350989152
RASH_HUMAN_Bandaru_2017,zs_wt_150M,4,98.97894065092534,0.0,0.0,97.19336311423099,99.13848117421826,100.0,0.0,98.11965539246972,99.96809189534142,100.0,100.0,98.82402680280791,99.96809189534142,100.0,100.0,99.510465858328
RASH_HUMAN_Bandaru_2017,zs_wt_650M,4,99.8085513720485,100.0,0.0,94.8315252074027,99.8085513720485,100.0,0.0,97.32003828972557,99.96809189534142,100.0,100.0,98.60816847479258,99.96809189534142,100.0,100.0,99.42412252712188
RASH_HUMAN_Bandaru_2017,zs_mm_8M,4,97.47925973197192,0.0,0.0,97.07594128908742,99.55328653477983,100.0,0.0,98.02680280791319,99.55328653477983,100.0,0.0,98.79004467134651,100.0,100.0,100.0,99.38379068283342
RASH_HUMAN_Bandaru_2017,zs_wt_8M,4,98.30887045309508,0.0,0.0,95.50223356732607,100.0,100.0,100.0,96.93937460114869,100.0,100.0,100.0,98.46968730057434,100.0,100.0,100.0,99.38787492022975
RASH_HUMAN_Bandaru_2017,random_search,5,97.86215698787493,0.0,0.0,94.30121250797703,97.86215698787493,0.0,0.0,96.08168474792592,97.86215698787493,0.0,0.0,96.97192086790042,99.36183790682833,100.0,0.0,98.02539885130822
RASH_HUMAN_Bandaru_2017,random_walk,5,96.84109763880025,0.0,0.0,96.40395660497767,96.84109763880025,0.0,0.0,96.62252712188894,98.75558391831525,0.0,0.0,97.13991703892789,99.90427568602425,100.0,100.0,98.45622208040842
RASH_HUMAN_Bandaru_2017,greedy_local,5,98.18123803446075,0.0,0.0,96.53733248245055,99.55328653477983,100.0,0.0,97.48276962348434,99.55328653477983,100.0,0.0,98.5180280791321,99.90427568602425,100.0,100.0,99.30134014039564
RASH_HUMAN_Bandaru_2017,regevo,5,98.05360561582641,0.0,0.0,94.44033184428845,99.39374601148691,100.0,0.0,96.446075303127,99.68091895341416,100.0,0.0,98.03765156349715,99.90427568602425,100.0,100.0,99.15411614550094
RASH_HUMAN_Bandaru_2017,gpbo_ei,5,98.88321633694959,0.0,0.0,91.59093809827696,98.88321633694959,0.0,0.0,95.23707721761326,99.52137843012125,100.0,0.0,97.2855775366943,99.74473516273133,100.0,0.0,98.75615826419912
RASH_HUMAN_Bandaru_2017,adalead_graph,5,99.8085513720485,100.0,0.0,96.3203573707722,99.8085513720485,100.0,0.0,98.06445437141032,99.8085513720485,100.0,0.0,98.93650287172939,99.90427568602425,100.0,100.0,99.47428206764516
RASH_HUMAN_Bandaru_2017,fly,5,99.96809189534142,100.0,100.0,91.13911933631145,99.96809189534142,100.0,100.0,95.55360561582644,99.96809189534142,100.0,100.0,97.76084875558392,99.96809189534142,100.0,100.0,99.08519463943841
RASH_HUMAN_Bandaru_2017,fly_memory,5,98.72367581365667,0.0,0.0,91.67198468410977,98.72367581365667,0.0,0.0,95.19783024888322,98.72367581365667,0.0,0.0,96.96075303126995,100.0,100.0,100.0,98.76119974473517
RASH_HUMAN_Bandaru_2017,fly_best_tested,5,100.0,100.0,100.0,97.5564773452457,100.0,100.0,100.0,98.77823867262283,100.0,100.0,100.0,99.38911933631141,100.0,100.0,100.0,99.75564773452457
RASH_HUMAN_Bandaru_2017,zs_mm_150M,5,98.97894065092534,0.0,0.0,96.99234205488193,98.97894065092534,0.0,0.0,97.98564135290367,99.96809189534142,100.0,100.0,98.88162093171667,99.96809189534142,100.0,100.0,99.53350350989152
RASH_HUMAN_Bandaru_2017,zs_wt_150M,5,98.97894065092534,0.0,0.0,97.19336311423099,99.13848117421826,100.0,0.0,98.11965539246972,99.96809189534142,100.0,100.0,98.82402680280791,99.96809189534142,100.0,100.0,99.510465858328
RASH_HUMAN_Bandaru_2017,zs_wt_650M,5,99.8085513720485,100.0,0.0,94.8315252074027,99.8085513720485,100.0,0.0,97.32003828972557,99.96809189534142,100.0,100.0,98.60816847479258,99.96809189534142,100.0,100.0,99.42412252712188
RASH_HUMAN_Bandaru_2017,zs_mm_8M,5,97.47925973197192,0.0,0.0,97.07594128908742,99.55328653477983,100.0,0.0,98.02680280791319,99.55328653477983,100.0,0.0,98.79004467134651,100.0,100.0,100.0,99.38379068283342
RASH_HUMAN_Bandaru_2017,zs_wt_8M,5,98.30887045309508,0.0,0.0,95.50223356732607,100.0,100.0,100.0,96.93937460114869,100.0,100.0,100.0,98.46968730057434,100.0,100.0,100.0,99.38787492022975
RASH_HUMAN_Bandaru_2017,random_search,6,95.18187619655393,0.0,0.0,91.07849393746011,98.81940012763242,0.0,0.0,94.80344607530311,98.81940012763242,0.0,0.0,96.81142310146777,99.68091895341416,100.0,0.0,98.34550095724315
RASH_HUMAN_Bandaru_2017,random_walk,6,98.75558391831525,0.0,0.0,97.401403956605,98.75558391831525,0.0,0.0,98.0784939374601,99.96809189534142,100.0,100.0,98.85960433950223,99.96809189534142,100.0,100.0,99.52469687300574
RASH_HUMAN_Bandaru_2017,greedy_local,6,96.936821952776,0.0,0.0,93.98723675813658,99.39374601148691,100.0,0.0,96.31301850670069,99.39374601148691,100.0,0.0,97.85338225909379,99.90427568602425,100.0,100.0,98.89400127632418
RASH_HUMAN_Bandaru_2017,regevo,6,93.42693044033184,0.0,0.0,91.50733886407146,99.58519463943841,100.0,0.0,94.95692405871088,99.58519463943841,100.0,0.0,97.27105934907468,99.90427568602425,100.0,100.0,98.72425015954053
RASH_HUMAN_Bandaru_2017,gpbo_ei,6,99.74473516273133,100.0,0.0,99.3133375877473,99.74473516273133,100.0,0.0,99.52903637523929,99.74473516273133,100.0,0.0,99.63688576898532,99.74473516273133,100.0,0.0,99.70159540523294
RASH_HUMAN_Bandaru_2017,adalead_graph,6,99.39374601148691,100.0,0.0,98.49393746011486,99.39374601148691,100.0,0.0,98.94384173580087,99.90427568602425,100.0,100.0,99.3645500957243,99.96809189534142,100.0,100.0,99.69476707083598
RASH_HUMAN_Bandaru_2017,fly,6,96.936821952776,0.0,0.0,94.40459476707082,99.90427568602425,100.0,100.0,96.85768985322265,99.90427568602425,100.0,100.0,98.38098276962346,99.90427568602425,100.0,100.0,99.29495851946392
RASH_HUMAN_Bandaru_2017,fly_memory,6,96.936821952776,0.0,0.0,93.87172941927248,99.52137843012125,100.0,0.0,96.30887045309508,100.0,100.0,100.0,97.9366624122527,100.0,100.0,100.0,99.17466496490108
RASH_HUMAN_Bandaru_2017,fly_best_tested,6,99.8085513720485,100.0,0.0,98.94575622208042,99.8085513720485,100.0,0.0,99.37715379706445,99.8085513720485,100.0,0.0,99.59285258455645,99.8085513720485,100.0,0.0,99.72227185705168
RASH_HUMAN_Bandaru_2017,zs_mm_150M,6,98.97894065092534,0.0,0.0,96.99234205488193,98.97894065092534,0.0,0.0,97.98564135290367,99.96809189534142,100.0,100.0,98.88162093171667,99.96809189534142,100.0,100.0,99.53350350989152
RASH_HUMAN_Bandaru_2017,zs_wt_150M,6,98.97894065092534,0.0,0.0,97.19336311423099,99.13848117421826,100.0,0.0,98.11965539246972,99.96809189534142,100.0,100.0,98.82402680280791,99.96809189534142,100.0,100.0,99.510465858328
RASH_HUMAN_Bandaru_2017,zs_wt_650M,6,99.8085513720485,100.0,0.0,94.8315252074027,99.8085513720485,100.0,0.0,97.32003828972557,99.96809189534142,100.0,100.0,98.60816847479258,99.96809189534142,100.0,100.0,99.42412252712188
RASH_HUMAN_Bandaru_2017,zs_mm_8M,6,97.47925973197192,0.0,0.0,97.07594128908742,99.55328653477983,100.0,0.0,98.02680280791319,99.55328653477983,100.0,0.0,98.79004467134651,100.0,100.0,100.0,99.38379068283342
RASH_HUMAN_Bandaru_2017,zs_wt_8M,6,98.30887045309508,0.0,0.0,95.50223356732607,100.0,100.0,100.0,96.93937460114869,100.0,100.0,100.0,98.46968730057434,100.0,100.0,100.0,99.38787492022975
RASH_HUMAN_Bandaru_2017,random_search,7,96.29865985960434,0.0,0.0,91.11678366305043,96.87300574345883,0.0,0.0,93.92980216975113,99.0427568602425,100.0,0.0,96.07434588385448,100.0,100.0,100.0,98.08749202297383
RASH_HUMAN_Bandaru_2017,random_walk,7,95.34141671984685,0.0,0.0,54.539885130823244,98.05360561582641,0.0,0.0,76.13401403956604,100.0,100.0,100.0,87.5901403956605,100.0,100.0,100.0,95.0360561582642
RASH_HUMAN_Bandaru_2017,greedy_local,7,99.45756222080408,100.0,0.0,67.20357370772176,99.45756222080408,100.0,0.0,83.33056796426295,99.71282705807275,100.0,0.0,91.47574984045949,100.0,100.0,100.0,96.53637523931079
RASH_HUMAN_Bandaru_2017,regevo,7,99.4256541161455,100.0,0.0,97.01850670070198,99.4256541161455,100.0,0.0,98.22208040842374,99.90427568602425,100.0,100.0,98.95437141033824,99.90427568602425,100.0,100.0,99.52431397574983
RASH_HUMAN_Bandaru_2017,gpbo_ei,7,93.77791959157626,0.0,0.0,88.73771537970646,99.52137843012125,100.0,0.0,92.25654116145502,99.74473516273133,100.0,0.0,95.95596681557116,99.74473516273133,100.0,0.0,98.22922782386728
RASH_HUMAN_Bandaru_2017,adalead_graph,7,90.49138481174218,0.0,0.0,82.76707083599234,95.72431397574984,0.0,0.0,87.84396936821955,98.91512444160817,0.0,0.0,92.42230376515636,99.8085513720485,100.0,0.0,96.72648372686662
RASH_HUMAN_Bandaru_2017,fly,7,94.16081684747925,0.0,0.0,59.56158264199105,99.74473516273133,100.0,0.0,79.65315890236121,99.74473516273133,100.0,0.0,89.69894703254627,100.0,100.0,100.0,95.84913848117422
RASH_HUMAN_Bandaru_2017,fly_memory,7,94.57562220804084,0.0,0.0,63.18379068283343,96.936821952776,0.0,0.0,79.0922144224633,98.75558391831525,0.0,0.0,88.84301212507977,100.0,100.0,100.0,95.26164645820039
RASH_HUMAN_Bandaru_2017,fly_best_tested,7,68.05998723675813,0.0,0.0,45.840459476707075,80.9189534141672,0.0,0.0,61.83663050414803,98.468410976388,0.0,0.0,79.60944479897893,100.0,100.0,100.0,91.42080408423739
RASH_HUMAN_Bandaru_2017,zs_mm_150M,7,98.97894065092534,0.0,0.0,96.99234205488193,98.97894065092534,0.0,0.0,97.98564135290367,99.96809189534142,100.0,100.0,98.88162093171667,99.96809189534142,100.0,100.0,99.53350350989152
RASH_HUMAN_Bandaru_2017,zs_wt_150M,7,98.97894065092534,0.0,0.0,97.19336311423099,99.13848117421826,100.0,0.0,98.11965539246972,99.96809189534142,100.0,100.0,98.82402680280791,99.96809189534142,100.0,100.0,99.510465858328
RASH_HUMAN_Bandaru_2017,zs_wt_650M,7,99.8085513720485,100.0,0.0,94.8315252074027,99.8085513720485,100.0,0.0,97.32003828972557,99.96809189534142,100.0,100.0,98.60816847479258,99.96809189534142,100.0,100.0,99.42412252712188
RASH_HUMAN_Bandaru_2017,zs_mm_8M,7,97.47925973197192,0.0,0.0,97.07594128908742,99.55328653477983,100.0,0.0,98.02680280791319,99.55328653477983,100.0,0.0,98.79004467134651,100.0,100.0,100.0,99.38379068283342
RASH_HUMAN_Bandaru_2017,zs_wt_8M,7,98.30887045309508,0.0,0.0,95.50223356732607,100.0,100.0,100.0,96.93937460114869,100.0,100.0,100.0,98.46968730057434,100.0,100.0,100.0,99.38787492022975
RASH_HUMAN_Bandaru_2017,random_search,8,92.94830887045309,0.0,0.0,91.44671346522014,99.23420548819401,100.0,0.0,95.00031908104658,99.23420548819401,100.0,0.0,97.1172622846203,99.52137843012125,100.0,0.0,98.53592852584555
RASH_HUMAN_Bandaru_2017,random_walk,8,98.02169751116784,0.0,0.0,90.54371410338229,98.81940012763242,0.0,0.0,94.63848117421821,98.81940012763242,0.0,0.0,96.72894065092532,99.87236758136567,100.0,0.0,98.1137843012125
RASH_HUMAN_Bandaru_2017,greedy_local,8,99.48947032546266,100.0,0.0,67.50159540523293,99.48947032546266,100.0,0.0,83.49553286534781,99.48947032546266,100.0,0.0,91.49250159540523,100.0,100.0,100.0,96.43299298021697
RASH_HUMAN_Bandaru_2017,regevo,8,98.94703254626675,0.0,0.0,89.42756860242504,99.90427568602425,100.0,100.0,94.52233567326097,99.90427568602425,100.0,100.0,97.21330567964262,99.90427568602425,100.0,100.0,98.82788768347159
RASH_HUMAN_Bandaru_2017,gpbo_ei,8,99.26611359285259,100.0,0.0,94.6624122527122,99.74473516273133,100.0,0.0,97.12380344607526,99.74473516273133,100.0,0.0,98.43426930440332,99.74473516273133,100.0,0.0,99.22054881940014
RASH_HUMAN_Bandaru_2017,adalead_graph,8,99.87236758136567,100.0,0.0,97.23484365028715,99.87236758136567,100.0,0.0,98.5536056158264,99.87236758136567,100.0,0.0,99.21298659859603,99.96809189534142,100.0,100.0,99.61129546904917
RASH_HUMAN_Bandaru_2017,fly,8,100.0,100.0,100.0,67.57881301850671,100.0,100.0,100.0,83.78940650925335,100.0,100.0,100.0,91.89470325462668,100.0,100.0,100.0,96.75788130185066
RASH_HUMAN_Bandaru_2017,fly_memory,8,90.4594767070836,0.0,0.0,63.61646458200383,99.93618379068283,100.0,100.0,80.83375877472876,99.93618379068283,100.0,100.0,90.3849712827058,99.93618379068283,100.0,100.0,96.11569878749204
RASH_HUMAN_Bandaru_2017,fly_best_tested,8,88.86407147415443,0.0,0.0,69.34779834077857,96.936821952776,0.0,0.0,82.57721761327377,98.6598596043395,0.0,0.0,89.90299936183789,99.96809189534142,100.0,100.0,95.79361837906826
RASH_HUMAN_Bandaru_2017,zs_mm_150M,8,98.97894065092534,0.0,0.0,96.99234205488193,98.97894065092534,0.0,0.0,97.98564135290367,99.96809189534142,100.0,100.0,98.88162093171667,99.96809189534142,100.0,100.0,99.53350350989152
RASH_HUMAN_Bandaru_2017,zs_wt_150M,8,98.97894065092534,0.0,0.0,97.19336311423099,99.13848117421826,100.0,0.0,98.11965539246972,99.96809189534142,100.0,100.0,98.82402680280791,99.96809189534142,100.0,100.0,99.510465858328
RASH_HUMAN_Bandaru_2017,zs_wt_650M,8,99.8085513720485,100.0,0.0,94.8315252074027,99.8085513720485,100.0,0.0,97.32003828972557,99.96809189534142,100.0,100.0,98.60816847479258,99.96809189534142,100.0,100.0,99.42412252712188
RASH_HUMAN_Bandaru_2017,zs_mm_8M,8,97.47925973197192,0.0,0.0,97.07594128908742,99.55328653477983,100.0,0.0,98.02680280791319,99.55328653477983,100.0,0.0,98.79004467134651,100.0,100.0,100.0,99.38379068283342
RASH_HUMAN_Bandaru_2017,zs_wt_8M,8,98.30887045309508,0.0,0.0,95.50223356732607,100.0,100.0,100.0,96.93937460114869,100.0,100.0,100.0,98.46968730057434,100.0,100.0,100.0,99.38787492022975
RASH_HUMAN_Bandaru_2017,random_search,9,98.97894065092534,0.0,0.0,98.24696873005743,98.97894065092534,0.0,0.0,98.61295469049142,99.93618379068283,100.0,100.0,99.21713465220168,99.96809189534142,100.0,100.0,99.65341416719848
RASH_HUMAN_Bandaru_2017,random_walk,9,74.72878111040204,0.0,0.0,72.62093171665603,97.83024888321634,0.0,0.0,78.50319081046584,100.0,100.0,100.0,88.58615188257816,100.0,100.0,100.0,95.43446075303127
RASH_HUMAN_Bandaru_2017,greedy_local,9,99.8085513720485,100.0,0.0,92.04339502233569,99.8085513720485,100.0,0.0,95.92597319719206,99.90427568602425,100.0,100.0,97.87061263560942,99.90427568602425,100.0,100.0,99.0908104658583
RASH_HUMAN_Bandaru_2017,regevo,9,99.39374601148691,100.0,0.0,93.89342693044031,99.90427568602425,100.0,100.0,96.69974473516268,99.90427568602425,100.0,100.0,98.30201021059347,99.96809189534142,100.0,100.0,99.2877472878111
RASH_HUMAN_Bandaru_2017,gpbo_ei,9,99.55328653477983,100.0,0.0,97.17102744097,99.55328653477983,100.0,0.0,98.36215698787488,99.55328653477983,100.0,0.0,98.95772176132733,99.74473516273133,100.0,0.0,99.42878111040204
RASH_HUMAN_Bandaru_2017,adalead_graph,9,99.71282705807275,100.0,0.0,97.46904913848117,99.71282705807275,100.0,0.0,98.59093809827696,99.71282705807275,100.0,0.0,99.15188257817486,99.8085513720485,100.0,0.0,99.50778557753668
RASH_HUMAN_Bandaru_2017,fly,9,91.38481174218252,0.0,0.0,83.77153797064454,98.40459476707083,0.0,0.0,89.91863433312065,98.75558391831525,0.0,0.0,94.16512444160819,100.0,100.0,100.0,97.56381620931717
RASH_HUMAN_Bandaru_2017,fly_memory,9,96.77728142948308,0.0,0.0,85.02552648372686,99.39374601148691,100.0,0.0,92.18347160178683,99.39374601148691,100.0,0.0,95.78860880663687,99.90427568602425,100.0,100.0,98.03037651563496
RASH_HUMAN_Bandaru_2017,fly_best_tested,9,99.74473516273133,100.0,0.0,98.75749840459477,99.74473516273133,100.0,0.0,99.25111678366302,99.74473516273133,100.0,0.0,99.4979259731972,100.0,100.0,100.0,99.6766432673899
RASH_HUMAN_Bandaru_2017,zs_mm_150M,9,98.97894065092534,0.0,0.0,96.99234205488193,98.97894065092534,0.0,0.0,97.98564135290367,99.96809189534142,100.0,100.0,98.88162093171667,99.96809189534142,100.0,100.0,99.53350350989152
RASH_HUMAN_Bandaru_2017,zs_wt_150M,9,98.97894065092534,0.0,0.0,97.19336311423099,99.13848117421826,100.0,0.0,98.11965539246972,99.96809189534142,100.0,100.0,98.82402680280791,99.96809189534142,100.0,100.0,99.510465858328
RASH_HUMAN_Bandaru_2017,zs_wt_650M,9,99.8085513720485,100.0,0.0,94.8315252074027,99.8085513720485,100.0,0.0,97.32003828972557,99.96809189534142,100.0,100.0,98.60816847479258,99.96809189534142,100.0,100.0,99.42412252712188
RASH_HUMAN_Bandaru_2017,zs_mm_8M,9,97.47925973197192,0.0,0.0,97.07594128908742,99.55328653477983,100.0,0.0,98.02680280791319,99.55328653477983,100.0,0.0,98.79004467134651,100.0,100.0,100.0,99.38379068283342
RASH_HUMAN_Bandaru_2017,zs_wt_8M,9,98.30887045309508,0.0,0.0,95.50223356732607,100.0,100.0,100.0,96.93937460114869,100.0,100.0,100.0,98.46968730057434,100.0,100.0,100.0,99.38787492022975
RASH_HUMAN_Bandaru_2017,random_search,10,98.085513720485,0.0,0.0,90.45564773452459,98.59604339502233,0.0,0.0,94.51052967453732,98.59604339502233,0.0,0.0,96.55328653477983,99.55328653477983,100.0,0.0,98.26139119336311
RASH_HUMAN_Bandaru_2017,random_walk,10,100.0,100.0,100.0,99.31078493937461,100.0,100.0,100.0,99.6553924696873,100.0,100.0,100.0,99.82769623484364,100.0,100.0,100.0,99.93107849393746
RASH_HUMAN_Bandaru_2017,greedy_local,10,99.74473516273133,100.0,0.0,99.28717294192725,99.74473516273133,100.0,0.0,99.51595405232925,99.74473516273133,100.0,0.0,99.63034460753032,99.87236758136567,100.0,0.0,99.74722399489468
RASH_HUMAN_Bandaru_2017,regevo,10,99.07466496490109,100.0,0.0,98.86470963624761,99.07466496490109,100.0,0.0,98.96968730057434,99.39374601148691,100.0,0.0,99.07035737077219,99.90427568602425,100.0,100.0,99.55583918315251
RASH_HUMAN_Bandaru_2017,gpbo_ei,10,99.10657306955967,100.0,0.0,98.99808551372051,99.52137843012125,100.0,0.0,99.1598596043395,99.74473516273133,100.0,0.0,99.45006381620934,99.74473516273133,100.0,0.0,99.62686662412253
RASH_HUMAN_Bandaru_2017,adalead_graph,10,99.10657306955967,100.0,0.0,98.99808551372051,99.10657306955967,100.0,0.0,99.05232929164005,99.39374601148691,100.0,0.0,99.1191767708998,99.96809189534142,100.0,100.0,99.45590299936183
RASH_HUMAN_Bandaru_2017,fly,10,99.10657306955967,100.0,0.0,99.09572431397577,99.10657306955967,100.0,0.0,99.1011486917677,99.90427568602425,100.0,100.0,99.48675813656668,99.90427568602425,100.0,100.0,99.73726866624122
RASH_HUMAN_Bandaru_2017,fly_memory,10,99.07466496490109,100.0,0.0,99.05424377791958,99.07466496490109,100.0,0.0,99.06445437141032,99.07466496490109,100.0,0.0,99.0695596681557,100.0,100.0,100.0,99.57447351627314
RASH_HUMAN_Bandaru_2017,fly_best_tested,10,99.10657306955967,100.0,0.0,99.08296107211234,99.10657306955967,100.0,0.0,99.09476707083599,99.10657306955967,100.0,0.0,99.10067007019785,99.90427568602425,100.0,100.0,99.54294830887046
RASH_HUMAN_Bandaru_2017,zs_mm_150M,10,98.97894065092534,0.0,0.0,96.99234205488193,98.97894065092534,0.0,0.0,97.98564135290367,99.96809189534142,100.0,100.0,98.88162093171667,99.96809189534142,100.0,100.0,99.53350350989152
RASH_HUMAN_Bandaru_2017,zs_wt_150M,10,98.97894065092534,0.0,0.0,97.19336311423099,99.13848117421826,100.0,0.0,98.11965539246972,99.96809189534142,100.0,100.0,98.82402680280791,99.96809189534142,100.0,100.0,99.510465858328
RASH_HUMAN_Bandaru_2017,zs_wt_650M,10,99.8085513720485,100.0,0.0,94.8315252074027,99.8085513720485,100.0,0.0,97.32003828972557,99.96809189534142,100.0,100.0,98.60816847479258,99.96809189534142,100.0,100.0,99.42412252712188
RASH_HUMAN_Bandaru_2017,zs_mm_8M,10,97.47925973197192,0.0,0.0,97.07594128908742,99.55328653477983,100.0,0.0,98.02680280791319,99.55328653477983,100.0,0.0,98.79004467134651,100.0,100.0,100.0,99.38379068283342
RASH_HUMAN_Bandaru_2017,zs_wt_8M,10,98.30887045309508,0.0,0.0,95.50223356732607,100.0,100.0,100.0,96.93937460114869,100.0,100.0,100.0,98.46968730057434,100.0,100.0,100.0,99.38787492022975
RASH_HUMAN_Bandaru_2017,random_search,11,95.94767070835992,0.0,0.0,93.18059987236757,99.07466496490109,100.0,0.0,95.56477345245693,100.0,100.0,100.0,97.43347160178686,100.0,100.0,100.0,98.97338864071475
RASH_HUMAN_Bandaru_2017,random_walk,11,99.90427568602425,100.0,100.0,97.0721123165284,99.90427568602425,100.0,100.0,98.48819400127628,99.90427568602425,100.0,100.0,99.19623484365027,99.90427568602425,100.0,100.0,99.62105934907466
RASH_HUMAN_Bandaru_2017,greedy_local,11,99.39374601148691,100.0,0.0,97.50287172941924,99.64901084875558,100.0,0.0,98.53765156349714,99.64901084875558,100.0,0.0,99.09333120612635,99.64901084875558,100.0,0.0,99.42673899170389
RASH_HUMAN_Bandaru_2017,regevo,11,99.93618379068283,100.0,100.0,96.02807913209955,99.93618379068283,100.0,100.0,97.98213146139125,99.93618379068283,100.0,100.0,98.95915762603705,99.93618379068283,100.0,100.0,99.54537332482452
RASH_HUMAN_Bandaru_2017,gpbo_ei,11,99.26611359285259,100.0,0.0,92.61646458200383,99.26611359285259,100.0,0.0,95.94128908742816,99.26611359285259,100.0,0.0,97.60370134014039,99.74473516273133,100.0,0.0,98.76598596043395
RASH_HUMAN_Bandaru_2017,adalead_graph,11,99.10657306955967,100.0,0.0,96.468410976388,99.23420548819401,100.0,0.0,97.80663688576897,99.55328653477983,100.0,0.0,98.67677089980853,99.8085513720485,100.0,0.0,99.29572431397574
RASH_HUMAN_Bandaru_2017,fly,11,99.90427568602425,100.0,100.0,98.13082322910019,99.90427568602425,100.0,100.0,99.01754945756217,99.90427568602425,100.0,100.0,99.46091257179322,100.0,100.0,100.0,99.7687938736439
RASH_HUMAN_Bandaru_2017,fly_memory,11,97.41544352265475,0.0,0.0,96.07402680280794,97.95788130185068,0.0,0.0,96.77728142948308,98.75558391831525,0.0,0.0,97.62284620293555,99.84045947670708,100.0,0.0,98.67160178685386
RASH_HUMAN_Bandaru_2017,fly_best_tested,11,96.77728142948308,0.0,0.0,95.51627313337588,99.45756222080408,100.0,0.0,96.22718570516912,99.45756222080408,100.0,0.0,97.8423739629866,99.96809189534142,100.0,100.0,99.03509891512444
RASH_HUMAN_Bandaru_2017,zs_mm_150M,11,98.97894065092534,0.0,0.0,96.99234205488193,98.97894065092534,0.0,0.0,97.98564135290367,99.96809189534142,100.0,100.0,98.88162093171667,99.96809189534142,100.0,100.0,99.53350350989152
RASH_HUMAN_Bandaru_2017,zs_wt_150M,11,98.97894065092534,0.0,0.0,97.19336311423099,99.13848117421826,100.0,0.0,98.11965539246972,99.96809189534142,100.0,100.0,98.82402680280791,99.96809189534142,100.0,100.0,99.510465858328
RASH_HUMAN_Bandaru_2017,zs_wt_650M,11,99.8085513720485,100.0,0.0,94.8315252074027,99.8085513720485,100.0,0.0,97.32003828972557,99.96809189534142,100.0,100.0,98.60816847479258,99.96809189534142,100.0,100.0,99.42412252712188
RASH_HUMAN_Bandaru_2017,zs_mm_8M,11,97.47925973197192,0.0,0.0,97.07594128908742,99.55328653477983,100.0,0.0,98.02680280791319,99.55328653477983,100.0,0.0,98.79004467134651,100.0,100.0,100.0,99.38379068283342
RASH_HUMAN_Bandaru_2017,zs_wt_8M,11,98.30887045309508,0.0,0.0,95.50223356732607,100.0,100.0,100.0,96.93937460114869,100.0,100.0,100.0,98.46968730057434,100.0,100.0,100.0,99.38787492022975
RASH_HUMAN_Bandaru_2017,random_search,12,98.62795149968092,0.0,0.0,98.62795149968093,99.26611359285259,100.0,0.0,98.88959795788126,99.36183790682833,100.0,0.0,99.09317166560305,99.84045947670708,100.0,0.0,99.45443522654756
RASH_HUMAN_Bandaru_2017,random_walk,12,92.27823867262285,0.0,0.0,91.16783663050414,92.27823867262285,0.0,0.0,91.7230376515635,98.24505424377791,0.0,0.0,92.86965539246968,99.13848117421826,100.0,0.0,96.4111678366305
RASH_HUMAN_Bandaru_2017,greedy_local,12,99.71282705807275,100.0,0.0,94.23803446075304,99.71282705807275,100.0,0.0,96.97543075941289,99.71282705807275,100.0,0.0,98.34412890874282,99.90427568602425,100.0,100.0,99.2346522016592
RASH_HUMAN_Bandaru_2017,regevo,12,97.319719208679,0.0,0.0,96.26930440331842,98.53222718570517,0.0,0.0,97.20676451818763,99.90427568602425,100.0,100.0,98.45516911295468,99.96809189534142,100.0,100.0,99.33433312061263
RASH_HUMAN_Bandaru_2017,gpbo_ei,12,99.52137843012125,100.0,0.0,96.62284620293555,99.52137843012125,100.0,0.0,98.0721123165284,99.52137843012125,100.0,0.0,98.79674537332481,99.74473516273133,100.0,0.0,99.31818761965539
RASH_HUMAN_Bandaru_2017,adalead_graph,12,99.10657306955967,100.0,0.0,96.35864709636249,99.10657306955967,100.0,0.0,97.73261008296106,99.55328653477983,100.0,0.0,98.49505424377793,99.96809189534142,100.0,100.0,99.24486279514997
RASH_HUMAN_Bandaru_2017,fly,12,98.75558391831525,0.0,0.0,97.1825143586471,98.75558391831525,0.0,0.0,97.96904913848117,99.52137843012125,100.0,0.0,98.57291001914487,99.90427568602425,100.0,100.0,99.25730695596681
RASH_HUMAN_Bandaru_2017,fly_memory,12,99.87236758136567,100.0,0.0,95.08487555839183,99.87236758136567,100.0,0.0,97.47862156987874,99.87236758136567,100.0,0.0,98.67549457562221,99.90427568602425,100.0,100.0,99.39495851946397
RASH_HUMAN_Bandaru_2017,fly_best_tested,12,92.27823867262285,0.0,0.0,91.7230376515635,95.56477345245692,0.0,0.0,92.36215698787491,99.87236758136567,100.0,0.0,95.21266751754945,100.0,100.0,100.0,98.03178047223994
RASH_HUMAN_Bandaru_2017,zs_mm_150M,12,98.97894065092534,0.0,0.0,96.99234205488193,98.97894065092534,0.0,0.0,97.98564135290367,99.96809189534142,100.0,100.0,98.88162093171667,99.96809189534142,100.0,100.0,99.53350350989152
RASH_HUMAN_Bandaru_2017,zs_wt_150M,12,98.97894065092534,0.0,0.0,97.19336311423099,99.13848117421826,100.0,0.0,98.11965539246972,99.96809189534142,100.0,100.0,98.82402680280791,99.96809189534142,100.0,100.0,99.510465858328
RASH_HUMAN_Bandaru_2017,zs_wt_650M,12,99.8085513720485,100.0,0.0,94.8315252074027,99.8085513720485,100.0,0.0,97.32003828972557,99.96809189534142,100.0,100.0,98.60816847479258,99.96809189534142,100.0,100.0,99.42412252712188
RASH_HUMAN_Bandaru_2017,zs_mm_8M,12,97.47925973197192,0.0,0.0,97.07594128908742,99.55328653477983,100.0,0.0,98.02680280791319,99.55328653477983,100.0,0.0,98.79004467134651,100.0,100.0,100.0,99.38379068283342
RASH_HUMAN_Bandaru_2017,zs_wt_8M,12,98.30887045309508,0.0,0.0,95.50223356732607,100.0,100.0,100.0,96.93937460114869,100.0,100.0,100.0,98.46968730057434,100.0,100.0,100.0,99.38787492022975
RASH_HUMAN_Bandaru_2017,random_search,13,93.80982769623485,0.0,0.0,86.92278238672621,95.50095724313975,0.0,0.0,90.48468410976383,99.74473516273133,100.0,0.0,93.90523292916401,99.93618379068283,100.0,100.0,97.48034460753031
RASH_HUMAN_Bandaru_2017,random_walk,13,95.34141671984685,0.0,0.0,91.87236758136567,98.75558391831525,0.0,0.0,94.37300574345885,98.75558391831525,0.0,0.0,96.56429483088705,100.0,100.0,100.0,98.44058710912572
RASH_HUMAN_Bandaru_2017,greedy_local,13,97.86215698787493,0.0,0.0,94.98596043395023,98.75558391831525,0.0,0.0,96.79036375239309,99.77664326738991,100.0,0.0,98.1260370134014,99.8085513720485,100.0,0.0,99.123739629866
RASH_HUMAN_Bandaru_2017,regevo,13,99.55328653477983,100.0,0.0,92.51627313337588,99.55328653477983,100.0,0.0,96.03477983407782,99.55328653477983,100.0,0.0,97.79403318442881,99.90427568602425,100.0,100.0,99.01595405232926
RASH_HUMAN_Bandaru_2017,gpbo_ei,13,99.8085513720485,100.0,0.0,91.531589023612,99.8085513720485,100.0,0.0,95.67007019783023,99.8085513720485,100.0,0.0,97.73931078493933,99.8085513720485,100.0,0.0,98.98085513720483
RASH_HUMAN_Bandaru_2017,adalead_graph,13,99.23420548819401,100.0,0.0,96.84556477345244,99.55328653477983,100.0,0.0,98.18985322271853,99.55328653477983,100.0,0.0,98.87156987874918,99.96809189534142,100.0,100.0,99.43158902361198
RASH_HUMAN_Bandaru_2017,fly,13,96.5858328015316,0.0,0.0,91.56158264199108,98.75558391831525,0.0,0.0,94.29068283343972,98.75558391831525,0.0,0.0,96.52313337587748,99.39374601148691,100.0,0.0,98.13701340140396
RASH_HUMAN_Bandaru_2017,fly_memory,13,91.51244416081684,0.0,0.0,90.77728142948308,97.63880025526484,0.0,0.0,94.1467772814295,99.90427568602425,100.0,100.0,96.95373324824504,99.90427568602425,100.0,100.0,98.72405871091256
RASH_HUMAN_Bandaru_2017,fly_best_tested,13,90.01276324186344,0.0,0.0,88.90427568602425,96.07530312699426,0.0,0.0,90.25303126994258,99.96809189534142,100.0,100.0,94.75877472878112,99.96809189534142,100.0,100.0,97.8843650287173
RASH_HUMAN_Bandaru_2017,zs_mm_150M,13,98.97894065092534,0.0,0.0,96.99234205488193,98.97894065092534,0.0,0.0,97.98564135290367,99.96809189534142,100.0,100.0,98.88162093171667,99.96809189534142,100.0,100.0,99.53350350989152
RASH_HUMAN_Bandaru_2017,zs_wt_150M,13,98.97894065092534,0.0,0.0,97.19336311423099,99.13848117421826,100.0,0.0,98.11965539246972,99.96809189534142,100.0,100.0,98.82402680280791,99.96809189534142,100.0,100.0,99.510465858328
RASH_HUMAN_Bandaru_2017,zs_wt_650M,13,99.8085513720485,100.0,0.0,94.8315252074027,99.8085513720485,100.0,0.0,97.32003828972557,99.96809189534142,100.0,100.0,98.60816847479258,99.96809189534142,100.0,100.0,99.42412252712188
RASH_HUMAN_Bandaru_2017,zs_mm_8M,13,97.47925973197192,0.0,0.0,97.07594128908742,99.55328653477983,100.0,0.0,98.02680280791319,99.55328653477983,100.0,0.0,98.79004467134651,100.0,100.0,100.0,99.38379068283342
RASH_HUMAN_Bandaru_2017,zs_wt_8M,13,98.30887045309508,0.0,0.0,95.50223356732607,100.0,100.0,100.0,96.93937460114869,100.0,100.0,100.0,98.46968730057434,100.0,100.0,100.0,99.38787492022975
RASH_HUMAN_Bandaru_2017,random_search,14,98.40459476707083,0.0,0.0,90.4435226547543,99.55328653477983,100.0,0.0,94.74569240587107,99.77664326738991,100.0,0.0,97.17294192724952,99.77664326738991,100.0,0.0,98.73516273133376
RASH_HUMAN_Bandaru_2017,random_walk,14,96.84109763880025,0.0,0.0,96.56413529036374,99.96809189534142,100.0,100.0,97.56030631780472,99.96809189534142,100.0,100.0,98.76419910657307,99.96809189534142,100.0,100.0,99.48653477983406
RASH_HUMAN_Bandaru_2017,greedy_local,14,99.8085513720485,100.0,0.0,97.23675813656669,99.8085513720485,100.0,0.0,98.52265475430758,99.8085513720485,100.0,0.0,99.16560306317803,99.8085513720485,100.0,0.0,99.5513720485003
RASH_HUMAN_Bandaru_2017,regevo,14,98.75558391831525,0.0,0.0,95.05679642629228,98.75558391831525,0.0,0.0,96.90619017230375,98.75558391831525,0.0,0.0,97.8308870453095,99.96809189534142,100.0,100.0,99.08168474792598
RASH_HUMAN_Bandaru_2017,gpbo_ei,14,99.26611359285259,100.0,0.0,98.25717932354819,99.26611359285259,100.0,0.0,98.76164645820035,99.52137843012125,100.0,0.0,99.07514358647094,99.74473516273133,100.0,0.0,99.41882578174857
RASH_HUMAN_Bandaru_2017,adalead_graph,14,99.32992980216976,100.0,0.0,95.13784301212507,99.39374601148691,100.0,0.0,97.2409061901723,99.55328653477983,100.0,0.0,98.3619974473516,99.96809189534142,100.0,100.0,99.2208679004467
RASH_HUMAN_Bandaru_2017,fly,14,98.72367581365667,0.0,0.0,96.08168474792598,98.75558391831525,0.0,0.0,97.40363752393107,99.87236758136567,100.0,0.0,98.31142310146777,99.96809189534142,100.0,100.0,99.25258455647736
RASH_HUMAN_Bandaru_2017,fly_memory,14,89.91703892788769,0.0,0.0,89.9170389278877,94.79897894065093,0.0,0.0,92.01627313337589,99.96809189534142,100.0,100.0,95.2610082961072,99.96809189534142,100.0,100.0,98.08525845564773
RASH_HUMAN_Bandaru_2017,fly_best_tested,14,94.41608168474792,0.0,0.0,93.24633056796426,98.81940012763242,0.0,0.0,95.94479897894064,99.58519463943841,100.0,0.0,97.44336311423103,99.96809189534142,100.0,100.0,98.84869176770901
RASH_HUMAN_Bandaru_2017,zs_mm_150M,14,98.97894065092534,0.0,0.0,96.99234205488193,98.97894065092534,0.0,0.0,97.98564135290367,99.96809189534142,100.0,100.0,98.88162093171667,99.96809189534142,100.0,100.0,99.53350350989152
RASH_HUMAN_Bandaru_2017,zs_wt_150M,14,98.97894065092534,0.0,0.0,97.19336311423099,99.13848117421826,100.0,0.0,98.11965539246972,99.96809189534142,100.0,100.0,98.82402680280791,99.96809189534142,100.0,100.0,99.510465858328
RASH_HUMAN_Bandaru_2017,zs_wt_650M,14,99.8085513720485,100.0,0.0,94.8315252074027,99.8085513720485,100.0,0.0,97.32003828972557,99.96809189534142,100.0,100.0,98.60816847479258,99.96809189534142,100.0,100.0,99.42412252712188
RASH_HUMAN_Bandaru_2017,zs_mm_8M,14,97.47925973197192,0.0,0.0,97.07594128908742,99.55328653477983,100.0,0.0,98.02680280791319,99.55328653477983,100.0,0.0,98.79004467134651,100.0,100.0,100.0,99.38379068283342
RASH_HUMAN_Bandaru_2017,zs_wt_8M,14,98.30887045309508,0.0,0.0,95.50223356732607,100.0,100.0,100.0,96.93937460114869,100.0,100.0,100.0,98.46968730057434,100.0,100.0,100.0,99.38787492022975
RASH_HUMAN_Bandaru_2017,random_search,15,98.72367581365667,0.0,0.0,97.5405232929164,98.72367581365667,0.0,0.0,98.13209955328654,99.617102744097,100.0,0.0,98.70038289725589,99.96809189534142,100.0,100.0,99.37747287811104
RASH_HUMAN_Bandaru_2017,random_walk,15,98.59604339502233,0.0,0.0,98.17038927887683,98.59604339502233,0.0,0.0,98.38321633694959,98.81940012763242,0.0,0.0,98.52425015954053,99.55328653477983,100.0,0.0,98.99342693044032
RASH_HUMAN_Bandaru_2017,greedy_local,15,96.61774090619018,0.0,0.0,96.61774090619018,99.90427568602425,100.0,100.0,97.44128908742819,99.90427568602425,100.0,100.0,98.67278238672623,99.90427568602425,100.0,100.0,99.41167836630503
RASH_HUMAN_Bandaru_2017,regevo,15,96.61774090619018,0.0,0.0,96.61774090619018,98.94703254626675,0.0,0.0,97.13529036375238,98.94703254626675,0.0,0.0,98.04116145500957,99.90427568602425,100.0,100.0,98.74282067645181
RASH_HUMAN_Bandaru_2017,gpbo_ei,15,99.26611359285259,100.0,0.0,98.16592214422464,99.36183790682833,100.0,0.0,98.72750478621569,99.52137843012125,100.0,0.0,99.10848755583916,99.74473516273133,100.0,0.0,99.41250797702617
RASH_HUMAN_Bandaru_2017,adalead_graph,15,99.29802169751117,100.0,0.0,96.83216336949586,99.39374601148691,100.0,0.0,98.07562220804084,99.90427568602425,100.0,100.0,98.87125079770261,99.90427568602425,100.0,100.0,99.49106573069558
RASH_HUMAN_Bandaru_2017,fly,15,96.61774090619018,0.0,0.0,96.61774090619018,96.61774090619018,0.0,0.0,96.61774090619014,98.75558391831525,0.0,0.0,97.34349074664966,99.45756222080408,100.0,0.0,98.55398851308233
RASH_HUMAN_Bandaru_2017,fly_memory,15,98.2769623484365,0.0,0.0,96.81684747925974,98.2769623484365,0.0,0.0,97.54690491384812,99.4256541161455,100.0,0.0,97.99234205488196,100.0,100.0,100.0,99.13490746649649
RASH_HUMAN_Bandaru_2017,fly_best_tested,15,96.61774090619018,0.0,0.0,96.61774090619018,100.0,100.0,100.0,97.46330567964266,100.0,100.0,100.0,98.73165283982132,100.0,100.0,100.0,99.49266113592853
RASH_HUMAN_Bandaru_2017,zs_mm_150M,15,98.97894065092534,0.0,0.0,96.99234205488193,98.97894065092534,0.0,0.0,97.98564135290367,99.96809189534142,100.0,100.0,98.88162093171667,99.96809189534142,100.0,100.0,99.53350350989152
RASH_HUMAN_Bandaru_2017,zs_wt_150M,15,98.97894065092534,0.0,0.0,97.19336311423099,99.13848117421826,100.0,0.0,98.11965539246972,99.96809189534142,100.0,100.0,98.82402680280791,99.96809189534142,100.0,100.0,99.510465858328
RASH_HUMAN_Bandaru_2017,zs_wt_650M,15,99.8085513720485,100.0,0.0,94.8315252074027,99.8085513720485,100.0,0.0,97.32003828972557,99.96809189534142,100.0,100.0,98.60816847479258,99.96809189534142,100.0,100.0,99.42412252712188
RASH_HUMAN_Bandaru_2017,zs_mm_8M,15,97.47925973197192,0.0,0.0,97.07594128908742,99.55328653477983,100.0,0.0,98.02680280791319,99.55328653477983,100.0,0.0,98.79004467134651,100.0,100.0,100.0,99.38379068283342
RASH_HUMAN_Bandaru_2017,zs_wt_8M,15,98.30887045309508,0.0,0.0,95.50223356732607,100.0,100.0,100.0,96.93937460114869,100.0,100.0,100.0,98.46968730057434,100.0,100.0,100.0,99.38787492022975
RASH_HUMAN_Bandaru_2017,random_search,16,97.57498404594767,0.0,0.0,89.79642629227823,98.43650287172942,0.0,0.0,94.107849393746,98.43650287172942,0.0,0.0,96.2721761327377,99.4256541161455,100.0,0.0,98.05666879387364
RASH_HUMAN_Bandaru_2017,random_walk,16,99.64901084875558,100.0,0.0,96.29419272495215,99.87236758136567,100.0,0.0,97.98276962348434,99.87236758136567,100.0,0.0,98.92756860242501,100.0,100.0,100.0,99.51582641991068
RASH_HUMAN_Bandaru_2017,greedy_local,16,98.75558391831525,0.0,0.0,93.23229100191448,99.36183790682833,100.0,0.0,96.23037651563496,99.58519463943841,100.0,0.0,97.88704530950861,99.8085513720485,100.0,0.0,98.94435226547544
RASH_HUMAN_Bandaru_2017,regevo,16,98.21314613911933,0.0,0.0,93.32482450542437,98.21314613911933,0.0,0.0,95.76898532227187,98.75558391831525,0.0,0.0,97.22160178685387,100.0,100.0,100.0,98.64722399489472
RASH_HUMAN_Bandaru_2017,gpbo_ei,16,98.30887045309508,0.0,0.0,97.94384173580089,99.26611359285259,100.0,0.0,98.41927249521378,99.26611359285259,100.0,0.0,98.84269304403318,99.74473516273133,100.0,0.0,99.38391831525209
RASH_HUMAN_Bandaru_2017,adalead_graph,16,99.07466496490109,100.0,0.0,98.48627951499682,99.36183790682833,100.0,0.0,98.81908104658585,99.55328653477983,100.0,0.0,99.15587109125718,99.96809189534142,100.0,100.0,99.55794511805999
RASH_HUMAN_Bandaru_2017,fly,16,94.4479897894065,0.0,0.0,90.05041480536056,98.72367581365667,0.0,0.0,93.84396936821953,98.75558391831525,0.0,0.0,96.28701340140397,99.90427568602425,100.0,100.0,98.33433312061261
RASH_HUMAN_Bandaru_2017,fly_memory,16,98.6598596043395,0.0,0.0,94.47287811104019,99.39374601148691,100.0,0.0,96.86056158264199,99.39374601148691,100.0,0.0,98.12715379706445,99.39374601148691,100.0,0.0,98.88710912571791
RASH_HUMAN_Bandaru_2017,fly_best_tested,16,96.936821952776,0.0,0.0,92.1640076579451,98.75558391831525,0.0,0.0,95.07945118059986,99.90427568602425,100.0,100.0,96.96920867900445,99.93618379068283,100.0,100.0,98.73337587747287
RASH_HUMAN_Bandaru_2017,zs_mm_150M,16,98.97894065092534,0.0,0.0,96.99234205488193,98.97894065092534,0.0,0.0,97.98564135290367,99.96809189534142,100.0,100.0,98.88162093171667,99.96809189534142,100.0,100.0,99.53350350989152
RASH_HUMAN_Bandaru_2017,zs_wt_150M,16,98.97894065092534,0.0,0.0,97.19336311423099,99.13848117421826,100.0,0.0,98.11965539246972,99.96809189534142,100.0,100.0,98.82402680280791,99.96809189534142,100.0,100.0,99.510465858328
RASH_HUMAN_Bandaru_2017,zs_wt_650M,16,99.8085513720485,100.0,0.0,94.8315252074027,99.8085513720485,100.0,0.0,97.32003828972557,99.96809189534142,100.0,100.0,98.60816847479258,99.96809189534142,100.0,100.0,99.42412252712188
RASH_HUMAN_Bandaru_2017,zs_mm_8M,16,97.47925973197192,0.0,0.0,97.07594128908742,99.55328653477983,100.0,0.0,98.02680280791319,99.55328653477983,100.0,0.0,98.79004467134651,100.0,100.0,100.0,99.38379068283342
RASH_HUMAN_Bandaru_2017,zs_wt_8M,16,98.30887045309508,0.0,0.0,95.50223356732607,100.0,100.0,100.0,96.93937460114869,100.0,100.0,100.0,98.46968730057434,100.0,100.0,100.0,99.38787492022975
RASH_HUMAN_Bandaru_2017,random_search,17,99.23420548819401,100.0,0.0,83.45564773452458,99.23420548819401,100.0,0.0,91.34492661135928,99.90427568602425,100.0,100.0,95.44910657306954,99.90427568602425,100.0,100.0,98.12220804084237
RASH_HUMAN_Bandaru_2017,random_walk,17,99.96809189534142,100.0,100.0,89.47543075941292,99.96809189534142,100.0,100.0,94.72176132737717,99.96809189534142,100.0,100.0,97.3449266113593,100.0,100.0,100.0,98.92335673261007
RASH_HUMAN_Bandaru_2017,greedy_local,17,100.0,100.0,100.0,91.45628589661774,100.0,100.0,100.0,95.72814294830887,100.0,100.0,100.0,97.86407147415444,100.0,100.0,100.0,99.14562858966178
RASH_HUMAN_Bandaru_2017,regevo,17,98.851308232291,0.0,0.0,92.61582641991065,98.851308232291,0.0,0.0,95.73356732610085,98.91512444160817,0.0,0.0,97.30871091257181,100.0,100.0,100.0,98.89974473516273
RASH_HUMAN_Bandaru_2017,gpbo_ei,17,99.39374601148691,100.0,0.0,93.84684109763879,99.52137843012125,100.0,0.0,96.64837268666241,99.55328653477983,100.0,0.0,98.08599234205487,99.74473516273133,100.0,0.0,99.010465858328
RASH_HUMAN_Bandaru_2017,adalead_graph,17,98.53222718570517,0.0,0.0,88.69432035737076,99.39374601148691,100.0,0.0,93.78557753669433,99.90427568602425,100.0,100.0,96.63369495851948,99.90427568602425,100.0,100.0,98.59604339502232
RASH_HUMAN_Bandaru_2017,fly,17,98.59604339502233,0.0,0.0,96.7409061901723,98.59604339502233,0.0,0.0,97.66847479259732,99.93618379068283,100.0,100.0,98.37683471601787,99.93618379068283,100.0,100.0,99.31244416081687
RASH_HUMAN_Bandaru_2017,fly_memory,17,98.40459476707083,0.0,0.0,93.9349074664965,98.40459476707083,0.0,0.0,96.16975111678369,100.0,100.0,100.0,97.86949585194641,100.0,100.0,100.0,99.14779834077856
RASH_HUMAN_Bandaru_2017,fly_best_tested,17,92.94830887045309,0.0,0.0,89.88130185067006,92.94830887045309,0.0,0.0,91.41480536056154,99.32992980216976,100.0,0.0,95.025047862157,99.90427568602425,100.0,100.0,97.84907466496489
RASH_HUMAN_Bandaru_2017,zs_mm_150M,17,98.97894065092534,0.0,0.0,96.99234205488193,98.97894065092534,0.0,0.0,97.98564135290367,99.96809189534142,100.0,100.0,98.88162093171667,99.96809189534142,100.0,100.0,99.53350350989152
RASH_HUMAN_Bandaru_2017,zs_wt_150M,17,98.97894065092534,0.0,0.0,97.19336311423099,99.13848117421826,100.0,0.0,98.11965539246972,99.96809189534142,100.0,100.0,98.82402680280791,99.96809189534142,100.0,100.0,99.510465858328
RASH_HUMAN_Bandaru_2017,zs_wt_650M,17,99.8085513720485,100.0,0.0,94.8315252074027,99.8085513720485,100.0,0.0,97.32003828972557,99.96809189534142,100.0,100.0,98.60816847479258,99.96809189534142,100.0,100.0,99.42412252712188
RASH_HUMAN_Bandaru_2017,zs_mm_8M,17,97.47925973197192,0.0,0.0,97.07594128908742,99.55328653477983,100.0,0.0,98.02680280791319,99.55328653477983,100.0,0.0,98.79004467134651,100.0,100.0,100.0,99.38379068283342
RASH_HUMAN_Bandaru_2017,zs_wt_8M,17,98.30887045309508,0.0,0.0,95.50223356732607,100.0,100.0,100.0,96.93937460114869,100.0,100.0,100.0,98.46968730057434,100.0,100.0,100.0,99.38787492022975
RASH_HUMAN_Bandaru_2017,random_search,18,99.01084875558392,100.0,0.0,93.19527760051052,99.01084875558392,100.0,0.0,96.10306317804725,99.55328653477983,100.0,0.0,97.57594128908742,99.68091895341416,100.0,0.0,98.82641991065731
RASH_HUMAN_Bandaru_2017,random_walk,18,98.59604339502233,0.0,0.0,97.74473516273135,99.4256541161455,100.0,0.0,98.35290363752391,99.4256541161455,100.0,0.0,98.88927887683472,99.87236758136567,100.0,0.0,99.24862795149969
RASH_HUMAN_Bandaru_2017,greedy_local,18,98.59604339502233,0.0,0.0,97.53605615826419,98.59604339502233,0.0,0.0,98.06604977664327,99.4256541161455,100.0,0.0,98.68777919591577,99.87236758136567,100.0,0.0,99.34135290363754
RASH_HUMAN_Bandaru_2017,regevo,18,99.39374601148691,100.0,0.0,98.16592214422462,99.68091895341416,100.0,0.0,98.88034460753032,99.90427568602425,100.0,100.0,99.31636885768985,99.90427568602425,100.0,100.0,99.66911295469049
RASH_HUMAN_Bandaru_2017,gpbo_ei,18,99.84045947670708,100.0,0.0,97.40650925335036,99.84045947670708,100.0,0.0,98.62348436502873,99.84045947670708,100.0,0.0,99.2319719208679,99.84045947670708,100.0,0.0,99.59706445437143
RASH_HUMAN_Bandaru_2017,adalead_graph,18,98.75558391831525,0.0,0.0,97.44033184428845,98.75558391831525,0.0,0.0,98.09795788130185,99.71282705807275,100.0,0.0,98.74345883854498,99.8085513720485,100.0,0.0,99.36566687938735
RASH_HUMAN_Bandaru_2017,fly,18,94.03318442884493,0.0,0.0,90.94575622208042,94.4479897894065,0.0,0.0,92.67198468410977,100.0,100.0,100.0,94.39278876834716,100.0,100.0,100.0,97.75711550733887
RASH_HUMAN_Bandaru_2017,fly_memory,18,99.87236758136567,100.0,0.0,99.47606892150606,99.87236758136567,100.0,0.0,99.67421825143587,99.87236758136567,100.0,0.0,99.77329291640079,99.96809189534142,100.0,100.0,99.8597319719209
RASH_HUMAN_Bandaru_2017,fly_best_tested,18,90.2680280791321,0.0,0.0,90.2680280791321,98.75558391831525,0.0,0.0,93.905232929164,99.39374601148691,100.0,0.0,96.34524569240588,99.90427568602425,100.0,100.0,98.4724952137843
RASH_HUMAN_Bandaru_2017,zs_mm_150M,18,98.97894065092534,0.0,0.0,96.99234205488193,98.97894065092534,0.0,0.0,97.98564135290367,99.96809189534142,100.0,100.0,98.88162093171667,99.96809189534142,100.0,100.0,99.53350350989152
RASH_HUMAN_Bandaru_2017,zs_wt_150M,18,98.97894065092534,0.0,0.0,97.19336311423099,99.13848117421826,100.0,0.0,98.11965539246972,99.96809189534142,100.0,100.0,98.82402680280791,99.96809189534142,100.0,100.0,99.510465858328
RASH_HUMAN_Bandaru_2017,zs_wt_650M,18,99.8085513720485,100.0,0.0,94.8315252074027,99.8085513720485,100.0,0.0,97.32003828972557,99.96809189534142,100.0,100.0,98.60816847479258,99.96809189534142,100.0,100.0,99.42412252712188
RASH_HUMAN_Bandaru_2017,zs_mm_8M,18,97.47925973197192,0.0,0.0,97.07594128908742,99.55328653477983,100.0,0.0,98.02680280791319,99.55328653477983,100.0,0.0,98.79004467134651,100.0,100.0,100.0,99.38379068283342
RASH_HUMAN_Bandaru_2017,zs_wt_8M,18,98.30887045309508,0.0,0.0,95.50223356732607,100.0,100.0,100.0,96.93937460114869,100.0,100.0,100.0,98.46968730057434,100.0,100.0,100.0,99.38787492022975
RASH_HUMAN_Bandaru_2017,random_search,19,99.617102744097,100.0,0.0,93.37906828334397,99.617102744097,100.0,0.0,96.49808551372051,99.617102744097,100.0,0.0,98.05759412890873,100.0,100.0,100.0,99.17862156987874
RASH_HUMAN_Bandaru_2017,random_walk,19,94.03318442884493,0.0,0.0,84.86662412252711,95.788130185067,0.0,0.0,90.03350350989149,95.788130185067,0.0,0.0,92.91081684747925,99.90427568602425,100.0,100.0,96.6877472878111
RASH_HUMAN_Bandaru_2017,greedy_local,19,95.85194639438417,0.0,0.0,79.70899808551373,96.936821952776,0.0,0.0,88.02999361837908,98.43650287172942,0.0,0.0,92.52089980855135,99.52137843012125,100.0,0.0,96.5833439693682
RASH_HUMAN_Bandaru_2017,regevo,19,99.90427568602425,100.0,100.0,96.70006381620931,99.90427568602425,100.0,100.0,98.30216975111675,99.90427568602425,100.0,100.0,99.1032227185705,99.96809189534142,100.0,100.0,99.60280791320996
RASH_HUMAN_Bandaru_2017,gpbo_ei,19,99.20229738353542,100.0,0.0,97.68793873643907,99.20229738353542,100.0,0.0,98.44511805998725,99.52137843012125,100.0,0.0,98.90603063178048,99.74473516273133,100.0,0.0,99.34850031908105
RASH_HUMAN_Bandaru_2017,adalead_graph,19,99.64901084875558,100.0,0.0,94.02105934907468,99.64901084875558,100.0,0.0,96.8350350989151,99.64901084875558,100.0,0.0,98.24202297383533,99.96809189534142,100.0,100.0,99.23082322910018
RASH_HUMAN_Bandaru_2017,fly,19,99.84045947670708,100.0,0.0,63.495213784301214,100.0,100.0,100.0,81.70772176132738,100.0,100.0,100.0,90.85386088066369,100.0,100.0,100.0,96.34154435226549
RASH_HUMAN_Bandaru_2017,fly_memory,19,90.33184428844926,0.0,0.0,59.87938736439055,98.72367581365667,0.0,0.0,77.47096362476069,98.72367581365667,0.0,0.0,88.09731971920868,99.48947032546266,100.0,0.0,94.63037651563496
RASH_HUMAN_Bandaru_2017,fly_best_tested,19,88.86407147415443,0.0,0.0,60.33886407147416,98.75558391831525,0.0,0.0,77.45947670708358,98.75558391831525,0.0,0.0,88.10753031269942,100.0,100.0,100.0,94.81244416081684
RASH_HUMAN_Bandaru_2017,zs_mm_150M,19,98.97894065092534,0.0,0.0,96.99234205488193,98.97894065092534,0.0,0.0,97.98564135290367,99.96809189534142,100.0,100.0,98.88162093171667,99.96809189534142,100.0,100.0,99.53350350989152
RASH_HUMAN_Bandaru_2017,zs_wt_150M,19,98.97894065092534,0.0,0.0,97.19336311423099,99.13848117421826,100.0,0.0,98.11965539246972,99.96809189534142,100.0,100.0,98.82402680280791,99.96809189534142,100.0,100.0,99.510465858328
RASH_HUMAN_Bandaru_2017,zs_wt_650M,19,99.8085513720485,100.0,0.0,94.8315252074027,99.8085513720485,100.0,0.0,97.32003828972557,99.96809189534142,100.0,100.0,98.60816847479258,99.96809189534142,100.0,100.0,99.42412252712188
RASH_HUMAN_Bandaru_2017,zs_mm_8M,19,97.47925973197192,0.0,0.0,97.07594128908742,99.55328653477983,100.0,0.0,98.02680280791319,99.55328653477983,100.0,0.0,98.79004467134651,100.0,100.0,100.0,99.38379068283342
RASH_HUMAN_Bandaru_2017,zs_wt_8M,19,98.30887045309508,0.0,0.0,95.50223356732607,100.0,100.0,100.0,96.93937460114869,100.0,100.0,100.0,98.46968730057434,100.0,100.0,100.0,99.38787492022975
BLAT_ECOLX_Firnberg_2014,random_search,0,94.79406230399331,0.0,0.0,87.35730712941668,98.62011289985365,0.0,0.0,91.72611331800123,98.62011289985365,0.0,0.0,95.17311310892747,99.77001881664228,100.0,0.0,97.48279322600878
BLAT_ECOLX_Firnberg_2014,random_walk,0,90.2780681580598,0.0,0.0,70.9797198411039,99.97909261969475,100.0,100.0,84.32615513276185,99.97909261969475,100.0,100.0,92.15262387622828,99.97909261969475,100.0,100.0,96.84850512230815
BLAT_ECOLX_Firnberg_2014,greedy_local,0,99.28914906962157,100.0,0.0,82.57118962993938,99.74911143633703,100.0,0.0,91.08195693079655,99.74911143633703,100.0,0.0,95.41553418356678,99.97909261969475,100.0,100.0,98.09939368597112
BLAT_ECOLX_Firnberg_2014,regevo,0,98.76646456199039,0.0,0.0,90.80075266569102,99.20551954840059,100.0,0.0,94.78799916370477,99.45640811206356,100.0,0.0,97.0306293121472,99.97909261969475,100.0,100.0,98.65272841312984
BLAT_ECOLX_Firnberg_2014,gpbo_ei,0,99.31005644992682,100.0,0.0,91.60694125026131,99.97909261969475,100.0,100.0,95.5120217436755,99.97909261969475,100.0,100.0,97.74555718168511,99.97909261969475,100.0,100.0,99.08567844449088
BLAT_ECOLX_Firnberg_2014,adalead_graph,0,98.13924315283295,0.0,0.0,95.1565962784863,98.30650219527493,0.0,0.0,96.69684298557394,99.31005644992682,100.0,0.0,97.84789880827931,99.97909261969475,100.0,100.0,99.06707087601923
BLAT_ECOLX_Firnberg_2014,fly,0,91.32343717332218,0.0,0.0,83.1302529793017,98.2019652937487,0.0,0.0,88.14990591678863,98.97553836504287,0.0,0.0,93.33838595024045,99.97909261969475,100.0,100.0,97.0717541292076
BLAT_ECOLX_Firnberg_2014,fly_memory,0,97.90926196947522,0.0,0.0,74.88354589169978,99.66548191511603,100.0,0.0,86.87058331591048,99.66548191511603,100.0,0.0,93.26803261551328,99.97909261969475,100.0,100.0,97.24637256951704
BLAT_ECOLX_Firnberg_2014,fly_best_tested,0,99.97909261969475,100.0,100.0,79.56052686598369,99.97909261969475,100.0,100.0,89.7698097428392,99.97909261969475,100.0,100.0,94.87445118126696,99.97909261969475,100.0,100.0,97.93723604432363
BLAT_ECOLX_Firnberg_2014,zs_mm_150M,0,99.62366715450554,100.0,0.0,99.11770855111854,99.62366715450554,100.0,0.0,99.37068785281197,99.62366715450554,100.0,0.0,99.49717750365875,99.97909261969475,100.0,100.0,99.685343926406
BLAT_ECOLX_Firnberg_2014,zs_wt_150M,0,99.62366715450554,100.0,0.0,99.12774409366506,99.62366715450554,100.0,0.0,99.37570562408524,99.62366715450554,100.0,0.0,99.49968638929539,100.0,100.0,100.0,99.72055195484005
BLAT_ECOLX_Firnberg_2014,zs_wt_650M,0,99.62366715450554,100.0,0.0,98.96006690361699,99.62366715450554,100.0,0.0,99.29186702906121,99.97909261969475,100.0,100.0,99.4897553836504,99.97909261969475,100.0,100.0,99.783357725277
BLAT_ECOLX_Firnberg_2014,zs_mm_8M,0,97.86744720886473,0.0,0.0,97.03240643947316,98.6410202801589,0.0,0.0,97.62011289985362,99.31005644992682,100.0,0.0,98.36263851139452,99.97909261969475,100.0,100.0,99.16926615095129
BLAT_ECOLX_Firnberg_2014,zs_wt_8M,0,97.86744720886473,0.0,0.0,96.97052059376962,97.86744720886473,0.0,0.0,97.41898390131713,98.78737194229564,0.0,0.0,98.00606314028853,99.31005644992682,100.0,0.0,98.78114154296466
BLAT_ECOLX_Firnberg_2014,random_search,1,95.04495086765628,0.0,0.0,83.31131089274513,97.44929960275978,0.0,0.0,90.33765419192976,99.45640811206356,100.0,0.0,94.75026134225382,99.97909261969475,100.0,100.0,97.59590215346017
BLAT_ECOLX_Firnberg_2014,random_walk,1,99.77001881664228,100.0,0.0,93.5362743048296,99.77001881664228,100.0,0.0,96.65314656073592,99.97909261969475,100.0,100.0,98.21367342671964,99.97909261969475,100.0,100.0,99.2729249425047
BLAT_ECOLX_Firnberg_2014,greedy_local,1,98.47376123771691,0.0,0.0,84.9199247334309,98.47376123771691,0.0,0.0,91.69684298557394,99.66548191511603,100.0,0.0,95.63453899226428,99.66548191511603,100.0,0.0,98.05310474597535
BLAT_ECOLX_Firnberg_2014,regevo,1,99.97909261969475,100.0,100.0,94.04808697470206,99.97909261969475,100.0,100.0,97.0135897971984,99.97909261969475,100.0,100.0,98.49634120844658,99.97909261969475,100.0,100.0,99.38599205519547
BLAT_ECOLX_Firnberg_2014,gpbo_ei,1,99.97909261969475,100.0,100.0,91.7871628684926,99.97909261969475,100.0,100.0,95.88312774409366,99.97909261969475,100.0,100.0,97.93111018189418,99.97909261969475,100.0,100.0,99.15989964457451
BLAT_ECOLX_Firnberg_2014,adalead_graph,1,98.47376123771691,0.0,0.0,95.3255279113527,98.47376123771691,0.0,0.0,96.89964457453482,99.97909261969475,100.0,100.0,98.15126489650844,99.97909261969475,100.0,100.0,99.24796153042023
BLAT_ECOLX_Firnberg_2014,fly,1,66.25548818733013,0.0,0.0,39.81434246288939,99.28914906962157,100.0,0.0,65.98620112899854,99.97909261969475,100.0,100.0,82.906439473134,99.97909261969475,100.0,100.0,93.15003136107045
BLAT_ECOLX_Firnberg_2014,fly_memory,1,99.97909261969475,100.0,100.0,82.46079866192767,99.97909261969475,100.0,100.0,91.21994564081119,99.97909261969475,100.0,100.0,95.59951913025296,99.97909261969475,100.0,100.0,98.22726322391803
BLAT_ECOLX_Firnberg_2014,fly_best_tested,1,99.0382605059586,100.0,0.0,93.90508049341418,99.66548191511603,100.0,0.0,96.50930378423581,99.97909261969475,100.0,100.0,98.22381350616769,99.97909261969475,100.0,100.0,99.27698097428392
BLAT_ECOLX_Firnberg_2014,zs_mm_150M,1,99.62366715450554,100.0,0.0,99.11770855111854,99.62366715450554,100.0,0.0,99.37068785281197,99.62366715450554,100.0,0.0,99.49717750365875,99.97909261969475,100.0,100.0,99.685343926406
BLAT_ECOLX_Firnberg_2014,zs_wt_150M,1,99.62366715450554,100.0,0.0,99.12774409366506,99.62366715450554,100.0,0.0,99.37570562408524,99.62366715450554,100.0,0.0,99.49968638929539,100.0,100.0,100.0,99.72055195484005
BLAT_ECOLX_Firnberg_2014,zs_wt_650M,1,99.62366715450554,100.0,0.0,98.96006690361699,99.62366715450554,100.0,0.0,99.29186702906121,99.97909261969475,100.0,100.0,99.4897553836504,99.97909261969475,100.0,100.0,99.783357725277
BLAT_ECOLX_Firnberg_2014,zs_mm_8M,1,97.86744720886473,0.0,0.0,97.03240643947316,98.6410202801589,0.0,0.0,97.62011289985362,99.31005644992682,100.0,0.0,98.36263851139452,99.97909261969475,100.0,100.0,99.16926615095129
BLAT_ECOLX_Firnberg_2014,zs_wt_8M,1,97.86744720886473,0.0,0.0,96.97052059376962,97.86744720886473,0.0,0.0,97.41898390131713,98.78737194229564,0.0,0.0,98.00606314028853,99.31005644992682,100.0,0.0,98.78114154296466
BLAT_ECOLX_Firnberg_2014,random_search,2,98.99644574534811,0.0,0.0,95.73656700815387,98.99644574534811,0.0,0.0,97.36650637675099,99.14279740748484,100.0,0.0,98.24294375914698,99.64457453481079,100.0,0.0,98.93840685762073
BLAT_ECOLX_Firnberg_2014,random_walk,2,99.0382605059586,100.0,0.0,96.46414384277651,99.62366715450554,100.0,0.0,98.01003554254649,99.97909261969475,100.0,100.0,98.87727367760817,99.97909261969475,100.0,100.0,99.53836504286011
BLAT_ECOLX_Firnberg_2014,greedy_local,2,99.97909261969475,100.0,100.0,96.56366297302948,99.97909261969475,100.0,100.0,98.2713777963621,99.97909261969475,100.0,100.0,99.12523520802843,99.97909261969475,100.0,100.0,99.63754965502821
BLAT_ECOLX_Firnberg_2014,regevo,2,97.99289149069621,0.0,0.0,91.74367551745767,99.66548191511603,100.0,0.0,95.26970520593768,99.66548191511603,100.0,0.0,97.46759356052688,99.97909261969475,100.0,100.0,98.95003136107046
BLAT_ECOLX_Firnberg_2014,gpbo_ei,2,99.97909261969475,100.0,100.0,95.0135897971984,99.97909261969475,100.0,100.0,97.49634120844655,99.97909261969475,100.0,100.0,98.73771691407065,99.97909261969475,100.0,100.0,99.48254233744511
BLAT_ECOLX_Firnberg_2014,adalead_graph,2,98.97553836504287,0.0,0.0,95.67551745766258,99.5609450135898,100.0,0.0,97.42504704160567,99.5609450135898,100.0,0.0,98.49299602759777,99.97909261969475,100.0,100.0,99.26171858666109
BLAT_ECOLX_Firnberg_2014,fly,2,99.97909261969475,100.0,100.0,98.55864520175622,99.97909261969475,100.0,100.0,99.26886891072547,99.97909261969475,100.0,100.0,99.6239807652101,99.97909261969475,100.0,100.0,99.83704787790089
BLAT_ECOLX_Firnberg_2014,fly_memory,2,99.97909261969475,100.0,100.0,97.77629103073386,99.97909261969475,100.0,100.0,98.87769182521428,99.97909261969475,100.0,100.0,99.42839222245449,99.97909261969475,100.0,100.0,99.75881246079864
BLAT_ECOLX_Firnberg_2014,fly_best_tested,2,99.97909261969475,100.0,100.0,98.07108509303784,99.97909261969475,100.0,100.0,99.02508885636627,99.97909261969475,100.0,100.0,99.50209073803049,99.97909261969475,100.0,100.0,99.78829186702905
BLAT_ECOLX_Firnberg_2014,zs_mm_150M,2,99.62366715450554,100.0,0.0,99.11770855111854,99.62366715450554,100.0,0.0,99.37068785281197,99.62366715450554,100.0,0.0,99.49717750365875,99.97909261969475,100.0,100.0,99.685343926406
BLAT_ECOLX_Firnberg_2014,zs_wt_150M,2,99.62366715450554,100.0,0.0,99.12774409366506,99.62366715450554,100.0,0.0,99.37570562408524,99.62366715450554,100.0,0.0,99.49968638929539,100.0,100.0,100.0,99.72055195484005
BLAT_ECOLX_Firnberg_2014,zs_wt_650M,2,99.62366715450554,100.0,0.0,98.96006690361699,99.62366715450554,100.0,0.0,99.29186702906121,99.97909261969475,100.0,100.0,99.4897553836504,99.97909261969475,100.0,100.0,99.783357725277
BLAT_ECOLX_Firnberg_2014,zs_mm_8M,2,97.86744720886473,0.0,0.0,97.03240643947316,98.6410202801589,0.0,0.0,97.62011289985362,99.31005644992682,100.0,0.0,98.36263851139452,99.97909261969475,100.0,100.0,99.16926615095129
BLAT_ECOLX_Firnberg_2014,zs_wt_8M,2,97.86744720886473,0.0,0.0,96.97052059376962,97.86744720886473,0.0,0.0,97.41898390131713,98.78737194229564,0.0,0.0,98.00606314028853,99.31005644992682,100.0,0.0,98.78114154296466
BLAT_ECOLX_Firnberg_2014,random_search,3,96.98933723604432,0.0,0.0,94.58247961530418,96.98933723604432,0.0,0.0,95.78590842567424,97.55383650428601,0.0,0.0,96.58540664854692,99.68638929542128,100.0,0.0,98.15805979510766
BLAT_ECOLX_Firnberg_2014,random_walk,3,99.97909261969475,100.0,100.0,99.41542964666529,99.97909261969475,100.0,100.0,99.69726113318,99.97909261969475,100.0,100.0,99.83817687643736,99.97909261969475,100.0,100.0,99.92272632239178
BLAT_ECOLX_Firnberg_2014,greedy_local,3,99.33096383023206,100.0,0.0,96.76604641438425,99.97909261969475,100.0,100.0,98.2115826886891,99.97909261969475,100.0,100.0,99.09533765419192,99.97909261969475,100.0,100.0,99.62559063349362
BLAT_ECOLX_Firnberg_2014,regevo,3,98.62011289985365,0.0,0.0,97.0963830232072,99.97909261969475,100.0,100.0,98.51055822705413,99.97909261969475,100.0,100.0,99.24482542337442,99.97909261969475,100.0,100.0,99.68538574116661
BLAT_ECOLX_Firnberg_2014,gpbo_ei,3,98.1601505331382,0.0,0.0,97.10683671335983,98.1601505331382,0.0,0.0,97.63349362324901,99.97909261969475,100.0,100.0,98.48996445745348,99.97909261969475,100.0,100.0,99.38344135479824
BLAT_ECOLX_Firnberg_2014,adalead_graph,3,95.67217227681371,0.0,0.0,92.02508885636631,98.85009408321137,0.0,0.0,94.97093874137569,99.97909261969475,100.0,100.0,97.1326573280368,99.97909261969475,100.0,100.0,98.84051850303156
BLAT_ECOLX_Firnberg_2014,fly,3,98.49466861802216,0.0,0.0,96.74597532929123,98.49466861802216,0.0,0.0,97.62032197365671,98.49466861802216,0.0,0.0,98.05749529583943,99.97909261969475,100.0,100.0,98.92368806188584
BLAT_ECOLX_Firnberg_2014,fly_memory,3,99.97909261969475,100.0,100.0,97.96027597742003,99.97909261969475,100.0,100.0,98.96968429855737,99.97909261969475,100.0,100.0,99.47438845912606,99.97909261969475,100.0,100.0,99.77721095546727
BLAT_ECOLX_Firnberg_2014,fly_best_tested,3,98.22287267405395,0.0,0.0,92.57537110600042,99.97909261969475,100.0,100.0,96.0840476688271,99.97909261969475,100.0,100.0,98.03157014426091,99.97909261969475,100.0,100.0,99.2000836295212
BLAT_ECOLX_Firnberg_2014,zs_mm_150M,3,99.62366715450554,100.0,0.0,99.11770855111854,99.62366715450554,100.0,0.0,99.37068785281197,99.62366715450554,100.0,0.0,99.49717750365875,99.97909261969475,100.0,100.0,99.685343926406
BLAT_ECOLX_Firnberg_2014,zs_wt_150M,3,99.62366715450554,100.0,0.0,99.12774409366506,99.62366715450554,100.0,0.0,99.37570562408524,99.62366715450554,100.0,0.0,99.49968638929539,100.0,100.0,100.0,99.72055195484005
BLAT_ECOLX_Firnberg_2014,zs_wt_650M,3,99.62366715450554,100.0,0.0,98.96006690361699,99.62366715450554,100.0,0.0,99.29186702906121,99.97909261969475,100.0,100.0,99.4897553836504,99.97909261969475,100.0,100.0,99.783357725277
BLAT_ECOLX_Firnberg_2014,zs_mm_8M,3,97.86744720886473,0.0,0.0,97.03240643947316,98.6410202801589,0.0,0.0,97.62011289985362,99.31005644992682,100.0,0.0,98.36263851139452,99.97909261969475,100.0,100.0,99.16926615095129
BLAT_ECOLX_Firnberg_2014,zs_wt_8M,3,97.86744720886473,0.0,0.0,96.97052059376962,97.86744720886473,0.0,0.0,97.41898390131713,98.78737194229564,0.0,0.0,98.00606314028853,99.31005644992682,100.0,0.0,98.78114154296466
BLAT_ECOLX_Firnberg_2014,random_search,4,99.45640811206356,100.0,0.0,96.8622203637884,99.45640811206356,100.0,0.0,98.15931423792601,99.45640811206356,100.0,0.0,98.80786117499476,99.5609450135898,100.0,0.0,99.23483169558855
BLAT_ECOLX_Firnberg_2014,random_walk,4,99.28914906962157,100.0,0.0,85.12732594605896,99.28914906962157,100.0,0.0,92.20823750784028,99.28914906962157,100.0,0.0,95.7486932887309,99.97909261969475,100.0,100.0,98.19310056449925
BLAT_ECOLX_Firnberg_2014,greedy_local,4,99.97909261969475,100.0,100.0,97.06585824796153,99.97909261969475,100.0,100.0,98.52247543382813,99.97909261969475,100.0,100.0,99.25078402676144,99.97909261969475,100.0,100.0,99.68776918252141
BLAT_ECOLX_Firnberg_2014,regevo,4,99.97909261969475,100.0,100.0,92.32782772318627,99.97909261969475,100.0,100.0,96.15346017144049,99.97909261969475,100.0,100.0,98.06627639556763,99.97909261969475,100.0,100.0,99.21396613004389
BLAT_ECOLX_Firnberg_2014,gpbo_ei,4,98.70374242107464,0.0,0.0,94.16600459962366,98.70374242107464,0.0,0.0,96.43487351034909,99.97909261969475,100.0,100.0,98.1268032615513,99.97909261969475,100.0,100.0,99.23817687643735
BLAT_ECOLX_Firnberg_2014,adalead_graph,4,99.68638929542128,100.0,0.0,81.17206773991218,99.68638929542128,100.0,0.0,90.42922851766669,99.97909261969475,100.0,100.0,95.09878737194227,99.97909261969475,100.0,100.0,98.02697052059375
BLAT_ECOLX_Firnberg_2014,fly,4,99.97909261969475,100.0,100.0,90.76479197156596,99.97909261969475,100.0,100.0,95.37194229563032,99.97909261969475,100.0,100.0,97.67551745766254,99.97909261969475,100.0,100.0,99.05766255488186
BLAT_ECOLX_Firnberg_2014,fly_memory,4,99.97909261969475,100.0,100.0,97.79427137779636,99.97909261969475,100.0,100.0,98.88668199874556,99.97909261969475,100.0,100.0,99.43288730922013,99.97909261969475,100.0,100.0,99.76061049550489
BLAT_ECOLX_Firnberg_2014,fly_best_tested,4,99.28914906962157,100.0,0.0,93.35145306293121,99.97909261969475,100.0,100.0,96.47208864729248,99.97909261969475,100.0,100.0,98.2255906334936,99.97909261969475,100.0,100.0,99.27769182521428
BLAT_ECOLX_Firnberg_2014,zs_mm_150M,4,99.62366715450554,100.0,0.0,99.11770855111854,99.62366715450554,100.0,0.0,99.37068785281197,99.62366715450554,100.0,0.0,99.49717750365875,99.97909261969475,100.0,100.0,99.685343926406
BLAT_ECOLX_Firnberg_2014,zs_wt_150M,4,99.62366715450554,100.0,0.0,99.12774409366506,99.62366715450554,100.0,0.0,99.37570562408524,99.62366715450554,100.0,0.0,99.49968638929539,100.0,100.0,100.0,99.72055195484005
BLAT_ECOLX_Firnberg_2014,zs_wt_650M,4,99.62366715450554,100.0,0.0,98.96006690361699,99.62366715450554,100.0,0.0,99.29186702906121,99.97909261969475,100.0,100.0,99.4897553836504,99.97909261969475,100.0,100.0,99.783357725277
BLAT_ECOLX_Firnberg_2014,zs_mm_8M,4,97.86744720886473,0.0,0.0,97.03240643947316,98.6410202801589,0.0,0.0,97.62011289985362,99.31005644992682,100.0,0.0,98.36263851139452,99.97909261969475,100.0,100.0,99.16926615095129
BLAT_ECOLX_Firnberg_2014,zs_wt_8M,4,97.86744720886473,0.0,0.0,96.97052059376962,97.86744720886473,0.0,0.0,97.41898390131713,98.78737194229564,0.0,0.0,98.00606314028853,99.31005644992682,100.0,0.0,98.78114154296466
BLAT_ECOLX_Firnberg_2014,random_search,5,99.97909261969475,100.0,100.0,95.0963830232072,99.97909261969475,100.0,100.0,97.53773782145096,99.97909261969475,100.0,100.0,98.75841522057284,99.97909261969475,100.0,100.0,99.49082166004597
BLAT_ECOLX_Firnberg_2014,random_walk,5,98.87100146351662,0.0,0.0,98.44281831486515,99.97909261969475,100.0,100.0,98.69015262387626,99.97909261969475,100.0,100.0,99.3346226217855,99.97909261969475,100.0,100.0,99.72130462053104
BLAT_ECOLX_Firnberg_2014,greedy_local,5,99.97909261969475,100.0,100.0,99.47355216391388,99.97909261969475,100.0,100.0,99.7263223918043,99.97909261969475,100.0,100.0,99.8527075057495,99.97909261969475,100.0,100.0,99.92853857411666
BLAT_ECOLX_Firnberg_2014,regevo,5,98.2019652937487,0.0,0.0,98.20196529374871,98.76646456199039,0.0,0.0,98.41647501568052,98.76646456199039,0.0,0.0,98.59146978883545,99.97909261969475,100.0,100.0,99.18979719841104
BLAT_ECOLX_Firnberg_2014,gpbo_ei,5,99.1637047877901,100.0,0.0,98.952122099101,99.1637047877901,100.0,0.0,99.05791344344553,99.97909261969475,100.0,100.0,99.46466652728412,99.97909261969475,100.0,100.0,99.77332218273048
BLAT_ECOLX_Firnberg_2014,adalead_graph,5,99.1637047877901,100.0,0.0,98.83671335981602,99.97909261969475,100.0,100.0,99.22036378841729,99.97909261969475,100.0,100.0,99.599728204056,99.97909261969475,100.0,100.0,99.82734685343925
BLAT_ECOLX_Firnberg_2014,fly,5,98.2019652937487,0.0,0.0,98.20196529374871,99.28914906962157,100.0,0.0,98.31068367133601,99.97909261969475,100.0,100.0,98.9896508467489,99.97909261969475,100.0,100.0,99.58331591051639
BLAT_ECOLX_Firnberg_2014,fly_memory,5,99.97909261969475,100.0,100.0,99.33932678235418,99.97909261969475,100.0,100.0,99.65920970102445,99.97909261969475,100.0,100.0,99.81915116035958,99.97909261969475,100.0,100.0,99.91511603596068
BLAT_ECOLX_Firnberg_2014,fly_best_tested,5,98.2019652937487,0.0,0.0,98.20196529374871,98.2019652937487,0.0,0.0,98.20196529374871,99.62366715450554,100.0,0.0,98.48431946477108,99.97909261969475,100.0,100.0,99.30227890445327
BLAT_ECOLX_Firnberg_2014,zs_mm_150M,5,99.62366715450554,100.0,0.0,99.11770855111854,99.62366715450554,100.0,0.0,99.37068785281197,99.62366715450554,100.0,0.0,99.49717750365875,99.97909261969475,100.0,100.0,99.685343926406
BLAT_ECOLX_Firnberg_2014,zs_wt_150M,5,99.62366715450554,100.0,0.0,99.12774409366506,99.62366715450554,100.0,0.0,99.37570562408524,99.62366715450554,100.0,0.0,99.49968638929539,100.0,100.0,100.0,99.72055195484005
BLAT_ECOLX_Firnberg_2014,zs_wt_650M,5,99.62366715450554,100.0,0.0,98.96006690361699,99.62366715450554,100.0,0.0,99.29186702906121,99.97909261969475,100.0,100.0,99.4897553836504,99.97909261969475,100.0,100.0,99.783357725277
BLAT_ECOLX_Firnberg_2014,zs_mm_8M,5,97.86744720886473,0.0,0.0,97.03240643947316,98.6410202801589,0.0,0.0,97.62011289985362,99.31005644992682,100.0,0.0,98.36263851139452,99.97909261969475,100.0,100.0,99.16926615095129
BLAT_ECOLX_Firnberg_2014,zs_wt_8M,5,97.86744720886473,0.0,0.0,96.97052059376962,97.86744720886473,0.0,0.0,97.41898390131713,98.78737194229564,0.0,0.0,98.00606314028853,99.31005644992682,100.0,0.0,98.78114154296466
BLAT_ECOLX_Firnberg_2014,random_search,6,95.04495086765628,0.0,0.0,88.72883127744095,95.04495086765628,0.0,0.0,91.88689107254861,99.97909261969475,100.0,100.0,95.80629312147188,99.97909261969475,100.0,100.0,98.30997282040559
BLAT_ECOLX_Firnberg_2014,random_walk,6,94.9613213464353,0.0,0.0,93.20426510558227,99.97909261969475,100.0,100.0,95.77085511185447,99.97909261969475,100.0,100.0,97.87497386577459,99.97909261969475,100.0,100.0,99.13744511812668
BLAT_ECOLX_Firnberg_2014,greedy_local,6,99.97909261969475,100.0,100.0,96.30942922851767,99.97909261969475,100.0,100.0,98.1442609241062,99.97909261969475,100.0,100.0,99.06167677190045,99.97909261969475,100.0,100.0,99.61212628057703
BLAT_ECOLX_Firnberg_2014,regevo,6,98.47376123771691,0.0,0.0,95.9422956303575,99.20551954840059,100.0,0.0,97.33242734685344,99.97909261969475,100.0,100.0,98.39661300439055,99.97909261969475,100.0,100.0,99.34610077357307
BLAT_ECOLX_Firnberg_2014,gpbo_ei,6,97.76291030733849,0.0,0.0,93.3238553209283,99.97909261969475,100.0,100.0,95.92013380723398,99.97909261969475,100.0,100.0,97.94961321346436,99.97909261969475,100.0,100.0,99.16730085720259
BLAT_ECOLX_Firnberg_2014,adalead_graph,6,97.42839222245452,0.0,0.0,94.28726740539412,99.97909261969475,100.0,100.0,96.73008572025925,99.97909261969475,100.0,100.0,98.35458916997699,99.97909261969475,100.0,100.0,99.32929123980765
BLAT_ECOLX_Firnberg_2014,fly,6,96.25757892536065,0.0,0.0,92.9717750365879,99.33096383023206,100.0,0.0,95.17457662554885,99.33096383023206,100.0,0.0,97.25277022789047,99.97909261969475,100.0,100.0,98.87430482960485
BLAT_ECOLX_Firnberg_2014,fly_memory,6,99.18461216809534,100.0,0.0,97.0445327200502,99.18461216809534,100.0,0.0,98.11457244407276,99.97909261969475,100.0,100.0,98.79448045159941,99.97909261969475,100.0,100.0,99.50524775245661
BLAT_ECOLX_Firnberg_2014,fly_best_tested,6,99.18461216809534,100.0,0.0,94.05143215555091,99.97909261969475,100.0,100.0,96.79092619694751,99.97909261969475,100.0,100.0,98.38500940832112,99.97909261969475,100.0,100.0,99.34145933514529
BLAT_ECOLX_Firnberg_2014,zs_mm_150M,6,99.62366715450554,100.0,0.0,99.11770855111854,99.62366715450554,100.0,0.0,99.37068785281197,99.62366715450554,100.0,0.0,99.49717750365875,99.97909261969475,100.0,100.0,99.685343926406
BLAT_ECOLX_Firnberg_2014,zs_wt_150M,6,99.62366715450554,100.0,0.0,99.12774409366506,99.62366715450554,100.0,0.0,99.37570562408524,99.62366715450554,100.0,0.0,99.49968638929539,100.0,100.0,100.0,99.72055195484005
BLAT_ECOLX_Firnberg_2014,zs_wt_650M,6,99.62366715450554,100.0,0.0,98.96006690361699,99.62366715450554,100.0,0.0,99.29186702906121,99.97909261969475,100.0,100.0,99.4897553836504,99.97909261969475,100.0,100.0,99.783357725277
BLAT_ECOLX_Firnberg_2014,zs_mm_8M,6,97.86744720886473,0.0,0.0,97.03240643947316,98.6410202801589,0.0,0.0,97.62011289985362,99.31005644992682,100.0,0.0,98.36263851139452,99.97909261969475,100.0,100.0,99.16926615095129
BLAT_ECOLX_Firnberg_2014,zs_wt_8M,6,97.86744720886473,0.0,0.0,96.97052059376962,97.86744720886473,0.0,0.0,97.41898390131713,98.78737194229564,0.0,0.0,98.00606314028853,99.31005644992682,100.0,0.0,98.78114154296466
BLAT_ECOLX_Firnberg_2014,random_search,7,96.48756010871838,0.0,0.0,92.87769182521433,98.13924315283295,0.0,0.0,95.0625130671127,98.2019652937487,0.0,0.0,96.62533974492999,99.97909261969475,100.0,100.0,98.37537110600042
BLAT_ECOLX_Firnberg_2014,random_walk,7,96.3203010662764,0.0,0.0,87.09680117081331,96.3203010662764,0.0,0.0,91.70855111854486,99.97909261969475,100.0,100.0,94.70248797825633,99.97909261969475,100.0,100.0,97.86845076311937
BLAT_ECOLX_Firnberg_2014,greedy_local,7,99.97909261969475,100.0,100.0,90.3136107045787,99.97909261969475,100.0,100.0,95.14635166213671,99.97909261969475,100.0,100.0,97.56272214091572,99.97909261969475,100.0,100.0,99.01254442818313
BLAT_ECOLX_Firnberg_2014,regevo,7,99.97909261969475,100.0,100.0,96.83754965502823,99.97909261969475,100.0,100.0,98.4083211373615,99.97909261969475,100.0,100.0,99.1937068785281,99.97909261969475,100.0,100.0,99.66493832322809
BLAT_ECOLX_Firnberg_2014,gpbo_ei,7,99.5609450135898,100.0,0.0,89.00648128789462,99.97909261969475,100.0,100.0,94.47606104955048,99.97909261969475,100.0,100.0,97.2275768346226,99.97909261969475,100.0,100.0,98.87848630566587
BLAT_ECOLX_Firnberg_2014,adalead_graph,7,99.14279740748484,100.0,0.0,91.8314865147397,99.97909261969475,100.0,100.0,95.78820823750783,99.97909261969475,100.0,100.0,97.88365042860129,99.97909261969475,100.0,100.0,99.14091574325735
BLAT_ECOLX_Firnberg_2014,fly,7,99.97909261969475,100.0,100.0,97.57516203219737,99.97909261969475,100.0,100.0,98.77712732594604,99.97909261969475,100.0,100.0,99.37810997282038,99.97909261969475,100.0,100.0,99.738699560945
BLAT_ECOLX_Firnberg_2014,fly_memory,7,99.97909261969475,100.0,100.0,88.94584988500941,99.97909261969475,100.0,100.0,94.46247125235207,99.97909261969475,100.0,100.0,97.22078193602341,99.97909261969475,100.0,100.0,98.87576834622621
BLAT_ECOLX_Firnberg_2014,fly_best_tested,7,99.97909261969475,100.0,100.0,94.6903616976793,99.97909261969475,100.0,100.0,97.334727158687,99.97909261969475,100.0,100.0,98.65690988919087,99.97909261969475,100.0,100.0,99.45021952749319
BLAT_ECOLX_Firnberg_2014,zs_mm_150M,7,99.62366715450554,100.0,0.0,99.11770855111854,99.62366715450554,100.0,0.0,99.37068785281197,99.62366715450554,100.0,0.0,99.49717750365875,99.97909261969475,100.0,100.0,99.685343926406
BLAT_ECOLX_Firnberg_2014,zs_wt_150M,7,99.62366715450554,100.0,0.0,99.12774409366506,99.62366715450554,100.0,0.0,99.37570562408524,99.62366715450554,100.0,0.0,99.49968638929539,100.0,100.0,100.0,99.72055195484005
BLAT_ECOLX_Firnberg_2014,zs_wt_650M,7,99.62366715450554,100.0,0.0,98.96006690361699,99.62366715450554,100.0,0.0,99.29186702906121,99.97909261969475,100.0,100.0,99.4897553836504,99.97909261969475,100.0,100.0,99.783357725277
BLAT_ECOLX_Firnberg_2014,zs_mm_8M,7,97.86744720886473,0.0,0.0,97.03240643947316,98.6410202801589,0.0,0.0,97.62011289985362,99.31005644992682,100.0,0.0,98.36263851139452,99.97909261969475,100.0,100.0,99.16926615095129
BLAT_ECOLX_Firnberg_2014,zs_wt_8M,7,97.86744720886473,0.0,0.0,96.97052059376962,97.86744720886473,0.0,0.0,97.41898390131713,98.78737194229564,0.0,0.0,98.00606314028853,99.31005644992682,100.0,0.0,98.78114154296466
BLAT_ECOLX_Firnberg_2014,random_search,8,99.97909261969475,100.0,100.0,94.20823750784025,99.97909261969475,100.0,100.0,97.09366506376747,99.97909261969475,100.0,100.0,98.53637884173109,99.97909261969475,100.0,100.0,99.40200710850928
BLAT_ECOLX_Firnberg_2014,random_walk,8,98.72464980137988,0.0,0.0,98.01379887100146,99.20551954840059,100.0,0.0,98.54233744511814,99.20551954840059,100.0,0.0,98.87392849675936,99.97909261969475,100.0,100.0,99.40087810997282
BLAT_ECOLX_Firnberg_2014,greedy_local,8,98.76646456199039,0.0,0.0,97.10140079448047,98.76646456199039,0.0,0.0,97.9339326782354,98.76646456199039,0.0,0.0,98.35019862011289,99.97909261969475,100.0,100.0,99.20384695797617
BLAT_ECOLX_Firnberg_2014,regevo,8,97.63746602550701,0.0,0.0,94.8935814342463,99.28914906962157,100.0,0.0,97.05833159105164,99.28914906962157,100.0,0.0,98.17374033033659,99.97909261969475,100.0,100.0,99.24177294584986
BLAT_ECOLX_Firnberg_2014,gpbo_ei,8,99.97909261969475,100.0,100.0,98.46121680953377,99.97909261969475,100.0,100.0,99.22015471461425,99.97909261969475,100.0,100.0,99.59962366715449,99.97909261969475,100.0,100.0,99.82730503867863
BLAT_ECOLX_Firnberg_2014,adalead_graph,8,97.2402257997073,0.0,0.0,92.67112690779847,98.34831695588542,0.0,0.0,95.32134643529167,99.14279740748484,100.0,0.0,97.10892745139034,99.97909261969475,100.0,100.0,98.74405185030314
BLAT_ECOLX_Firnberg_2014,fly,8,97.74200292703324,0.0,0.0,92.7242316537738,97.74200292703324,0.0,0.0,95.23311729040348,99.20551954840059,100.0,0.0,96.69245243570982,99.97909261969475,100.0,100.0,98.62266360025089
BLAT_ECOLX_Firnberg_2014,fly_memory,8,96.86389295421284,0.0,0.0,91.28036796989338,99.18461216809534,100.0,0.0,94.96884800334519,99.4773154923688,100.0,0.0,97.09868283504076,99.97909261969475,100.0,100.0,98.81890027179594
BLAT_ECOLX_Firnberg_2014,fly_best_tested,8,99.28914906962157,100.0,0.0,90.6389295421284,99.28914906962157,100.0,0.0,94.96403930587498,99.28914906962157,100.0,0.0,97.12659418774827,99.97909261969475,100.0,100.0,98.66284758519757
BLAT_ECOLX_Firnberg_2014,zs_mm_150M,8,99.62366715450554,100.0,0.0,99.11770855111854,99.62366715450554,100.0,0.0,99.37068785281197,99.62366715450554,100.0,0.0,99.49717750365875,99.97909261969475,100.0,100.0,99.685343926406
BLAT_ECOLX_Firnberg_2014,zs_wt_150M,8,99.62366715450554,100.0,0.0,99.12774409366506,99.62366715450554,100.0,0.0,99.37570562408524,99.62366715450554,100.0,0.0,99.49968638929539,100.0,100.0,100.0,99.72055195484005
BLAT_ECOLX_Firnberg_2014,zs_wt_650M,8,99.62366715450554,100.0,0.0,98.96006690361699,99.62366715450554,100.0,0.0,99.29186702906121,99.97909261969475,100.0,100.0,99.4897553836504,99.97909261969475,100.0,100.0,99.783357725277
BLAT_ECOLX_Firnberg_2014,zs_mm_8M,8,97.86744720886473,0.0,0.0,97.03240643947316,98.6410202801589,0.0,0.0,97.62011289985362,99.31005644992682,100.0,0.0,98.36263851139452,99.97909261969475,100.0,100.0,99.16926615095129
BLAT_ECOLX_Firnberg_2014,zs_wt_8M,8,97.86744720886473,0.0,0.0,96.97052059376962,97.86744720886473,0.0,0.0,97.41898390131713,98.78737194229564,0.0,0.0,98.00606314028853,99.31005644992682,100.0,0.0,98.78114154296466
BLAT_ECOLX_Firnberg_2014,random_search,9,98.2019652937487,0.0,0.0,94.6159314237926,98.2019652937487,0.0,0.0,96.40894835877067,98.2019652937487,0.0,0.0,97.30545682625969,99.49822287267405,100.0,0.0,98.02124189839016
BLAT_ECOLX_Firnberg_2014,random_walk,9,99.97909261969475,100.0,100.0,97.92222454526447,99.97909261969475,100.0,100.0,98.95065858247959,99.97909261969475,100.0,100.0,99.46487560108716,99.97909261969475,100.0,100.0,99.7734058122517
BLAT_ECOLX_Firnberg_2014,greedy_local,9,99.20551954840059,100.0,0.0,87.3915952331173,99.45640811206356,100.0,0.0,93.33619067530843,99.45640811206356,100.0,0.0,96.39629939368598,99.97909261969475,100.0,100.0,98.36199038260506
BLAT_ECOLX_Firnberg_2014,regevo,9,99.45640811206356,100.0,0.0,91.9159523311729,99.62366715450554,100.0,0.0,95.70625130671124,99.72820405603179,100.0,0.0,97.67123144469997,99.97909261969475,100.0,100.0,99.04189839013169
BLAT_ECOLX_Firnberg_2014,gpbo_ei,9,99.5609450135898,100.0,0.0,97.81559690570772,99.97909261969475,100.0,100.0,98.71754129207613,99.97909261969475,100.0,100.0,99.34831695588542,99.97909261969475,100.0,100.0,99.72678235417101
BLAT_ECOLX_Firnberg_2014,adalead_graph,9,99.45640811206356,100.0,0.0,94.51055822705413,99.45640811206356,100.0,0.0,96.98348316955885,99.58185239389505,100.0,0.0,98.22433619067529,99.97909261969475,100.0,100.0,99.2422329082166
BLAT_ECOLX_Firnberg_2014,fly,9,99.97909261969475,100.0,100.0,86.51348526029687,99.97909261969475,100.0,100.0,93.2462889399958,99.97909261969475,100.0,100.0,96.61269077984525,99.97909261969475,100.0,100.0,98.63253188375494
BLAT_ECOLX_Firnberg_2014,fly_memory,9,61.50951285803889,0.0,0.0,57.751620321973654,98.47376123771691,0.0,0.0,73.99937277859082,99.97909261969475,100.0,100.0,86.58279322600876,99.97909261969475,100.0,100.0,94.62057286222034
BLAT_ECOLX_Firnberg_2014,fly_best_tested,9,99.20551954840059,100.0,0.0,97.52289358143426,99.97909261969475,100.0,100.0,98.54212837131509,99.97909261969475,100.0,100.0,99.26061049550492,99.97909261969475,100.0,100.0,99.6916997700188
BLAT_ECOLX_Firnberg_2014,zs_mm_150M,9,99.62366715450554,100.0,0.0,99.11770855111854,99.62366715450554,100.0,0.0,99.37068785281197,99.62366715450554,100.0,0.0,99.49717750365875,99.97909261969475,100.0,100.0,99.685343926406
BLAT_ECOLX_Firnberg_2014,zs_wt_150M,9,99.62366715450554,100.0,0.0,99.12774409366506,99.62366715450554,100.0,0.0,99.37570562408524,99.62366715450554,100.0,0.0,99.49968638929539,100.0,100.0,100.0,99.72055195484005
BLAT_ECOLX_Firnberg_2014,zs_wt_650M,9,99.62366715450554,100.0,0.0,98.96006690361699,99.62366715450554,100.0,0.0,99.29186702906121,99.97909261969475,100.0,100.0,99.4897553836504,99.97909261969475,100.0,100.0,99.783357725277
BLAT_ECOLX_Firnberg_2014,zs_mm_8M,9,97.86744720886473,0.0,0.0,97.03240643947316,98.6410202801589,0.0,0.0,97.62011289985362,99.31005644992682,100.0,0.0,98.36263851139452,99.97909261969475,100.0,100.0,99.16926615095129
BLAT_ECOLX_Firnberg_2014,zs_wt_8M,9,97.86744720886473,0.0,0.0,96.97052059376962,97.86744720886473,0.0,0.0,97.41898390131713,98.78737194229564,0.0,0.0,98.00606314028853,99.31005644992682,100.0,0.0,98.78114154296466
BLAT_ECOLX_Firnberg_2014,random_search,10,96.3203010662764,0.0,0.0,94.54442818314867,99.58185239389505,100.0,0.0,96.57390758937903,99.58185239389505,100.0,0.0,98.07787999163706,99.97909261969475,100.0,100.0,99.14630984737613
BLAT_ECOLX_Firnberg_2014,random_walk,10,99.66548191511603,100.0,0.0,89.42797407484842,99.97909261969475,100.0,100.0,94.69726113318,99.97909261969475,100.0,100.0,97.33817687643736,99.97909261969475,100.0,100.0,98.92272632239178
BLAT_ECOLX_Firnberg_2014,greedy_local,10,98.2019652937487,0.0,0.0,93.35563453899228,99.18461216809534,100.0,0.0,95.84716704996866,99.5609450135898,100.0,0.0,97.59366506376753,99.5609450135898,100.0,0.0,98.7740330336609
BLAT_ECOLX_Firnberg_2014,regevo,10,98.1601505331382,0.0,0.0,90.88270959648754,98.87100146351662,0.0,0.0,94.8477942713778,98.87100146351662,0.0,0.0,96.85939786744723,99.97909261969475,100.0,100.0,98.46343299184613
BLAT_ECOLX_Firnberg_2014,gpbo_ei,10,89.79719841103909,0.0,0.0,87.37068785281203,96.09031988291866,0.0,0.0,91.25590633493623,99.97909261969475,100.0,100.0,95.40298975538364,99.97909261969475,100.0,100.0,98.1486514739703
BLAT_ECOLX_Firnberg_2014,adalead_graph,10,98.82918670290613,0.0,0.0,95.04160568680746,99.5609450135898,100.0,0.0,97.16161404975954,99.5609450135898,100.0,0.0,98.3612795316747,99.97909261969475,100.0,100.0,99.23495713987039
BLAT_ECOLX_Firnberg_2014,fly,10,96.06941250261342,0.0,0.0,92.25172485887516,96.06941250261342,0.0,0.0,94.16056868074428,99.66548191511603,100.0,0.0,96.61143633702697,99.97909261969475,100.0,100.0,98.6000418147606
BLAT_ECOLX_Firnberg_2014,fly_memory,10,97.05205937696007,0.0,0.0,90.9542128371315,97.05205937696007,0.0,0.0,94.00313610704579,99.97909261969475,100.0,100.0,95.81037006063141,99.97909261969475,100.0,100.0,98.31160359606942
BLAT_ECOLX_Firnberg_2014,fly_best_tested,10,98.2019652937487,0.0,0.0,83.45849885009407,98.30650219527493,0.0,0.0,90.86263851139452,99.97909261969475,100.0,100.0,95.18785281204265,99.97909261969475,100.0,100.0,98.0625966966339
BLAT_ECOLX_Firnberg_2014,zs_mm_150M,10,99.62366715450554,100.0,0.0,99.11770855111854,99.62366715450554,100.0,0.0,99.37068785281197,99.62366715450554,100.0,0.0,99.49717750365875,99.97909261969475,100.0,100.0,99.685343926406
BLAT_ECOLX_Firnberg_2014,zs_wt_150M,10,99.62366715450554,100.0,0.0,99.12774409366506,99.62366715450554,100.0,0.0,99.37570562408524,99.62366715450554,100.0,0.0,99.49968638929539,100.0,100.0,100.0,99.72055195484005
BLAT_ECOLX_Firnberg_2014,zs_wt_650M,10,99.62366715450554,100.0,0.0,98.96006690361699,99.62366715450554,100.0,0.0,99.29186702906121,99.97909261969475,100.0,100.0,99.4897553836504,99.97909261969475,100.0,100.0,99.783357725277
BLAT_ECOLX_Firnberg_2014,zs_mm_8M,10,97.86744720886473,0.0,0.0,97.03240643947316,98.6410202801589,0.0,0.0,97.62011289985362,99.31005644992682,100.0,0.0,98.36263851139452,99.97909261969475,100.0,100.0,99.16926615095129
BLAT_ECOLX_Firnberg_2014,zs_wt_8M,10,97.86744720886473,0.0,0.0,96.97052059376962,97.86744720886473,0.0,0.0,97.41898390131713,98.78737194229564,0.0,0.0,98.00606314028853,99.31005644992682,100.0,0.0,98.78114154296466
BLAT_ECOLX_Firnberg_2014,random_search,11,93.72778590842567,0.0,0.0,81.04871419611123,98.74555718168513,0.0,0.0,88.92097010244613,99.58185239389505,100.0,0.0,93.96435291657956,99.58185239389505,100.0,0.0,97.33485260296885
BLAT_ECOLX_Firnberg_2014,random_walk,11,99.97909261969475,100.0,100.0,98.76604641438429,99.97909261969475,100.0,100.0,99.3725695170395,99.97909261969475,100.0,100.0,99.67583106836712,99.97909261969475,100.0,100.0,99.85778799916369
BLAT_ECOLX_Firnberg_2014,greedy_local,11,99.97909261969475,100.0,100.0,98.0171440518503,99.97909261969475,100.0,100.0,98.99811833577252,99.97909261969475,100.0,100.0,99.48860547773361,99.97909261969475,100.0,100.0,99.7828977629103
BLAT_ECOLX_Firnberg_2014,regevo,11,96.73844867238135,0.0,0.0,93.15450554045579,99.45640811206356,100.0,0.0,95.97198411039099,99.45640811206356,100.0,0.0,97.71419611122725,99.97909261969475,100.0,100.0,99.01563872046833
BLAT_ECOLX_Firnberg_2014,gpbo_ei,11,99.31005644992682,100.0,0.0,97.22433619067529,99.5609450135898,100.0,0.0,98.38448672381348,99.97909261969475,100.0,100.0,99.16088229144887,99.97909261969475,100.0,100.0,99.65180848839638
BLAT_ECOLX_Firnberg_2014,adalead_graph,11,99.28914906962157,100.0,0.0,97.33890863474807,99.28914906962157,100.0,0.0,98.31402885218482,99.5609450135898,100.0,0.0,98.88772736776082,99.97909261969475,100.0,100.0,99.45055404557809
BLAT_ECOLX_Firnberg_2014,fly,11,99.97909261969475,100.0,100.0,98.71126907798453,99.97909261969475,100.0,100.0,99.34518084883963,99.97909261969475,100.0,100.0,99.6621367342672,99.97909261969475,100.0,100.0,99.85231026552371
BLAT_ECOLX_Firnberg_2014,fly_memory,11,97.36567008153878,0.0,0.0,97.10014635166215,98.01379887100147,0.0,0.0,97.35605268659837,98.01379887100147,0.0,0.0,97.68492577879992,99.97909261969475,100.0,100.0,99.02408530211163
BLAT_ECOLX_Firnberg_2014,fly_best_tested,11,98.47376123771691,0.0,0.0,98.14217018607567,99.97909261969475,100.0,100.0,98.53376541919297,99.97909261969475,100.0,100.0,99.25642901944386,99.97909261969475,100.0,100.0,99.69002717959438
BLAT_ECOLX_Firnberg_2014,zs_mm_150M,11,99.62366715450554,100.0,0.0,99.11770855111854,99.62366715450554,100.0,0.0,99.37068785281197,99.62366715450554,100.0,0.0,99.49717750365875,99.97909261969475,100.0,100.0,99.685343926406
BLAT_ECOLX_Firnberg_2014,zs_wt_150M,11,99.62366715450554,100.0,0.0,99.12774409366506,99.62366715450554,100.0,0.0,99.37570562408524,99.62366715450554,100.0,0.0,99.49968638929539,100.0,100.0,100.0,99.72055195484005
BLAT_ECOLX_Firnberg_2014,zs_wt_650M,11,99.62366715450554,100.0,0.0,98.96006690361699,99.62366715450554,100.0,0.0,99.29186702906121,99.97909261969475,100.0,100.0,99.4897553836504,99.97909261969475,100.0,100.0,99.783357725277
BLAT_ECOLX_Firnberg_2014,zs_mm_8M,11,97.86744720886473,0.0,0.0,97.03240643947316,98.6410202801589,0.0,0.0,97.62011289985362,99.31005644992682,100.0,0.0,98.36263851139452,99.97909261969475,100.0,100.0,99.16926615095129
BLAT_ECOLX_Firnberg_2014,zs_wt_8M,11,97.86744720886473,0.0,0.0,96.97052059376962,97.86744720886473,0.0,0.0,97.41898390131713,98.78737194229564,0.0,0.0,98.00606314028853,99.31005644992682,100.0,0.0,98.78114154296466
BLAT_ECOLX_Firnberg_2014,random_search,12,97.76291030733849,0.0,0.0,92.07693915952332,98.26468743466444,0.0,0.0,94.99519130252982,98.26468743466444,0.0,0.0,96.62993936859712,99.68638929542128,100.0,0.0,98.2020071085093
BLAT_ECOLX_Firnberg_2014,random_walk,12,99.97909261969475,100.0,100.0,89.43633702697052,99.97909261969475,100.0,100.0,94.70771482333261,99.97909261969475,100.0,100.0,97.34340372151368,99.97909261969475,100.0,100.0,98.92481706042231
BLAT_ECOLX_Firnberg_2014,greedy_local,12,96.86389295421284,0.0,0.0,70.94125026134226,98.93372360443236,0.0,0.0,84.08990173531254,99.97909261969475,100.0,100.0,91.85803888772735,99.97909261969475,100.0,100.0,96.73067112690778
BLAT_ECOLX_Firnberg_2014,regevo,12,99.68638929542128,100.0,0.0,95.31381977838178,99.68638929542128,100.0,0.0,97.50010453690149,99.68638929542128,100.0,0.0,98.5932469161614,99.97909261969475,100.0,100.0,99.35450554045578
BLAT_ECOLX_Firnberg_2014,gpbo_ei,12,95.04495086765628,0.0,0.0,82.55906334936232,99.5609450135898,100.0,0.0,90.33368178967174,99.97909261969475,100.0,100.0,95.15011499059169,99.97909261969475,100.0,100.0,98.04750156805352
BLAT_ECOLX_Firnberg_2014,adalead_graph,12,98.93372360443236,0.0,0.0,90.60464143842775,98.93372360443236,0.0,0.0,94.76918252143005,99.97909261969475,100.0,100.0,97.2486932887309,99.97909261969475,100.0,100.0,98.8869328873092
BLAT_ECOLX_Firnberg_2014,fly,12,99.97909261969475,100.0,100.0,78.2028015889609,99.97909261969475,100.0,100.0,89.09094710432781,99.97909261969475,100.0,100.0,94.53501986201127,99.97909261969475,100.0,100.0,97.80146351662135
BLAT_ECOLX_Firnberg_2014,fly_memory,12,89.69266150951286,0.0,0.0,83.83566799080074,99.28914906962157,100.0,0.0,90.40957558017982,99.97909261969475,100.0,100.0,95.14603805143216,99.97909261969475,100.0,100.0,98.0458707923897
BLAT_ECOLX_Firnberg_2014,fly_best_tested,12,99.28914906962157,100.0,0.0,85.91260715032408,99.97909261969475,100.0,100.0,92.84925778799914,99.97909261969475,100.0,100.0,96.41417520384694,99.97909261969475,100.0,100.0,98.55312565335562
BLAT_ECOLX_Firnberg_2014,zs_mm_150M,12,99.62366715450554,100.0,0.0,99.11770855111854,99.62366715450554,100.0,0.0,99.37068785281197,99.62366715450554,100.0,0.0,99.49717750365875,99.97909261969475,100.0,100.0,99.685343926406
BLAT_ECOLX_Firnberg_2014,zs_wt_150M,12,99.62366715450554,100.0,0.0,99.12774409366506,99.62366715450554,100.0,0.0,99.37570562408524,99.62366715450554,100.0,0.0,99.49968638929539,100.0,100.0,100.0,99.72055195484005
BLAT_ECOLX_Firnberg_2014,zs_wt_650M,12,99.62366715450554,100.0,0.0,98.96006690361699,99.62366715450554,100.0,0.0,99.29186702906121,99.97909261969475,100.0,100.0,99.4897553836504,99.97909261969475,100.0,100.0,99.783357725277
BLAT_ECOLX_Firnberg_2014,zs_mm_8M,12,97.86744720886473,0.0,0.0,97.03240643947316,98.6410202801589,0.0,0.0,97.62011289985362,99.31005644992682,100.0,0.0,98.36263851139452,99.97909261969475,100.0,100.0,99.16926615095129
BLAT_ECOLX_Firnberg_2014,zs_wt_8M,12,97.86744720886473,0.0,0.0,96.97052059376962,97.86744720886473,0.0,0.0,97.41898390131713,98.78737194229564,0.0,0.0,98.00606314028853,99.31005644992682,100.0,0.0,98.78114154296466
BLAT_ECOLX_Firnberg_2014,random_search,13,97.32385532092829,0.0,0.0,95.59606941250262,98.1601505331382,0.0,0.0,96.86138406857623,99.77001881664228,100.0,0.0,98.11446790717123,99.97909261969475,100.0,100.0,99.13748693288731
BLAT_ECOLX_Firnberg_2014,random_walk,13,99.97909261969475,100.0,100.0,95.97574743884591,99.97909261969475,100.0,100.0,97.97742002927032,99.97909261969475,100.0,100.0,98.97825632448253,99.97909261969475,100.0,100.0,99.57875810160985
BLAT_ECOLX_Firnberg_2014,greedy_local,13,99.28914906962157,100.0,0.0,93.79008990173534,99.28914906962157,100.0,0.0,96.53961948567847,99.97909261969475,100.0,100.0,98.00188166422748,99.97909261969475,100.0,100.0,99.18820823750784
BLAT_ECOLX_Firnberg_2014,regevo,13,97.05205937696007,0.0,0.0,92.97261133180012,98.57829813924316,0.0,0.0,95.40915743257374,99.97909261969475,100.0,100.0,97.17677190048087,99.97909261969475,100.0,100.0,98.85816433200918
BLAT_ECOLX_Firnberg_2014,gpbo_ei,13,99.5609450135898,100.0,0.0,90.43278277231865,99.97909261969475,100.0,100.0,95.09303784235836,99.97909261969475,100.0,100.0,97.53606523102656,99.97909261969475,100.0,100.0,99.00188166422745
BLAT_ECOLX_Firnberg_2014,adalead_graph,13,97.55383650428601,0.0,0.0,93.75203846957974,98.34831695588542,0.0,0.0,96.01839849466862,99.66548191511603,100.0,0.0,97.82876855530002,99.97909261969475,100.0,100.0,99.01923478988083
BLAT_ECOLX_Firnberg_2014,fly,13,99.58185239389505,100.0,0.0,96.97679280786119,99.97909261969475,100.0,100.0,98.43821869119797,99.97909261969475,100.0,100.0,99.20865565544635,99.97909261969475,100.0,100.0,99.67091783399538
BLAT_ECOLX_Firnberg_2014,fly_memory,13,97.74200292703324,0.0,0.0,94.94125026134225,98.47376123771691,0.0,0.0,96.47020698306504,99.97909261969475,100.0,100.0,98.20959648756008,99.97909261969475,100.0,100.0,99.27129416684087
BLAT_ECOLX_Firnberg_2014,fly_best_tested,13,97.42839222245452,0.0,0.0,94.28852184821244,99.28914906962157,100.0,0.0,96.39807652101192,99.28914906962157,100.0,0.0,97.84361279531673,99.97909261969475,100.0,100.0,99.09316328664016
BLAT_ECOLX_Firnberg_2014,zs_mm_150M,13,99.62366715450554,100.0,0.0,99.11770855111854,99.62366715450554,100.0,0.0,99.37068785281197,99.62366715450554,100.0,0.0,99.49717750365875,99.97909261969475,100.0,100.0,99.685343926406
BLAT_ECOLX_Firnberg_2014,zs_wt_150M,13,99.62366715450554,100.0,0.0,99.12774409366506,99.62366715450554,100.0,0.0,99.37570562408524,99.62366715450554,100.0,0.0,99.49968638929539,100.0,100.0,100.0,99.72055195484005
BLAT_ECOLX_Firnberg_2014,zs_wt_650M,13,99.62366715450554,100.0,0.0,98.96006690361699,99.62366715450554,100.0,0.0,99.29186702906121,99.97909261969475,100.0,100.0,99.4897553836504,99.97909261969475,100.0,100.0,99.783357725277
BLAT_ECOLX_Firnberg_2014,zs_mm_8M,13,97.86744720886473,0.0,0.0,97.03240643947316,98.6410202801589,0.0,0.0,97.62011289985362,99.31005644992682,100.0,0.0,98.36263851139452,99.97909261969475,100.0,100.0,99.16926615095129
BLAT_ECOLX_Firnberg_2014,zs_wt_8M,13,97.86744720886473,0.0,0.0,96.97052059376962,97.86744720886473,0.0,0.0,97.41898390131713,98.78737194229564,0.0,0.0,98.00606314028853,99.31005644992682,100.0,0.0,98.78114154296466
BLAT_ECOLX_Firnberg_2014,random_search,14,98.85009408321137,0.0,0.0,96.48212418983898,98.85009408321137,0.0,0.0,97.66610913652518,99.28914906962157,100.0,0.0,98.38542755592724,99.72820405603179,100.0,0.0,99.10767300857202
BLAT_ECOLX_Firnberg_2014,random_walk,14,97.95107673008572,0.0,0.0,88.9893372360443,99.97909261969475,100.0,100.0,94.44365461007733,99.97909261969475,100.0,100.0,97.21137361488603,99.97909261969475,100.0,100.0,98.87200501777126
BLAT_ECOLX_Firnberg_2014,greedy_local,14,99.77001881664228,100.0,0.0,91.43382814133388,99.97909261969475,100.0,100.0,95.64373823959858,99.97909261969475,100.0,100.0,97.81141542964666,99.97909261969475,100.0,100.0,99.1120217436755
BLAT_ECOLX_Firnberg_2014,regevo,14,99.45640811206356,100.0,0.0,93.45891699770019,99.64457453481079,100.0,0.0,96.53481078820819,100.0,100.0,100.0,98.22987664645619,100.0,100.0,100.0,99.29195065858246
BLAT_ECOLX_Firnberg_2014,gpbo_ei,14,99.45640811206356,100.0,0.0,95.28664018398494,99.45640811206356,100.0,0.0,97.37152414802428,99.97909261969475,100.0,100.0,98.66485469370687,99.97909261969475,100.0,100.0,99.45339744929959
BLAT_ECOLX_Firnberg_2014,adalead_graph,14,99.20551954840059,100.0,0.0,95.10014635166215,99.97909261969475,100.0,100.0,97.28434037215138,99.97909261969475,100.0,100.0,98.63171649592306,99.97909261969475,100.0,100.0,99.44014217018606
BLAT_ECOLX_Firnberg_2014,fly,14,96.63391177085511,0.0,0.0,70.59209701024463,99.97909261969475,100.0,100.0,85.10328245870791,99.97909261969475,100.0,100.0,92.5411875392013,99.97909261969475,100.0,100.0,97.00393058749736
BLAT_ECOLX_Firnberg_2014,fly_memory,14,71.06418565753711,0.0,0.0,70.85720259251516,99.97909261969475,100.0,100.0,80.88354589169978,99.97909261969475,100.0,100.0,90.43131925569725,99.97909261969475,100.0,100.0,96.15998327409575
BLAT_ECOLX_Firnberg_2014,fly_best_tested,14,60.71503240643948,0.0,0.0,60.715032406439484,99.97909261969475,100.0,100.0,80.3470625130671,99.97909261969475,100.0,100.0,90.16307756638092,99.97909261969475,100.0,100.0,96.0526865983692
BLAT_ECOLX_Firnberg_2014,zs_mm_150M,14,99.62366715450554,100.0,0.0,99.11770855111854,99.62366715450554,100.0,0.0,99.37068785281197,99.62366715450554,100.0,0.0,99.49717750365875,99.97909261969475,100.0,100.0,99.685343926406
BLAT_ECOLX_Firnberg_2014,zs_wt_150M,14,99.62366715450554,100.0,0.0,99.12774409366506,99.62366715450554,100.0,0.0,99.37570562408524,99.62366715450554,100.0,0.0,99.49968638929539,100.0,100.0,100.0,99.72055195484005
BLAT_ECOLX_Firnberg_2014,zs_wt_650M,14,99.62366715450554,100.0,0.0,98.96006690361699,99.62366715450554,100.0,0.0,99.29186702906121,99.97909261969475,100.0,100.0,99.4897553836504,99.97909261969475,100.0,100.0,99.783357725277
BLAT_ECOLX_Firnberg_2014,zs_mm_8M,14,97.86744720886473,0.0,0.0,97.03240643947316,98.6410202801589,0.0,0.0,97.62011289985362,99.31005644992682,100.0,0.0,98.36263851139452,99.97909261969475,100.0,100.0,99.16926615095129
BLAT_ECOLX_Firnberg_2014,zs_wt_8M,14,97.86744720886473,0.0,0.0,96.97052059376962,97.86744720886473,0.0,0.0,97.41898390131713,98.78737194229564,0.0,0.0,98.00606314028853,99.31005644992682,100.0,0.0,98.78114154296466
BLAT_ECOLX_Firnberg_2014,random_search,15,99.14279740748484,100.0,0.0,97.26364206564918,99.14279740748484,100.0,0.0,98.20321973656702,99.14279740748484,100.0,0.0,98.67300857202594,99.14279740748484,100.0,0.0,98.95488187330126
BLAT_ECOLX_Firnberg_2014,random_walk,15,97.05205937696007,0.0,0.0,95.71398703742422,99.28914906962157,100.0,0.0,96.740957558018,99.97909261969475,100.0,100.0,98.073698515576,99.97909261969475,100.0,100.0,99.21693497804723
BLAT_ECOLX_Firnberg_2014,greedy_local,15,97.44929960275978,0.0,0.0,95.37612377169144,99.58185239389505,100.0,0.0,97.45766255488185,99.64457453481079,100.0,0.0,98.52791135270749,99.97909261969475,100.0,100.0,99.25155759983274
BLAT_ECOLX_Firnberg_2014,regevo,15,96.90570771482334,0.0,0.0,93.48944177294585,99.5609450135898,100.0,0.0,96.07296675726529,99.5609450135898,100.0,0.0,97.81695588542757,99.97909261969475,100.0,100.0,99.09583943131925
BLAT_ECOLX_Firnberg_2014,gpbo_ei,15,99.5609450135898,100.0,0.0,97.66631821032824,99.97909261969475,100.0,100.0,98.63872046832533,99.97909261969475,100.0,100.0,99.30890654401003,99.97909261969475,100.0,100.0,99.71101818942086
BLAT_ECOLX_Firnberg_2014,adalead_graph,15,98.97553836504287,0.0,0.0,94.61342253815596,98.97553836504287,0.0,0.0,96.79448045159941,99.97909261969475,100.0,100.0,98.24921597323855,99.97909261969475,100.0,100.0,99.28714196111227
BLAT_ECOLX_Firnberg_2014,fly,15,97.05205937696007,0.0,0.0,96.38302320719212,97.90926196947522,0.0,0.0,96.82897762910305,99.77001881664228,100.0,0.0,97.78831277440935,99.97909261969475,100.0,100.0,99.08061885845702
BLAT_ECOLX_Firnberg_2014,fly_memory,15,97.05205937696007,0.0,0.0,96.38302320719212,97.05205937696007,0.0,0.0,96.71754129207609,99.97909261969475,100.0,100.0,98.0259251515785,99.97909261969475,100.0,100.0,99.19782563244824
BLAT_ECOLX_Firnberg_2014,fly_best_tested,15,98.97553836504287,0.0,0.0,97.09554672799499,99.97909261969475,100.0,100.0,98.11582688689109,99.97909261969475,100.0,100.0,99.0474597532929,99.97909261969475,100.0,100.0,99.606439473134
BLAT_ECOLX_Firnberg_2014,zs_mm_150M,15,99.62366715450554,100.0,0.0,99.11770855111854,99.62366715450554,100.0,0.0,99.37068785281197,99.62366715450554,100.0,0.0,99.49717750365875,99.97909261969475,100.0,100.0,99.685343926406
BLAT_ECOLX_Firnberg_2014,zs_wt_150M,15,99.62366715450554,100.0,0.0,99.12774409366506,99.62366715450554,100.0,0.0,99.37570562408524,99.62366715450554,100.0,0.0,99.49968638929539,100.0,100.0,100.0,99.72055195484005
BLAT_ECOLX_Firnberg_2014,zs_wt_650M,15,99.62366715450554,100.0,0.0,98.96006690361699,99.62366715450554,100.0,0.0,99.29186702906121,99.97909261969475,100.0,100.0,99.4897553836504,99.97909261969475,100.0,100.0,99.783357725277
BLAT_ECOLX_Firnberg_2014,zs_mm_8M,15,97.86744720886473,0.0,0.0,97.03240643947316,98.6410202801589,0.0,0.0,97.62011289985362,99.31005644992682,100.0,0.0,98.36263851139452,99.97909261969475,100.0,100.0,99.16926615095129
BLAT_ECOLX_Firnberg_2014,zs_wt_8M,15,97.86744720886473,0.0,0.0,96.97052059376962,97.86744720886473,0.0,0.0,97.41898390131713,98.78737194229564,0.0,0.0,98.00606314028853,99.31005644992682,100.0,0.0,98.78114154296466
BLAT_ECOLX_Firnberg_2014,random_search,16,99.28914906962157,100.0,0.0,97.88417311310891,99.97909261969475,100.0,100.0,98.89023625339742,99.97909261969475,100.0,100.0,99.43466443654609,99.97909261969475,100.0,100.0,99.76132134643527
BLAT_ECOLX_Firnberg_2014,random_walk,16,99.28914906962157,100.0,0.0,97.50282249634121,99.97909261969475,100.0,100.0,98.47187957348942,99.97909261969475,100.0,100.0,99.22548609659206,99.97909261969475,100.0,100.0,99.67765001045368
BLAT_ECOLX_Firnberg_2014,greedy_local,16,98.70374242107464,0.0,0.0,97.98452853857414,99.28914906962157,100.0,0.0,98.50365879155342,99.97909261969475,100.0,100.0,99.14478360861384,99.97909261969475,100.0,100.0,99.64536901526238
BLAT_ECOLX_Firnberg_2014,regevo,16,98.01379887100147,0.0,0.0,97.97867447208864,99.28914906962157,100.0,0.0,98.37319673844868,99.97909261969475,100.0,100.0,99.11404975956512,99.97909261969475,100.0,100.0,99.6330754756429
BLAT_ECOLX_Firnberg_2014,gpbo_ei,16,99.5609450135898,100.0,0.0,98.27179594396824,99.5609450135898,100.0,0.0,98.91637047877899,99.97909261969475,100.0,100.0,99.3636838804098,99.97909261969475,100.0,100.0,99.73292912398075
BLAT_ECOLX_Firnberg_2014,adalead_graph,16,99.5609450135898,100.0,0.0,99.02822496341209,99.97909261969475,100.0,100.0,99.3656700815388,99.97909261969475,100.0,100.0,99.67238135061676,99.97909261969475,100.0,100.0,99.85640811206353
BLAT_ECOLX_Firnberg_2014,fly,16,99.97909261969475,100.0,100.0,98.34246288939994,99.97909261969475,100.0,100.0,99.16077775454733,99.97909261969475,100.0,100.0,99.56993518712103,99.97909261969475,100.0,100.0,99.81542964666527
BLAT_ECOLX_Firnberg_2014,fly_memory,16,99.97909261969475,100.0,100.0,99.04620531047462,99.97909261969475,100.0,100.0,99.51264896508467,99.97909261969475,100.0,100.0,99.74587079238968,99.97909261969475,100.0,100.0,99.88580388877271
BLAT_ECOLX_Firnberg_2014,fly_best_tested,16,97.05205937696007,0.0,0.0,96.84549445954421,97.90926196947522,0.0,0.0,97.30022998118335,99.4773154923688,100.0,0.0,98.23478988082792,99.97909261969475,100.0,100.0,99.25628266778172
BLAT_ECOLX_Firnberg_2014,zs_mm_150M,16,99.62366715450554,100.0,0.0,99.11770855111854,99.62366715450554,100.0,0.0,99.37068785281197,99.62366715450554,100.0,0.0,99.49717750365875,99.97909261969475,100.0,100.0,99.685343926406
BLAT_ECOLX_Firnberg_2014,zs_wt_150M,16,99.62366715450554,100.0,0.0,99.12774409366506,99.62366715450554,100.0,0.0,99.37570562408524,99.62366715450554,100.0,0.0,99.49968638929539,100.0,100.0,100.0,99.72055195484005
BLAT_ECOLX_Firnberg_2014,zs_wt_650M,16,99.62366715450554,100.0,0.0,98.96006690361699,99.62366715450554,100.0,0.0,99.29186702906121,99.97909261969475,100.0,100.0,99.4897553836504,99.97909261969475,100.0,100.0,99.783357725277
BLAT_ECOLX_Firnberg_2014,zs_mm_8M,16,97.86744720886473,0.0,0.0,97.03240643947316,98.6410202801589,0.0,0.0,97.62011289985362,99.31005644992682,100.0,0.0,98.36263851139452,99.97909261969475,100.0,100.0,99.16926615095129
BLAT_ECOLX_Firnberg_2014,zs_wt_8M,16,97.86744720886473,0.0,0.0,96.97052059376962,97.86744720886473,0.0,0.0,97.41898390131713,98.78737194229564,0.0,0.0,98.00606314028853,99.31005644992682,100.0,0.0,98.78114154296466
BLAT_ECOLX_Firnberg_2014,random_search,17,94.79406230399331,0.0,0.0,88.95379468952541,97.5956512648965,0.0,0.0,93.24670708760198,98.47376123771691,0.0,0.0,95.65826886891072,99.97909261969475,100.0,100.0,98.07012335354379
BLAT_ECOLX_Firnberg_2014,random_walk,17,60.15053313819779,0.0,0.0,60.04850512230817,99.97909261969475,100.0,100.0,75.91929751202173,99.97909261969475,100.0,100.0,87.94919506585822,99.97909261969475,100.0,100.0,95.16713359816013
BLAT_ECOLX_Firnberg_2014,greedy_local,17,98.97553836504287,0.0,0.0,72.37925987873719,99.64457453481079,100.0,0.0,85.72423165377377,99.97909261969475,100.0,100.0,92.77472297721096,99.97909261969475,100.0,100.0,97.09734476270123
BLAT_ECOLX_Firnberg_2014,regevo,17,99.97909261969475,100.0,100.0,93.90215346017145,99.97909261969475,100.0,100.0,96.94062303993309,99.97909261969475,100.0,100.0,98.45985782981391,99.97909261969475,100.0,100.0,99.37139870374241
BLAT_ECOLX_Firnberg_2014,gpbo_ei,17,99.5609450135898,100.0,0.0,94.8099519130253,99.97909261969475,100.0,100.0,97.35270750574954,99.97909261969475,100.0,100.0,98.66590006272214,99.97909261969475,100.0,100.0,99.4538155969057
BLAT_ECOLX_Firnberg_2014,adalead_graph,17,99.49822287267405,100.0,0.0,92.8776918252143,99.5609450135898,100.0,0.0,96.21931841940203,99.97909261969475,100.0,100.0,97.9465816433201,99.97909261969475,100.0,100.0,99.16608822914488
BLAT_ECOLX_Firnberg_2014,fly,17,87.72736776081958,0.0,0.0,70.73928496759356,97.90926196947522,0.0,0.0,83.64708342044743,98.01379887100147,0.0,0.0,90.80326155132764,99.97909261969475,100.0,100.0,96.1000209073803
BLAT_ECOLX_Firnberg_2014,fly_memory,17,99.97909261969475,100.0,100.0,88.83295003136107,99.97909261969475,100.0,100.0,94.40602132552787,99.97909261969475,100.0,100.0,97.19255697261131,99.97909261969475,100.0,100.0,98.86447836086137
BLAT_ECOLX_Firnberg_2014,fly_best_tested,17,94.14593351453063,0.0,0.0,82.29479406230399,97.90926196947522,0.0,0.0,89.65042860129623,99.97909261969475,100.0,100.0,94.58206146769808,99.97909261969475,100.0,100.0,97.82028015889607
BLAT_ECOLX_Firnberg_2014,zs_mm_150M,17,99.62366715450554,100.0,0.0,99.11770855111854,99.62366715450554,100.0,0.0,99.37068785281197,99.62366715450554,100.0,0.0,99.49717750365875,99.97909261969475,100.0,100.0,99.685343926406
BLAT_ECOLX_Firnberg_2014,zs_wt_150M,17,99.62366715450554,100.0,0.0,99.12774409366506,99.62366715450554,100.0,0.0,99.37570562408524,99.62366715450554,100.0,0.0,99.49968638929539,100.0,100.0,100.0,99.72055195484005
BLAT_ECOLX_Firnberg_2014,zs_wt_650M,17,99.62366715450554,100.0,0.0,98.96006690361699,99.62366715450554,100.0,0.0,99.29186702906121,99.97909261969475,100.0,100.0,99.4897553836504,99.97909261969475,100.0,100.0,99.783357725277
BLAT_ECOLX_Firnberg_2014,zs_mm_8M,17,97.86744720886473,0.0,0.0,97.03240643947316,98.6410202801589,0.0,0.0,97.62011289985362,99.31005644992682,100.0,0.0,98.36263851139452,99.97909261969475,100.0,100.0,99.16926615095129
BLAT_ECOLX_Firnberg_2014,zs_wt_8M,17,97.86744720886473,0.0,0.0,96.97052059376962,97.86744720886473,0.0,0.0,97.41898390131713,98.78737194229564,0.0,0.0,98.00606314028853,99.31005644992682,100.0,0.0,98.78114154296466
BLAT_ECOLX_Firnberg_2014,random_search,18,99.66548191511603,100.0,0.0,95.66924524357098,99.66548191511603,100.0,0.0,97.66736357934349,99.66548191511603,100.0,0.0,98.66642274722977,99.66548191511603,100.0,0.0,99.26585824796155
BLAT_ECOLX_Firnberg_2014,random_walk,18,98.97553836504287,0.0,0.0,96.93999581852395,99.97909261969475,100.0,100.0,98.39933096383021,99.97909261969475,100.0,100.0,99.18921179176246,99.97909261969475,100.0,100.0,99.66314028852183
BLAT_ECOLX_Firnberg_2014,greedy_local,18,99.64457453481079,100.0,0.0,90.64018398494669,99.64457453481079,100.0,0.0,95.1423792598787,99.97909261969475,100.0,100.0,97.43194647710641,99.97909261969475,100.0,100.0,98.96023416265942
BLAT_ECOLX_Firnberg_2014,regevo,18,97.53292912398076,0.0,0.0,95.29249425047041,99.97909261969475,100.0,100.0,97.34518084883965,99.97909261969475,100.0,100.0,98.6621367342672,99.97909261969475,100.0,100.0,99.45231026552372
BLAT_ECOLX_Firnberg_2014,gpbo_ei,18,98.2019652937487,0.0,0.0,94.42358352498431,99.97909261969475,100.0,100.0,96.96822078193604,99.97909261969475,100.0,100.0,98.47365670081537,99.97909261969475,100.0,100.0,99.37691825214299
BLAT_ECOLX_Firnberg_2014,adalead_graph,18,99.14279740748484,100.0,0.0,96.90863474806606,99.58185239389505,100.0,0.0,98.12230817478569,99.97909261969475,100.0,100.0,99.00501777127327,99.97909261969475,100.0,100.0,99.58946268032615
BLAT_ECOLX_Firnberg_2014,fly,18,89.69266150951286,0.0,0.0,85.3255279113527,99.97909261969475,100.0,100.0,91.64833786326574,99.97909261969475,100.0,100.0,95.81371524148024,99.97909261969475,100.0,100.0,98.31294166840894
BLAT_ECOLX_Firnberg_2014,fly_memory,18,99.97909261969475,100.0,100.0,95.47522475433829,99.97909261969475,100.0,100.0,97.72715868701648,99.97909261969475,100.0,100.0,98.8531256533556,99.97909261969475,100.0,100.0,99.52870583315908
BLAT_ECOLX_Firnberg_2014,fly_best_tested,18,89.69266150951286,0.0,0.0,82.86138406857621,97.05205937696007,0.0,0.0,88.99832740957558,99.28914906962157,100.0,0.0,94.11018189420865,99.97909261969475,100.0,100.0,97.53614886054778
BLAT_ECOLX_Firnberg_2014,zs_mm_150M,18,99.62366715450554,100.0,0.0,99.11770855111854,99.62366715450554,100.0,0.0,99.37068785281197,99.62366715450554,100.0,0.0,99.49717750365875,99.97909261969475,100.0,100.0,99.685343926406
BLAT_ECOLX_Firnberg_2014,zs_wt_150M,18,99.62366715450554,100.0,0.0,99.12774409366506,99.62366715450554,100.0,0.0,99.37570562408524,99.62366715450554,100.0,0.0,99.49968638929539,100.0,100.0,100.0,99.72055195484005
BLAT_ECOLX_Firnberg_2014,zs_wt_650M,18,99.62366715450554,100.0,0.0,98.96006690361699,99.62366715450554,100.0,0.0,99.29186702906121,99.97909261969475,100.0,100.0,99.4897553836504,99.97909261969475,100.0,100.0,99.783357725277
BLAT_ECOLX_Firnberg_2014,zs_mm_8M,18,97.86744720886473,0.0,0.0,97.03240643947316,98.6410202801589,0.0,0.0,97.62011289985362,99.31005644992682,100.0,0.0,98.36263851139452,99.97909261969475,100.0,100.0,99.16926615095129
BLAT_ECOLX_Firnberg_2014,zs_wt_8M,18,97.86744720886473,0.0,0.0,96.97052059376962,97.86744720886473,0.0,0.0,97.41898390131713,98.78737194229564,0.0,0.0,98.00606314028853,99.31005644992682,100.0,0.0,98.78114154296466
BLAT_ECOLX_Firnberg_2014,random_search,19,96.02759774200292,0.0,0.0,89.58603386995611,98.13924315283295,0.0,0.0,93.82040560317793,98.99644574534811,0.0,0.0,96.1892117917625,99.45640811206356,100.0,0.0,98.0919924733431
BLAT_ECOLX_Firnberg_2014,random_walk,19,96.36211582688689,0.0,0.0,87.18293957767094,99.28914906962157,100.0,0.0,92.39744929960278,99.97909261969475,100.0,100.0,96.05644992682417,99.97909261969475,100.0,100.0,98.41003554254651
BLAT_ECOLX_Firnberg_2014,greedy_local,19,99.68638929542128,100.0,0.0,79.72653146560737,99.68638929542128,100.0,0.0,89.70646038051429,99.77001881664228,100.0,0.0,94.73740330336608,99.97909261969475,100.0,100.0,97.8000418147606
BLAT_ECOLX_Firnberg_2014,regevo,19,99.28914906962157,100.0,0.0,87.93476897344765,99.28914906962157,100.0,0.0,93.6119590215346,99.97909261969475,100.0,100.0,96.72653146560734,99.97909261969475,100.0,100.0,98.67806815805977
BLAT_ECOLX_Firnberg_2014,gpbo_ei,19,99.97909261969475,100.0,100.0,90.20823750784028,99.97909261969475,100.0,100.0,95.09366506376749,99.97909261969475,100.0,100.0,97.5363788417311,99.97909261969475,100.0,100.0,99.00200710850928
BLAT_ECOLX_Firnberg_2014,adalead_graph,19,99.45640811206356,100.0,0.0,90.72005017771272,99.45640811206356,100.0,0.0,95.08822914488817,99.5609450135898,100.0,0.0,97.28120426510557,99.62366715450554,100.0,0.0,98.66184403094294
BLAT_ECOLX_Firnberg_2014,fly,19,98.01379887100147,0.0,0.0,84.25172485887519,98.01379887100147,0.0,0.0,91.13276186493829,99.97909261969475,100.0,100.0,94.85260296884799,99.97909261969475,100.0,100.0,97.92849675935604
BLAT_ECOLX_Firnberg_2014,fly_memory,19,99.97909261969475,100.0,100.0,88.17854902780682,99.97909261969475,100.0,100.0,94.07882082375076,99.97909261969475,100.0,100.0,97.02895672172275,99.97909261969475,100.0,100.0,98.79903826050594
BLAT_ECOLX_Firnberg_2014,fly_best_tested,19,98.97553836504287,0.0,0.0,85.70102446163497,99.97909261969475,100.0,100.0,92.75977420029271,99.97909261969475,100.0,100.0,96.36943340999373,99.97909261969475,100.0,100.0,98.53522893581433
BLAT_ECOLX_Firnberg_2014,zs_mm_150M,19,99.62366715450554,100.0,0.0,99.11770855111854,99.62366715450554,100.0,0.0,99.37068785281197,99.62366715450554,100.0,0.0,99.49717750365875,99.97909261969475,100.0,100.0,99.685343926406
BLAT_ECOLX_Firnberg_2014,zs_wt_150M,19,99.62366715450554,100.0,0.0,99.12774409366506,99.62366715450554,100.0,0.0,99.37570562408524,99.62366715450554,100.0,0.0,99.49968638929539,100.0,100.0,100.0,99.72055195484005
BLAT_ECOLX_Firnberg_2014,zs_wt_650M,19,99.62366715450554,100.0,0.0,98.96006690361699,99.62366715450554,100.0,0.0,99.29186702906121,99.97909261969475,100.0,100.0,99.4897553836504,99.97909261969475,100.0,100.0,99.783357725277
BLAT_ECOLX_Firnberg_2014,zs_mm_8M,19,97.86744720886473,0.0,0.0,97.03240643947316,98.6410202801589,0.0,0.0,97.62011289985362,99.31005644992682,100.0,0.0,98.36263851139452,99.97909261969475,100.0,100.0,99.16926615095129
BLAT_ECOLX_Firnberg_2014,zs_wt_8M,19,97.86744720886473,0.0,0.0,96.97052059376962,97.86744720886473,0.0,0.0,97.41898390131713,98.78737194229564,0.0,0.0,98.00606314028853,99.31005644992682,100.0,0.0,98.78114154296466
UBC9_HUMAN_Weile_2017,random_search,0,89.81662114709324,0.0,0.0,88.93172063987517,99.06359734685915,100.0,0.0,93.55091689426456,100.0,100.0,100.0,96.46176355833009,100.0,100.0,100.0,98.58470542333203
UBC9_HUMAN_Weile_2017,random_walk,0,99.41474834178698,100.0,0.0,97.13382754584474,99.41474834178698,100.0,0.0,98.27428794381586,99.41474834178698,100.0,0.0,98.84451814280142,99.9609832227858,100.0,100.0,99.28934841982053
UBC9_HUMAN_Weile_2017,greedy_local,0,97.85407725321889,0.0,0.0,95.37573156457275,98.79047990635974,0.0,0.0,97.05501365587199,98.79047990635974,0.0,0.0,97.92274678111586,99.18064767850176,100.0,0.0,98.5401482637534
UBC9_HUMAN_Weile_2017,regevo,0,99.9219664455716,100.0,100.0,95.0214592274678,99.9219664455716,100.0,100.0,97.47171283651973,99.9219664455716,100.0,100.0,98.69683964104564,99.9609832227858,100.0,100.0,99.4518923136949
UBC9_HUMAN_Weile_2017,gpbo_ei,0,98.98556379243074,0.0,0.0,96.39328911431917,99.02458056964495,100.0,0.0,97.6944986344128,99.41474834178698,100.0,0.0,98.53121342177135,99.9609832227858,100.0,100.0,99.27834568864613
UBC9_HUMAN_Weile_2017,adalead_graph,0,97.30784237222005,0.0,0.0,88.91143191572375,99.64884900507218,100.0,0.0,94.11626999609834,99.64884900507218,100.0,0.0,96.88255950058527,100.0,100.0,100.0,98.64557159578618
UBC9_HUMAN_Weile_2017,fly,0,93.32813109637144,0.0,0.0,87.23605150214593,93.32813109637144,0.0,0.0,90.2820912992587,96.48849005072181,0.0,0.0,93.21732344908308,100.0,100.0,100.0,96.97791650409677
UBC9_HUMAN_Weile_2017,fly_memory,0,93.52321498244245,0.0,0.0,91.08778774873197,98.36129535700351,0.0,0.0,92.74092859929767,98.94654701521654,0.0,0.0,95.70912992586814,99.72688255950058,100.0,0.0,97.94959032383925
UBC9_HUMAN_Weile_2017,fly_best_tested,0,97.34685914943425,0.0,0.0,93.58408115489658,97.34685914943425,0.0,0.0,95.46547015216547,99.02458056964495,100.0,0.0,96.89641045649631,99.9219664455716,100.0,100.0,98.21935232149825
UBC9_HUMAN_Weile_2017,zs_mm_150M,0,99.25868123293016,100.0,0.0,91.9609832227858,99.9219664455716,100.0,100.0,95.92157627779947,99.9219664455716,100.0,100.0,97.92177136168551,99.9219664455716,100.0,100.0,99.12188841201716
UBC9_HUMAN_Weile_2017,zs_wt_150M,0,99.804916113929,100.0,0.0,90.82481467030823,99.9219664455716,100.0,100.0,95.3581740148264,99.9219664455716,100.0,100.0,97.64007023019899,99.9219664455716,100.0,100.0,99.00920795942255
UBC9_HUMAN_Weile_2017,zs_wt_650M,0,99.25868123293016,100.0,0.0,95.04252828716348,99.25868123293016,100.0,0.0,97.15060476004683,99.76589933671478,100.0,0.0,98.35427233710496,99.9219664455716,100.0,100.0,99.23854857588763
UBC9_HUMAN_Weile_2017,zs_mm_8M,0,99.41474834178698,100.0,0.0,97.79867342957473,99.41474834178698,100.0,0.0,98.60671088568088,99.41474834178698,100.0,0.0,99.01072961373393,99.68786578228638,100.0,0.0,99.26024190401874
UBC9_HUMAN_Weile_2017,zs_wt_8M,0,99.41474834178698,100.0,0.0,98.57276628950453,99.41474834178698,100.0,0.0,98.99375731564577,99.41474834178698,100.0,0.0,99.20425282871636,99.68786578228638,100.0,0.0,99.36933281310965
UBC9_HUMAN_Weile_2017,random_search,1,93.44518142801405,0.0,0.0,87.10261412407334,99.10261412407336,100.0,0.0,91.81310963714395,99.8439328911432,100.0,0.0,95.62465860319936,99.8439328911432,100.0,0.0,98.15622317596566
UBC9_HUMAN_Weile_2017,random_walk,1,96.05930550136559,0.0,0.0,87.8150604760047,98.24424502536091,0.0,0.0,93.00780335544282,99.804916113929,100.0,0.0,96.33612953570037,100.0,100.0,100.0,98.47592664845885
UBC9_HUMAN_Weile_2017,greedy_local,1,99.18064767850176,100.0,0.0,81.90557939914164,99.18064767850176,100.0,0.0,90.54311353882171,99.804916113929,100.0,0.0,94.90421381193912,99.9219664455716,100.0,100.0,97.91229028482246
UBC9_HUMAN_Weile_2017,regevo,1,99.41474834178698,100.0,0.0,95.64494732735076,99.41474834178698,100.0,0.0,97.52984783456888,99.41474834178698,100.0,0.0,98.47229808817792,99.9219664455716,100.0,100.0,99.15817401482636
UBC9_HUMAN_Weile_2017,gpbo_ei,1,96.3714397190792,0.0,0.0,88.60397971127583,98.94654701521654,0.0,0.0,93.02848224736641,99.9609832227858,100.0,100.0,96.20561841591888,99.9609832227858,100.0,100.0,98.45883730003904
UBC9_HUMAN_Weile_2017,adalead_graph,1,99.02458056964495,100.0,0.0,91.90479906359735,99.02458056964495,100.0,0.0,95.46468981662116,99.02458056964495,100.0,0.0,97.24463519313305,99.9609832227858,100.0,100.0,98.84260632071792
UBC9_HUMAN_Weile_2017,fly,1,91.68942645337495,0.0,0.0,75.20795942255168,94.2645337495123,0.0,0.0,84.49161139289896,99.76589933671478,100.0,0.0,90.76628950448693,100.0,100.0,100.0,96.30183378852907
UBC9_HUMAN_Weile_2017,fly_memory,1,88.37300039016777,0.0,0.0,73.71595786188061,96.05930550136559,0.0,0.0,83.50409676160749,99.06359734685915,100.0,0.0,90.6829886851346,99.21966445571596,100.0,0.0,95.79438158408115
UBC9_HUMAN_Weile_2017,fly_best_tested,1,95.27896995708154,0.0,0.0,75.27896995708154,95.27896995708154,0.0,0.0,85.27896995708157,99.41474834178698,100.0,0.0,91.65392118611003,100.0,100.0,100.0,96.44970737417088
UBC9_HUMAN_Weile_2017,zs_mm_150M,1,99.25868123293016,100.0,0.0,91.9609832227858,99.9219664455716,100.0,100.0,95.92157627779947,99.9219664455716,100.0,100.0,97.92177136168551,99.9219664455716,100.0,100.0,99.12188841201716
UBC9_HUMAN_Weile_2017,zs_wt_150M,1,99.804916113929,100.0,0.0,90.82481467030823,99.9219664455716,100.0,100.0,95.3581740148264,99.9219664455716,100.0,100.0,97.64007023019899,99.9219664455716,100.0,100.0,99.00920795942255
UBC9_HUMAN_Weile_2017,zs_wt_650M,1,99.25868123293016,100.0,0.0,95.04252828716348,99.25868123293016,100.0,0.0,97.15060476004683,99.76589933671478,100.0,0.0,98.35427233710496,99.9219664455716,100.0,100.0,99.23854857588763
UBC9_HUMAN_Weile_2017,zs_mm_8M,1,99.41474834178698,100.0,0.0,97.79867342957473,99.41474834178698,100.0,0.0,98.60671088568088,99.41474834178698,100.0,0.0,99.01072961373393,99.68786578228638,100.0,0.0,99.26024190401874
UBC9_HUMAN_Weile_2017,zs_wt_8M,1,99.41474834178698,100.0,0.0,98.57276628950453,99.41474834178698,100.0,0.0,98.99375731564577,99.41474834178698,100.0,0.0,99.20425282871636,99.68786578228638,100.0,0.0,99.36933281310965
UBC9_HUMAN_Weile_2017,random_search,2,96.72259071400703,0.0,0.0,93.41240733515413,98.32227857978931,0.0,0.0,95.73936792820916,99.49278189621538,100.0,0.0,97.38197424892704,99.49278189621538,100.0,0.0,98.64845883730003
UBC9_HUMAN_Weile_2017,random_walk,2,96.48849005072181,0.0,0.0,85.06671868903629,98.59539602028872,0.0,0.0,91.1669918064768,98.63441279750293,0.0,0.0,94.89992196644556,99.804916113929,100.0,0.0,97.67577058135
UBC9_HUMAN_Weile_2017,greedy_local,2,99.9219664455716,100.0,100.0,92.47522434646896,99.9219664455716,100.0,100.0,96.19859539602032,99.9219664455716,100.0,100.0,98.06028092079595,99.9219664455716,100.0,100.0,99.17729223566133
UBC9_HUMAN_Weile_2017,regevo,2,96.332422941865,0.0,0.0,85.73468591494343,97.85407725321889,0.0,0.0,91.65782286383148,99.9219664455716,100.0,100.0,95.61958642216156,99.9219664455716,100.0,100.0,98.20101443620757
UBC9_HUMAN_Weile_2017,gpbo_ei,2,99.64884900507218,100.0,0.0,91.96878657822865,99.64884900507218,100.0,0.0,95.80881779165044,99.64884900507218,100.0,0.0,97.72883339836132,99.9609832227858,100.0,100.0,98.9282871634803
UBC9_HUMAN_Weile_2017,adalead_graph,2,95.74717128365197,0.0,0.0,91.6878657822864,100.0,100.0,100.0,94.45025360905187,100.0,100.0,100.0,97.22512680452593,100.0,100.0,100.0,98.89005072181037
UBC9_HUMAN_Weile_2017,fly,2,98.1271946937183,0.0,0.0,91.9851736246586,98.1271946937183,0.0,0.0,95.05618415918842,99.68786578228638,100.0,0.0,97.26277799453763,99.804916113929,100.0,0.0,98.77120561841592
UBC9_HUMAN_Weile_2017,fly_memory,2,99.804916113929,100.0,0.0,97.46547015216544,99.804916113929,100.0,0.0,98.63519313304725,99.804916113929,100.0,0.0,99.22005462348812,99.9219664455716,100.0,100.0,99.58899726882562
UBC9_HUMAN_Weile_2017,fly_best_tested,2,92.66484588373001,0.0,0.0,86.25907140070227,96.76160749122123,0.0,0.0,90.56847444401093,99.8439328911432,100.0,0.0,94.55891533359343,99.8439328911432,100.0,0.0,97.72992586812327
UBC9_HUMAN_Weile_2017,zs_mm_150M,2,99.25868123293016,100.0,0.0,91.9609832227858,99.9219664455716,100.0,100.0,95.92157627779947,99.9219664455716,100.0,100.0,97.92177136168551,99.9219664455716,100.0,100.0,99.12188841201716
UBC9_HUMAN_Weile_2017,zs_wt_150M,2,99.804916113929,100.0,0.0,90.82481467030823,99.9219664455716,100.0,100.0,95.3581740148264,99.9219664455716,100.0,100.0,97.64007023019899,99.9219664455716,100.0,100.0,99.00920795942255
UBC9_HUMAN_Weile_2017,zs_wt_650M,2,99.25868123293016,100.0,0.0,95.04252828716348,99.25868123293016,100.0,0.0,97.15060476004683,99.76589933671478,100.0,0.0,98.35427233710496,99.9219664455716,100.0,100.0,99.23854857588763
UBC9_HUMAN_Weile_2017,zs_mm_8M,2,99.41474834178698,100.0,0.0,97.79867342957473,99.41474834178698,100.0,0.0,98.60671088568088,99.41474834178698,100.0,0.0,99.01072961373393,99.68786578228638,100.0,0.0,99.26024190401874
UBC9_HUMAN_Weile_2017,zs_wt_8M,2,99.41474834178698,100.0,0.0,98.57276628950453,99.41474834178698,100.0,0.0,98.99375731564577,99.41474834178698,100.0,0.0,99.20425282871636,99.68786578228638,100.0,0.0,99.36933281310965
UBC9_HUMAN_Weile_2017,random_search,3,98.71244635193133,0.0,0.0,96.13655872024971,98.71244635193133,0.0,0.0,97.42450253609054,99.9609832227858,100.0,100.0,98.56788919235271,99.9609832227858,100.0,100.0,99.40374561061257
UBC9_HUMAN_Weile_2017,random_walk,3,87.28053062817011,0.0,0.0,81.58564182598518,99.41474834178698,100.0,0.0,90.2969176746001,99.41474834178698,100.0,0.0,94.85583300819353,99.41474834178698,100.0,0.0,97.5911822083496
UBC9_HUMAN_Weile_2017,greedy_local,3,100.0,100.0,100.0,91.42879438158408,100.0,100.0,100.0,95.71439719079204,100.0,100.0,100.0,97.85719859539603,100.0,100.0,100.0,99.14287943815842
UBC9_HUMAN_Weile_2017,regevo,3,97.85407725321889,0.0,0.0,91.79789309403043,98.59539602028872,0.0,0.0,94.92976980101444,99.18064767850176,100.0,0.0,96.97912602419039,99.18064767850176,100.0,0.0,98.30003901677722
UBC9_HUMAN_Weile_2017,gpbo_ei,3,99.49278189621538,100.0,0.0,93.68006242684355,99.49278189621538,100.0,0.0,96.58642216152941,99.64884900507218,100.0,0.0,98.09188451033943,99.9609832227858,100.0,100.0,99.09598127194694
UBC9_HUMAN_Weile_2017,adalead_graph,3,99.9219664455716,100.0,100.0,90.74600078033552,99.9219664455716,100.0,100.0,95.3339836129536,99.9219664455716,100.0,100.0,97.62797502926259,99.9219664455716,100.0,100.0,99.00436987904799
UBC9_HUMAN_Weile_2017,fly,3,98.90753023800234,0.0,0.0,93.25946156847444,99.53179867342958,100.0,0.0,96.35817401482636,99.53179867342958,100.0,0.0,97.94498634412797,99.804916113929,100.0,0.0,99.02200546234884
UBC9_HUMAN_Weile_2017,fly_memory,3,100.0,100.0,100.0,94.42060085836911,100.0,100.0,100.0,97.21030042918456,100.0,100.0,100.0,98.60515021459229,100.0,100.0,100.0,99.44206008583691
UBC9_HUMAN_Weile_2017,fly_best_tested,3,91.68942645337495,0.0,0.0,86.11314865392119,98.55637924307452,0.0,0.0,90.96293406164652,98.55637924307452,0.0,0.0,94.75965665236052,100.0,100.0,100.0,97.64401092469762
UBC9_HUMAN_Weile_2017,zs_mm_150M,3,99.25868123293016,100.0,0.0,91.9609832227858,99.9219664455716,100.0,100.0,95.92157627779947,99.9219664455716,100.0,100.0,97.92177136168551,99.9219664455716,100.0,100.0,99.12188841201716
UBC9_HUMAN_Weile_2017,zs_wt_150M,3,99.804916113929,100.0,0.0,90.82481467030823,99.9219664455716,100.0,100.0,95.3581740148264,99.9219664455716,100.0,100.0,97.64007023019899,99.9219664455716,100.0,100.0,99.00920795942255
UBC9_HUMAN_Weile_2017,zs_wt_650M,3,99.25868123293016,100.0,0.0,95.04252828716348,99.25868123293016,100.0,0.0,97.15060476004683,99.76589933671478,100.0,0.0,98.35427233710496,99.9219664455716,100.0,100.0,99.23854857588763
UBC9_HUMAN_Weile_2017,zs_mm_8M,3,99.41474834178698,100.0,0.0,97.79867342957473,99.41474834178698,100.0,0.0,98.60671088568088,99.41474834178698,100.0,0.0,99.01072961373393,99.68786578228638,100.0,0.0,99.26024190401874
UBC9_HUMAN_Weile_2017,zs_wt_8M,3,99.41474834178698,100.0,0.0,98.57276628950453,99.41474834178698,100.0,0.0,98.99375731564577,99.41474834178698,100.0,0.0,99.20425282871636,99.68786578228638,100.0,0.0,99.36933281310965
UBC9_HUMAN_Weile_2017,random_search,4,94.3815840811549,0.0,0.0,89.51931330472102,98.47834568864612,0.0,0.0,93.42918454935621,99.37573156457276,100.0,0.0,96.34412797502927,100.0,100.0,100.0,98.4802184939524
UBC9_HUMAN_Weile_2017,random_walk,4,93.32813109637144,0.0,0.0,93.23214982442448,97.65899336714787,0.0,0.0,94.40616465079982,100.0,100.0,100.0,96.84022629730784,100.0,100.0,100.0,98.73609051892312
UBC9_HUMAN_Weile_2017,greedy_local,4,99.68786578228638,100.0,0.0,94.22239563012096,99.8439328911432,100.0,0.0,97.02536090518919,99.8439328911432,100.0,0.0,98.43464689816619,99.8439328911432,100.0,0.0,99.28021849395239
UBC9_HUMAN_Weile_2017,regevo,4,99.06359734685915,100.0,0.0,97.69410846664067,99.06359734685915,100.0,0.0,98.37885290674993,99.06359734685915,100.0,0.0,98.72122512680453,99.9219664455716,100.0,100.0,99.0115489660554
UBC9_HUMAN_Weile_2017,gpbo_ei,4,95.27896995708154,0.0,0.0,94.3066718689036,99.9609832227858,100.0,100.0,95.81506047600469,99.9609832227858,100.0,100.0,97.88802184939526,99.9609832227858,100.0,100.0,99.1317986734296
UBC9_HUMAN_Weile_2017,adalead_graph,4,95.63012095200936,0.0,0.0,94.1708934841982,98.98556379243074,0.0,0.0,95.96332422941862,99.02458056964495,100.0,0.0,97.49161139289895,100.0,100.0,100.0,98.94397190792041
UBC9_HUMAN_Weile_2017,fly,4,95.27896995708154,0.0,0.0,93.99687865782285,95.27896995708154,0.0,0.0,94.63792430745224,100.0,100.0,100.0,97.05930550136559,100.0,100.0,100.0,98.82372220054624
UBC9_HUMAN_Weile_2017,fly_memory,4,95.27896995708154,0.0,0.0,94.34646898166211,95.27896995708154,0.0,0.0,94.81271946937184,96.4494732735076,0.0,0.0,95.36773312524384,98.59539602028872,0.0,0.0,96.6395630120952
UBC9_HUMAN_Weile_2017,fly_best_tested,4,96.2153726102224,0.0,0.0,95.73468591494344,96.2153726102224,0.0,0.0,95.97502926258292,96.52750682793601,0.0,0.0,96.15450643776825,99.9219664455716,100.0,100.0,98.41435817401482
UBC9_HUMAN_Weile_2017,zs_mm_150M,4,99.25868123293016,100.0,0.0,91.9609832227858,99.9219664455716,100.0,100.0,95.92157627779947,99.9219664455716,100.0,100.0,97.92177136168551,99.9219664455716,100.0,100.0,99.12188841201716
UBC9_HUMAN_Weile_2017,zs_wt_150M,4,99.804916113929,100.0,0.0,90.82481467030823,99.9219664455716,100.0,100.0,95.3581740148264,99.9219664455716,100.0,100.0,97.64007023019899,99.9219664455716,100.0,100.0,99.00920795942255
UBC9_HUMAN_Weile_2017,zs_wt_650M,4,99.25868123293016,100.0,0.0,95.04252828716348,99.25868123293016,100.0,0.0,97.15060476004683,99.76589933671478,100.0,0.0,98.35427233710496,99.9219664455716,100.0,100.0,99.23854857588763
UBC9_HUMAN_Weile_2017,zs_mm_8M,4,99.41474834178698,100.0,0.0,97.79867342957473,99.41474834178698,100.0,0.0,98.60671088568088,99.41474834178698,100.0,0.0,99.01072961373393,99.68786578228638,100.0,0.0,99.26024190401874
UBC9_HUMAN_Weile_2017,zs_wt_8M,4,99.41474834178698,100.0,0.0,98.57276628950453,99.41474834178698,100.0,0.0,98.99375731564577,99.41474834178698,100.0,0.0,99.20425282871636,99.68786578228638,100.0,0.0,99.36933281310965
UBC9_HUMAN_Weile_2017,random_search,5,98.86851346078814,0.0,0.0,91.53648068669528,99.57081545064378,100.0,0.0,95.27975029262586,99.57081545064378,100.0,0.0,97.4252828716348,99.8439328911432,100.0,0.0,98.85953960202887
UBC9_HUMAN_Weile_2017,random_walk,5,95.27896995708154,0.0,0.0,91.51697229808815,99.72688255950058,100.0,0.0,95.06398751463128,99.72688255950058,100.0,0.0,97.39543503706595,99.72688255950058,100.0,0.0,98.79430355052673
UBC9_HUMAN_Weile_2017,greedy_local,5,98.51736246586032,0.0,0.0,95.97268825595003,98.51736246586032,0.0,0.0,97.24502536090516,98.51736246586032,0.0,0.0,97.88119391338275,99.9219664455716,100.0,100.0,98.99625438938742
UBC9_HUMAN_Weile_2017,regevo,5,100.0,100.0,100.0,96.50643776824035,100.0,100.0,100.0,98.25321888412017,100.0,100.0,100.0,99.12660944206009,100.0,100.0,100.0,99.65064377682403
UBC9_HUMAN_Weile_2017,gpbo_ei,5,96.91767460007803,0.0,0.0,94.64377682403432,97.85407725321889,0.0,0.0,96.10846664065554,99.9609832227858,100.0,100.0,97.62387826765512,99.9609832227858,100.0,100.0,99.02614124073354
UBC9_HUMAN_Weile_2017,adalead_graph,5,98.67342957471713,0.0,0.0,93.12368318376903,98.67342957471713,0.0,0.0,95.89855637924309,99.37573156457276,100.0,0.0,97.467030823254,99.64884900507218,100.0,0.0,98.75294576667969
UBC9_HUMAN_Weile_2017,fly,5,93.32813109637144,0.0,0.0,88.94030433086228,93.32813109637144,0.0,0.0,91.13421771361685,96.48849005072181,0.0,0.0,93.01677721420211,98.98556379243074,0.0,0.0,96.16098322278579
UBC9_HUMAN_Weile_2017,fly_memory,5,98.90753023800234,0.0,0.0,96.55950058525167,98.90753023800234,0.0,0.0,97.73351541162701,98.90753023800234,0.0,0.0,98.32052282481469,99.18064767850176,100.0,0.0,98.82075692547797
UBC9_HUMAN_Weile_2017,fly_best_tested,5,95.27896995708154,0.0,0.0,92.24502536090516,100.0,100.0,100.0,95.88646117830667,100.0,100.0,100.0,97.94323058915333,100.0,100.0,100.0,99.17729223566133
UBC9_HUMAN_Weile_2017,zs_mm_150M,5,99.25868123293016,100.0,0.0,91.9609832227858,99.9219664455716,100.0,100.0,95.92157627779947,99.9219664455716,100.0,100.0,97.92177136168551,99.9219664455716,100.0,100.0,99.12188841201716
UBC9_HUMAN_Weile_2017,zs_wt_150M,5,99.804916113929,100.0,0.0,90.82481467030823,99.9219664455716,100.0,100.0,95.3581740148264,99.9219664455716,100.0,100.0,97.64007023019899,99.9219664455716,100.0,100.0,99.00920795942255
UBC9_HUMAN_Weile_2017,zs_wt_650M,5,99.25868123293016,100.0,0.0,95.04252828716348,99.25868123293016,100.0,0.0,97.15060476004683,99.76589933671478,100.0,0.0,98.35427233710496,99.9219664455716,100.0,100.0,99.23854857588763
UBC9_HUMAN_Weile_2017,zs_mm_8M,5,99.41474834178698,100.0,0.0,97.79867342957473,99.41474834178698,100.0,0.0,98.60671088568088,99.41474834178698,100.0,0.0,99.01072961373393,99.68786578228638,100.0,0.0,99.26024190401874
UBC9_HUMAN_Weile_2017,zs_wt_8M,5,99.41474834178698,100.0,0.0,98.57276628950453,99.41474834178698,100.0,0.0,98.99375731564577,99.41474834178698,100.0,0.0,99.20425282871636,99.68786578228638,100.0,0.0,99.36933281310965
UBC9_HUMAN_Weile_2017,random_search,6,96.60554038236441,0.0,0.0,89.45220444791262,99.64884900507218,100.0,0.0,93.42333203277413,99.64884900507218,100.0,0.0,96.53609051892313,99.9219664455716,100.0,100.0,98.51143191572376
UBC9_HUMAN_Weile_2017,random_walk,6,98.94654701521654,0.0,0.0,86.91377292235659,98.94654701521654,0.0,0.0,92.9301599687866,100.0,100.0,100.0,96.27799453765118,100.0,100.0,100.0,98.51119781506047
UBC9_HUMAN_Weile_2017,greedy_local,6,99.25868123293016,100.0,0.0,93.78072571205617,99.41474834178698,100.0,0.0,96.58993367147873,99.41474834178698,100.0,0.0,98.00234100663285,100.0,100.0,100.0,98.9379633242294
UBC9_HUMAN_Weile_2017,regevo,6,99.18064767850176,100.0,0.0,93.20639875146313,99.804916113929,100.0,0.0,96.24268435427236,99.804916113929,100.0,0.0,98.02380023410068,100.0,100.0,100.0,99.17705813499805
UBC9_HUMAN_Weile_2017,gpbo_ei,6,98.98556379243074,0.0,0.0,92.55247756535312,98.98556379243074,0.0,0.0,95.7690206788919,99.60983222785798,100.0,0.0,97.61451424112369,99.9609832227858,100.0,100.0,98.93468591494343
UBC9_HUMAN_Weile_2017,adalead_graph,6,99.64884900507218,100.0,0.0,88.81779165040967,99.64884900507218,100.0,0.0,94.23332032774093,99.64884900507218,100.0,0.0,96.94108466640655,99.9219664455716,100.0,100.0,98.6321498244245
UBC9_HUMAN_Weile_2017,fly,6,96.52750682793601,0.0,0.0,93.58798283261804,98.79047990635974,0.0,0.0,96.00819352321497,98.79047990635974,0.0,0.0,97.39933671478735,100.0,100.0,100.0,98.76972298088177
UBC9_HUMAN_Weile_2017,fly_memory,6,95.74717128365197,0.0,0.0,91.11119781506048,95.74717128365197,0.0,0.0,93.42918454935621,100.0,100.0,100.0,95.99161139289895,100.0,100.0,100.0,98.39664455715959
UBC9_HUMAN_Weile_2017,fly_best_tested,6,97.42489270386267,0.0,0.0,93.59500585251659,99.06359734685915,100.0,0.0,95.88685134607884,99.06359734685915,100.0,0.0,97.47522434646899,99.76589933671478,100.0,0.0,98.56870854467421
UBC9_HUMAN_Weile_2017,zs_mm_150M,6,99.25868123293016,100.0,0.0,91.9609832227858,99.9219664455716,100.0,100.0,95.92157627779947,99.9219664455716,100.0,100.0,97.92177136168551,99.9219664455716,100.0,100.0,99.12188841201716
UBC9_HUMAN_Weile_2017,zs_wt_150M,6,99.804916113929,100.0,0.0,90.82481467030823,99.9219664455716,100.0,100.0,95.3581740148264,99.9219664455716,100.0,100.0,97.64007023019899,99.9219664455716,100.0,100.0,99.00920795942255
UBC9_HUMAN_Weile_2017,zs_wt_650M,6,99.25868123293016,100.0,0.0,95.04252828716348,99.25868123293016,100.0,0.0,97.15060476004683,99.76589933671478,100.0,0.0,98.35427233710496,99.9219664455716,100.0,100.0,99.23854857588763
UBC9_HUMAN_Weile_2017,zs_mm_8M,6,99.41474834178698,100.0,0.0,97.79867342957473,99.41474834178698,100.0,0.0,98.60671088568088,99.41474834178698,100.0,0.0,99.01072961373393,99.68786578228638,100.0,0.0,99.26024190401874
UBC9_HUMAN_Weile_2017,zs_wt_8M,6,99.41474834178698,100.0,0.0,98.57276628950453,99.41474834178698,100.0,0.0,98.99375731564577,99.41474834178698,100.0,0.0,99.20425282871636,99.68786578228638,100.0,0.0,99.36933281310965
UBC9_HUMAN_Weile_2017,random_search,7,98.28326180257511,0.0,0.0,97.38587592664845,98.28326180257511,0.0,0.0,97.83456886461177,98.90753023800234,0.0,0.0,98.1494342567304,99.41474834178698,100.0,0.0,98.75645727662896
UBC9_HUMAN_Weile_2017,random_walk,7,95.74717128365197,0.0,0.0,86.26765509168945,95.74717128365197,0.0,0.0,91.00741318767072,98.98556379243074,0.0,0.0,93.81720639875144,100.0,100.0,100.0,97.15450643776823
UBC9_HUMAN_Weile_2017,greedy_local,7,98.98556379243074,0.0,0.0,95.37261022239565,98.98556379243074,0.0,0.0,97.17908700741314,98.98556379243074,0.0,0.0,98.08232539992194,99.21966445571596,100.0,0.0,98.75817401482637
UBC9_HUMAN_Weile_2017,regevo,7,95.74717128365197,0.0,0.0,89.82598517362464,96.2543893874366,0.0,0.0,92.95903238392512,99.9219664455716,100.0,100.0,96.25360905189231,100.0,100.0,100.0,98.47483417869682
UBC9_HUMAN_Weile_2017,gpbo_ei,7,99.60983222785798,100.0,0.0,96.24502536090516,99.64884900507218,100.0,0.0,97.93757315645729,99.64884900507218,100.0,0.0,98.79321108076473,99.9609832227858,100.0,100.0,99.36652360515022
UBC9_HUMAN_Weile_2017,adalead_graph,7,98.1271946937183,0.0,0.0,94.30979321108077,99.02458056964495,100.0,0.0,96.62231759656652,99.02458056964495,100.0,0.0,97.82344908310573,100.0,100.0,100.0,99.10074131876708
UBC9_HUMAN_Weile_2017,fly,7,98.98556379243074,0.0,0.0,96.86539211861101,98.98556379243074,0.0,0.0,97.92547795552083,98.98556379243074,0.0,0.0,98.4555208739758,100.0,100.0,100.0,99.20811548966053
UBC9_HUMAN_Weile_2017,fly_memory,7,97.19079204057745,0.0,0.0,94.84978540772532,99.41474834178698,100.0,0.0,96.59851736246587,99.9609832227858,100.0,100.0,98.02848224736637,99.9609832227858,100.0,100.0,99.18798283261805
UBC9_HUMAN_Weile_2017,fly_best_tested,7,98.01014436207569,0.0,0.0,91.9867342957472,98.01014436207569,0.0,0.0,94.9984393289114,98.94654701521654,0.0,0.0,96.55579399141632,99.18064767850176,100.0,0.0,98.04884900507217
UBC9_HUMAN_Weile_2017,zs_mm_150M,7,99.25868123293016,100.0,0.0,91.9609832227858,99.9219664455716,100.0,100.0,95.92157627779947,99.9219664455716,100.0,100.0,97.92177136168551,99.9219664455716,100.0,100.0,99.12188841201716
UBC9_HUMAN_Weile_2017,zs_wt_150M,7,99.804916113929,100.0,0.0,90.82481467030823,99.9219664455716,100.0,100.0,95.3581740148264,99.9219664455716,100.0,100.0,97.64007023019899,99.9219664455716,100.0,100.0,99.00920795942255
UBC9_HUMAN_Weile_2017,zs_wt_650M,7,99.25868123293016,100.0,0.0,95.04252828716348,99.25868123293016,100.0,0.0,97.15060476004683,99.76589933671478,100.0,0.0,98.35427233710496,99.9219664455716,100.0,100.0,99.23854857588763
UBC9_HUMAN_Weile_2017,zs_mm_8M,7,99.41474834178698,100.0,0.0,97.79867342957473,99.41474834178698,100.0,0.0,98.60671088568088,99.41474834178698,100.0,0.0,99.01072961373393,99.68786578228638,100.0,0.0,99.26024190401874
UBC9_HUMAN_Weile_2017,zs_wt_8M,7,99.41474834178698,100.0,0.0,98.57276628950453,99.41474834178698,100.0,0.0,98.99375731564577,99.41474834178698,100.0,0.0,99.20425282871636,99.68786578228638,100.0,0.0,99.36933281310965
UBC9_HUMAN_Weile_2017,random_search,8,98.86851346078814,0.0,0.0,86.61724541552869,99.25868123293016,100.0,0.0,92.82949668357392,99.9219664455716,100.0,100.0,96.07062036675771,100.0,100.0,100.0,98.4140460397971
UBC9_HUMAN_Weile_2017,random_walk,8,98.2052282481467,0.0,0.0,93.32266874756144,98.2052282481467,0.0,0.0,95.7639484978541,98.2052282481467,0.0,0.0,96.9845883730004,99.76589933671478,100.0,0.0,98.21638704642997
UBC9_HUMAN_Weile_2017,greedy_local,8,95.55208739758096,0.0,0.0,92.73273507608272,99.18064767850176,100.0,0.0,95.59383534920018,99.18064767850176,100.0,0.0,97.38724151385097,99.9219664455716,100.0,100.0,98.77534139680064
UBC9_HUMAN_Weile_2017,regevo,8,97.97112758486149,0.0,0.0,91.39523995317987,98.98556379243074,0.0,0.0,95.08895825204836,99.02458056964495,100.0,0.0,97.05150214592275,99.37573156457276,100.0,0.0,98.35544284042138
UBC9_HUMAN_Weile_2017,gpbo_ei,8,98.98556379243074,0.0,0.0,94.7054233320328,99.02458056964495,100.0,0.0,96.85836909871244,99.02458056964495,100.0,0.0,97.94147483417869,99.9609832227858,100.0,100.0,99.0483027701912
UBC9_HUMAN_Weile_2017,adalead_graph,8,99.9219664455716,100.0,100.0,93.29379633242291,99.9219664455716,100.0,100.0,96.60788138899728,99.9219664455716,100.0,100.0,98.26492391728443,99.9219664455716,100.0,100.0,99.25914943425671
UBC9_HUMAN_Weile_2017,fly,8,91.57237612173235,0.0,0.0,85.18142801404605,93.67928209129926,0.0,0.0,89.26531408505657,98.90753023800234,0.0,0.0,93.7879438158408,99.9609832227858,100.0,100.0,97.4538431525556
UBC9_HUMAN_Weile_2017,fly_memory,8,99.02458056964495,100.0,0.0,97.67772142021069,99.02458056964495,100.0,0.0,98.3511509949278,99.02458056964495,100.0,0.0,98.6878657822864,99.804916113929,100.0,0.0,99.14810768630512
UBC9_HUMAN_Weile_2017,fly_best_tested,8,95.66913772922356,0.0,0.0,92.42450253609051,99.60983222785798,100.0,0.0,95.54428404213813,100.0,100.0,100.0,97.59851736246588,100.0,100.0,100.0,99.03940694498634
UBC9_HUMAN_Weile_2017,zs_mm_150M,8,99.25868123293016,100.0,0.0,91.9609832227858,99.9219664455716,100.0,100.0,95.92157627779947,99.9219664455716,100.0,100.0,97.92177136168551,99.9219664455716,100.0,100.0,99.12188841201716
UBC9_HUMAN_Weile_2017,zs_wt_150M,8,99.804916113929,100.0,0.0,90.82481467030823,99.9219664455716,100.0,100.0,95.3581740148264,99.9219664455716,100.0,100.0,97.64007023019899,99.9219664455716,100.0,100.0,99.00920795942255
UBC9_HUMAN_Weile_2017,zs_wt_650M,8,99.25868123293016,100.0,0.0,95.04252828716348,99.25868123293016,100.0,0.0,97.15060476004683,99.76589933671478,100.0,0.0,98.35427233710496,99.9219664455716,100.0,100.0,99.23854857588763
UBC9_HUMAN_Weile_2017,zs_mm_8M,8,99.41474834178698,100.0,0.0,97.79867342957473,99.41474834178698,100.0,0.0,98.60671088568088,99.41474834178698,100.0,0.0,99.01072961373393,99.68786578228638,100.0,0.0,99.26024190401874
UBC9_HUMAN_Weile_2017,zs_wt_8M,8,99.41474834178698,100.0,0.0,98.57276628950453,99.41474834178698,100.0,0.0,98.99375731564577,99.41474834178698,100.0,0.0,99.20425282871636,99.68786578228638,100.0,0.0,99.36933281310965
UBC9_HUMAN_Weile_2017,random_search,9,99.9219664455716,100.0,100.0,96.82325399921967,99.9219664455716,100.0,100.0,98.37261022239564,99.9219664455716,100.0,100.0,99.1472883339836,99.9219664455716,100.0,100.0,99.6120952009364
UBC9_HUMAN_Weile_2017,random_walk,9,98.90753023800234,0.0,0.0,81.31174404994147,98.90753023800234,0.0,0.0,90.10963714397191,100.0,100.0,100.0,94.563207179087,100.0,100.0,100.0,97.8252828716348
UBC9_HUMAN_Weile_2017,greedy_local,9,98.90753023800234,0.0,0.0,81.27662895044868,98.90753023800234,0.0,0.0,90.09207959422552,98.90753023800234,0.0,0.0,94.49980491611393,99.9219664455716,100.0,100.0,97.58439328911432
UBC9_HUMAN_Weile_2017,regevo,9,97.85407725321889,0.0,0.0,88.40967616074911,98.98556379243074,0.0,0.0,93.3355442840421,99.02458056964495,100.0,0.0,96.16855247756536,99.72688255950058,100.0,0.0,98.03854857588762
UBC9_HUMAN_Weile_2017,gpbo_ei,9,98.40031213421771,0.0,0.0,94.69449863441278,98.98556379243074,0.0,0.0,96.6761607491221,99.9609832227858,100.0,100.0,97.94791260241905,99.9609832227858,100.0,100.0,99.1557549746391
UBC9_HUMAN_Weile_2017,adalead_graph,9,96.2543893874366,0.0,0.0,91.392898946547,97.73702692157627,0.0,0.0,94.00156067108861,98.98556379243074,0.0,0.0,96.37963324229419,100.0,100.0,100.0,98.0186500195084
UBC9_HUMAN_Weile_2017,fly,9,97.46390948107687,0.0,0.0,87.16348029652752,98.90753023800234,0.0,0.0,92.7631681623098,98.90753023800234,0.0,0.0,95.83534920015607,99.41474834178698,100.0,0.0,97.70308232539995
UBC9_HUMAN_Weile_2017,fly_memory,9,98.90753023800234,0.0,0.0,90.61256340226296,98.90753023800234,0.0,0.0,94.76004682013267,98.90753023800234,0.0,0.0,96.83378852906749,99.41474834178698,100.0,0.0,98.19266484588374
UBC9_HUMAN_Weile_2017,fly_best_tested,9,98.36129535700351,0.0,0.0,78.83964104564964,98.36129535700351,0.0,0.0,88.60046820132655,100.0,100.0,100.0,93.72668747561453,100.0,100.0,100.0,97.49067499024581
UBC9_HUMAN_Weile_2017,zs_mm_150M,9,99.25868123293016,100.0,0.0,91.9609832227858,99.9219664455716,100.0,100.0,95.92157627779947,99.9219664455716,100.0,100.0,97.92177136168551,99.9219664455716,100.0,100.0,99.12188841201716
UBC9_HUMAN_Weile_2017,zs_wt_150M,9,99.804916113929,100.0,0.0,90.82481467030823,99.9219664455716,100.0,100.0,95.3581740148264,99.9219664455716,100.0,100.0,97.64007023019899,99.9219664455716,100.0,100.0,99.00920795942255
UBC9_HUMAN_Weile_2017,zs_wt_650M,9,99.25868123293016,100.0,0.0,95.04252828716348,99.25868123293016,100.0,0.0,97.15060476004683,99.76589933671478,100.0,0.0,98.35427233710496,99.9219664455716,100.0,100.0,99.23854857588763
UBC9_HUMAN_Weile_2017,zs_mm_8M,9,99.41474834178698,100.0,0.0,97.79867342957473,99.41474834178698,100.0,0.0,98.60671088568088,99.41474834178698,100.0,0.0,99.01072961373393,99.68786578228638,100.0,0.0,99.26024190401874
UBC9_HUMAN_Weile_2017,zs_wt_8M,9,99.41474834178698,100.0,0.0,98.57276628950453,99.41474834178698,100.0,0.0,98.99375731564577,99.41474834178698,100.0,0.0,99.20425282871636,99.68786578228638,100.0,0.0,99.36933281310965
UBC9_HUMAN_Weile_2017,random_search,10,99.10261412407336,100.0,0.0,95.8252048380804,99.10261412407336,100.0,0.0,97.46390948107687,100.0,100.0,100.0,98.50760827155678,100.0,100.0,100.0,99.40304330862271
UBC9_HUMAN_Weile_2017,random_walk,10,98.90753023800234,0.0,0.0,95.61217323449084,98.90753023800234,0.0,0.0,97.2598517362466,98.90753023800234,0.0,0.0,98.08369098712447,99.804916113929,100.0,0.0,98.86258291065158
UBC9_HUMAN_Weile_2017,greedy_local,10,99.9219664455716,100.0,100.0,98.57822863831447,99.9219664455716,100.0,100.0,99.25009754194305,99.9219664455716,100.0,100.0,99.58603199375732,99.9219664455716,100.0,100.0,99.78759266484587
UBC9_HUMAN_Weile_2017,regevo,10,98.98556379243074,0.0,0.0,95.70737417089349,98.98556379243074,0.0,0.0,97.34646898166207,99.14163090128756,100.0,0.0,98.20698400312132,99.60983222785798,100.0,0.0,98.99531798673428
UBC9_HUMAN_Weile_2017,gpbo_ei,10,99.72688255950058,100.0,0.0,97.99765899336715,99.72688255950058,100.0,0.0,98.86227077643387,99.72688255950058,100.0,0.0,99.29457666796723,99.72688255950058,100.0,0.0,99.55396020288725
UBC9_HUMAN_Weile_2017,adalead_graph,10,99.9219664455716,100.0,100.0,96.63051111978149,99.9219664455716,100.0,100.0,98.27623878267656,99.9219664455716,100.0,100.0,99.09910261412406,99.9219664455716,100.0,100.0,99.59282091299258
UBC9_HUMAN_Weile_2017,fly,10,87.28053062817011,0.0,0.0,83.79633242294187,97.69801014436207,0.0,0.0,87.5680842762388,100.0,100.0,100.0,93.11080764728835,100.0,100.0,100.0,97.24432305891534
UBC9_HUMAN_Weile_2017,fly_memory,10,99.9219664455716,100.0,100.0,99.47873585641824,99.9219664455716,100.0,100.0,99.70035115099493,99.9219664455716,100.0,100.0,99.81115879828324,99.9219664455716,100.0,100.0,99.87764338665625
UBC9_HUMAN_Weile_2017,fly_best_tested,10,97.65899336714787,0.0,0.0,93.80959812719468,98.36129535700351,0.0,0.0,95.94498634412794,99.804916113929,100.0,0.0,97.58934841982052,99.804916113929,100.0,0.0,98.91868903628563
UBC9_HUMAN_Weile_2017,zs_mm_150M,10,99.25868123293016,100.0,0.0,91.9609832227858,99.9219664455716,100.0,100.0,95.92157627779947,99.9219664455716,100.0,100.0,97.92177136168551,99.9219664455716,100.0,100.0,99.12188841201716
UBC9_HUMAN_Weile_2017,zs_wt_150M,10,99.804916113929,100.0,0.0,90.82481467030823,99.9219664455716,100.0,100.0,95.3581740148264,99.9219664455716,100.0,100.0,97.64007023019899,99.9219664455716,100.0,100.0,99.00920795942255
UBC9_HUMAN_Weile_2017,zs_wt_650M,10,99.25868123293016,100.0,0.0,95.04252828716348,99.25868123293016,100.0,0.0,97.15060476004683,99.76589933671478,100.0,0.0,98.35427233710496,99.9219664455716,100.0,100.0,99.23854857588763
UBC9_HUMAN_Weile_2017,zs_mm_8M,10,99.41474834178698,100.0,0.0,97.79867342957473,99.41474834178698,100.0,0.0,98.60671088568088,99.41474834178698,100.0,0.0,99.01072961373393,99.68786578228638,100.0,0.0,99.26024190401874
UBC9_HUMAN_Weile_2017,zs_wt_8M,10,99.41474834178698,100.0,0.0,98.57276628950453,99.41474834178698,100.0,0.0,98.99375731564577,99.41474834178698,100.0,0.0,99.20425282871636,99.68786578228638,100.0,0.0,99.36933281310965
UBC9_HUMAN_Weile_2017,random_search,11,97.81506047600469,0.0,0.0,97.403823644167,99.45376511900118,100.0,0.0,98.32344908310571,99.68786578228638,100.0,0.0,99.00214592274679,99.8439328911432,100.0,0.0,99.47514631291456
UBC9_HUMAN_Weile_2017,random_walk,11,93.32813109637144,0.0,0.0,85.45376511900115,96.4104564962934,0.0,0.0,89.85329691767456,99.72688255950058,100.0,0.0,94.17811158798284,99.8439328911432,100.0,0.0,97.55044869293796
UBC9_HUMAN_Weile_2017,greedy_local,11,99.68786578228638,100.0,0.0,90.74756145142412,99.9219664455716,100.0,100.0,95.31018337885294,99.9219664455716,100.0,100.0,97.61607491221224,99.9219664455716,100.0,100.0,98.99960983222786
UBC9_HUMAN_Weile_2017,regevo,11,99.37573156457276,100.0,0.0,95.02458056964493,99.37573156457276,100.0,0.0,97.20015606710885,99.37573156457276,100.0,0.0,98.2879438158408,99.9219664455716,100.0,100.0,99.12274678111586
UBC9_HUMAN_Weile_2017,gpbo_ei,11,95.27896995708154,0.0,0.0,88.41825985173624,99.64884900507218,100.0,0.0,93.24697619976592,99.64884900507218,100.0,0.0,96.44791260241905,99.9609832227858,100.0,100.0,98.45524775653531
UBC9_HUMAN_Weile_2017,adalead_graph,11,97.42489270386267,0.0,0.0,89.40694498634413,99.72688255950058,100.0,0.0,93.78423722200547,99.8439328911432,100.0,0.0,96.7906749902458,99.8439328911432,100.0,0.0,98.62262973078423
UBC9_HUMAN_Weile_2017,fly,11,95.27896995708154,0.0,0.0,85.59734685914943,98.82949668357394,0.0,0.0,91.39680062426847,99.41474834178698,100.0,0.0,95.39699570815452,99.41474834178698,100.0,0.0,97.80764728833398
UBC9_HUMAN_Weile_2017,fly_memory,11,95.35700351150994,0.0,0.0,89.47717518532968,99.72688255950058,100.0,0.0,94.60202887241513,100.0,100.0,100.0,97.23546625048773,100.0,100.0,100.0,98.89418650019509
UBC9_HUMAN_Weile_2017,fly_best_tested,11,96.52750682793601,0.0,0.0,93.32891143191573,99.68786578228638,100.0,0.0,95.33905579399143,99.9609832227858,100.0,100.0,97.63772922356613,100.0,100.0,100.0,99.03761217323449
UBC9_HUMAN_Weile_2017,zs_mm_150M,11,99.25868123293016,100.0,0.0,91.9609832227858,99.9219664455716,100.0,100.0,95.92157627779947,99.9219664455716,100.0,100.0,97.92177136168551,99.9219664455716,100.0,100.0,99.12188841201716
UBC9_HUMAN_Weile_2017,zs_wt_150M,11,99.804916113929,100.0,0.0,90.82481467030823,99.9219664455716,100.0,100.0,95.3581740148264,99.9219664455716,100.0,100.0,97.64007023019899,99.9219664455716,100.0,100.0,99.00920795942255
UBC9_HUMAN_Weile_2017,zs_wt_650M,11,99.25868123293016,100.0,0.0,95.04252828716348,99.25868123293016,100.0,0.0,97.15060476004683,99.76589933671478,100.0,0.0,98.35427233710496,99.9219664455716,100.0,100.0,99.23854857588763
UBC9_HUMAN_Weile_2017,zs_mm_8M,11,99.41474834178698,100.0,0.0,97.79867342957473,99.41474834178698,100.0,0.0,98.60671088568088,99.41474834178698,100.0,0.0,99.01072961373393,99.68786578228638,100.0,0.0,99.26024190401874
UBC9_HUMAN_Weile_2017,zs_wt_8M,11,99.41474834178698,100.0,0.0,98.57276628950453,99.41474834178698,100.0,0.0,98.99375731564577,99.41474834178698,100.0,0.0,99.20425282871636,99.68786578228638,100.0,0.0,99.36933281310965
UBC9_HUMAN_Weile_2017,random_search,12,99.76589933671478,100.0,0.0,95.192352711666,99.76589933671478,100.0,0.0,97.4791260241904,99.9609832227858,100.0,100.0,98.64689816621149,100.0,100.0,100.0,99.44042138119391
UBC9_HUMAN_Weile_2017,random_walk,12,99.14163090128756,100.0,0.0,95.16269996098323,99.14163090128756,100.0,0.0,97.15216543113536,99.72688255950058,100.0,0.0,98.39270386266092,99.9609832227858,100.0,100.0,99.20585251658214
UBC9_HUMAN_Weile_2017,greedy_local,12,96.4104564962934,0.0,0.0,83.51541162699961,98.01014436207569,0.0,0.0,90.730784237222,99.9219664455716,100.0,100.0,95.17186890362856,99.9219664455716,100.0,100.0,98.02192742879437
UBC9_HUMAN_Weile_2017,regevo,12,98.98556379243074,0.0,0.0,97.16972298088177,99.02458056964495,100.0,0.0,98.09129925868123,99.02458056964495,100.0,0.0,98.55793991416309,99.9219664455716,100.0,100.0,99.23628560280919
UBC9_HUMAN_Weile_2017,gpbo_ei,12,99.06359734685915,100.0,0.0,95.931330472103,99.06359734685915,100.0,0.0,97.49746390948113,99.9609832227858,100.0,100.0,98.44654701521657,99.9609832227858,100.0,100.0,99.35520873975813
UBC9_HUMAN_Weile_2017,adalead_graph,12,97.42489270386267,0.0,0.0,94.82169332813109,99.9609832227858,100.0,100.0,96.61841591884509,99.9609832227858,100.0,100.0,98.28969957081546,99.9609832227858,100.0,100.0,99.29246976199768
UBC9_HUMAN_Weile_2017,fly,12,87.78774873195474,0.0,0.0,84.61334373780724,89.89465470152166,0.0,0.0,86.98010144362077,96.13733905579399,0.0,0.0,91.06788919235271,99.804916113929,100.0,0.0,96.08271556769412
UBC9_HUMAN_Weile_2017,fly_memory,12,95.27896995708154,0.0,0.0,91.5684744440109,99.02458056964495,100.0,0.0,94.80257510729615,99.02458056964495,100.0,0.0,96.91357783847056,99.9609832227858,100.0,100.0,98.43300819352324
UBC9_HUMAN_Weile_2017,fly_best_tested,12,93.32813109637144,0.0,0.0,90.20991026141239,98.2052282481467,0.0,0.0,91.86656262192744,98.2052282481467,0.0,0.0,95.03589543503705,100.0,100.0,100.0,97.32274678111588
UBC9_HUMAN_Weile_2017,zs_mm_150M,12,99.25868123293016,100.0,0.0,91.9609832227858,99.9219664455716,100.0,100.0,95.92157627779947,99.9219664455716,100.0,100.0,97.92177136168551,99.9219664455716,100.0,100.0,99.12188841201716
UBC9_HUMAN_Weile_2017,zs_wt_150M,12,99.804916113929,100.0,0.0,90.82481467030823,99.9219664455716,100.0,100.0,95.3581740148264,99.9219664455716,100.0,100.0,97.64007023019899,99.9219664455716,100.0,100.0,99.00920795942255
UBC9_HUMAN_Weile_2017,zs_wt_650M,12,99.25868123293016,100.0,0.0,95.04252828716348,99.25868123293016,100.0,0.0,97.15060476004683,99.76589933671478,100.0,0.0,98.35427233710496,99.9219664455716,100.0,100.0,99.23854857588763
UBC9_HUMAN_Weile_2017,zs_mm_8M,12,99.41474834178698,100.0,0.0,97.79867342957473,99.41474834178698,100.0,0.0,98.60671088568088,99.41474834178698,100.0,0.0,99.01072961373393,99.68786578228638,100.0,0.0,99.26024190401874
UBC9_HUMAN_Weile_2017,zs_wt_8M,12,99.41474834178698,100.0,0.0,98.57276628950453,99.41474834178698,100.0,0.0,98.99375731564577,99.41474834178698,100.0,0.0,99.20425282871636,99.68786578228638,100.0,0.0,99.36933281310965
UBC9_HUMAN_Weile_2017,random_search,13,98.43932891143191,0.0,0.0,94.34802965275068,98.43932891143191,0.0,0.0,96.39367928209128,99.21966445571596,100.0,0.0,97.48283261802572,100.0,100.0,100.0,98.6835739367928
UBC9_HUMAN_Weile_2017,random_walk,13,98.24424502536091,0.0,0.0,89.15333593445183,98.24424502536091,0.0,0.0,93.69879047990634,99.53179867342958,100.0,0.0,96.27740928599297,99.9609832227858,100.0,100.0,98.45665236051504
UBC9_HUMAN_Weile_2017,greedy_local,13,98.98556379243074,0.0,0.0,86.73663675380412,98.98556379243074,0.0,0.0,92.86110027311742,99.06359734685915,100.0,0.0,95.94010924697619,99.06359734685915,100.0,0.0,97.81420210690595
UBC9_HUMAN_Weile_2017,regevo,13,98.24424502536091,0.0,0.0,94.31291455325791,98.24424502536091,0.0,0.0,96.27857978930938,99.02458056964495,100.0,0.0,97.3862660944206,99.49278189621538,100.0,0.0,98.5293796332423
UBC9_HUMAN_Weile_2017,gpbo_ei,13,95.98127194693718,0.0,0.0,87.71283651970349,98.40031213421771,0.0,0.0,92.64533749512292,98.94654701521654,0.0,0.0,95.68123293015996,100.0,100.0,100.0,98.06390948107688
UBC9_HUMAN_Weile_2017,adalead_graph,13,97.30784237222005,0.0,0.0,92.58993367147873,99.02458056964495,100.0,0.0,95.64845883730004,99.02458056964495,100.0,0.0,97.33651970347249,99.8439328911432,100.0,0.0,98.79016777214201
UBC9_HUMAN_Weile_2017,fly,13,93.32813109637144,0.0,0.0,83.21888412017168,96.332422941865,0.0,0.0,89.18415918845103,99.41474834178698,100.0,0.0,93.0881779165041,99.9219664455716,100.0,100.0,96.9074522044479
UBC9_HUMAN_Weile_2017,fly_memory,13,96.52750682793601,0.0,0.0,88.58134998049161,96.52750682793601,0.0,0.0,92.5544284042138,97.11275848614905,0.0,0.0,94.61412407335155,100.0,100.0,100.0,97.46749902458056
UBC9_HUMAN_Weile_2017,fly_best_tested,13,96.52750682793601,0.0,0.0,94.1178306671869,96.52750682793601,0.0,0.0,95.32266874756142,99.72688255950058,100.0,0.0,97.14085056574328,99.72688255950058,100.0,0.0,98.69246976199767
UBC9_HUMAN_Weile_2017,zs_mm_150M,13,99.25868123293016,100.0,0.0,91.9609832227858,99.9219664455716,100.0,100.0,95.92157627779947,99.9219664455716,100.0,100.0,97.92177136168551,99.9219664455716,100.0,100.0,99.12188841201716
UBC9_HUMAN_Weile_2017,zs_wt_150M,13,99.804916113929,100.0,0.0,90.82481467030823,99.9219664455716,100.0,100.0,95.3581740148264,99.9219664455716,100.0,100.0,97.64007023019899,99.9219664455716,100.0,100.0,99.00920795942255
UBC9_HUMAN_Weile_2017,zs_wt_650M,13,99.25868123293016,100.0,0.0,95.04252828716348,99.25868123293016,100.0,0.0,97.15060476004683,99.76589933671478,100.0,0.0,98.35427233710496,99.9219664455716,100.0,100.0,99.23854857588763
UBC9_HUMAN_Weile_2017,zs_mm_8M,13,99.41474834178698,100.0,0.0,97.79867342957473,99.41474834178698,100.0,0.0,98.60671088568088,99.41474834178698,100.0,0.0,99.01072961373393,99.68786578228638,100.0,0.0,99.26024190401874
UBC9_HUMAN_Weile_2017,zs_wt_8M,13,99.41474834178698,100.0,0.0,98.57276628950453,99.41474834178698,100.0,0.0,98.99375731564577,99.41474834178698,100.0,0.0,99.20425282871636,99.68786578228638,100.0,0.0,99.36933281310965
UBC9_HUMAN_Weile_2017,random_search,14,99.8439328911432,100.0,0.0,92.10378462738977,99.8439328911432,100.0,0.0,95.97385875926646,99.8439328911432,100.0,0.0,97.90889582520482,99.8439328911432,100.0,0.0,99.06991806476785
UBC9_HUMAN_Weile_2017,random_walk,14,99.76589933671478,100.0,0.0,99.7658993367148,99.76589933671478,100.0,0.0,99.7658993367148,99.76589933671478,100.0,0.0,99.7658993367148,100.0,100.0,100.0,99.7953960202887
UBC9_HUMAN_Weile_2017,greedy_local,14,99.9219664455716,100.0,100.0,99.89387436597735,99.9219664455716,100.0,100.0,99.90792040577449,99.9219664455716,100.0,100.0,99.91494342567303,99.9219664455716,100.0,100.0,99.91915723761217
UBC9_HUMAN_Weile_2017,regevo,14,99.76589933671478,100.0,0.0,99.7658993367148,99.76589933671478,100.0,0.0,99.7658993367148,99.76589933671478,100.0,0.0,99.7658993367148,99.8439328911432,100.0,0.0,99.79477175185329
UBC9_HUMAN_Weile_2017,gpbo_ei,14,99.76589933671478,100.0,0.0,99.7658993367148,99.76589933671478,100.0,0.0,99.7658993367148,99.76589933671478,100.0,0.0,99.7658993367148,99.9609832227858,100.0,100.0,99.77643386656261
UBC9_HUMAN_Weile_2017,adalead_graph,14,99.76589933671478,100.0,0.0,99.7658993367148,99.9219664455716,100.0,100.0,99.79555208739761,99.9219664455716,100.0,100.0,99.8587592664846,99.9219664455716,100.0,100.0,99.89668357393678
UBC9_HUMAN_Weile_2017,fly,14,99.76589933671478,100.0,0.0,99.7658993367148,99.76589933671478,100.0,0.0,99.7658993367148,99.76589933671478,100.0,0.0,99.7658993367148,99.76589933671478,100.0,0.0,99.76589933671478
UBC9_HUMAN_Weile_2017,fly_memory,14,99.76589933671478,100.0,0.0,99.7658993367148,99.76589933671478,100.0,0.0,99.7658993367148,99.76589933671478,100.0,0.0,99.7658993367148,99.76589933671478,100.0,0.0,99.76589933671478
UBC9_HUMAN_Weile_2017,fly_best_tested,14,99.76589933671478,100.0,0.0,99.7658993367148,99.76589933671478,100.0,0.0,99.7658993367148,99.76589933671478,100.0,0.0,99.7658993367148,99.76589933671478,100.0,0.0,99.76589933671478
UBC9_HUMAN_Weile_2017,zs_mm_150M,14,99.25868123293016,100.0,0.0,91.9609832227858,99.9219664455716,100.0,100.0,95.92157627779947,99.9219664455716,100.0,100.0,97.92177136168551,99.9219664455716,100.0,100.0,99.12188841201716
UBC9_HUMAN_Weile_2017,zs_wt_150M,14,99.804916113929,100.0,0.0,90.82481467030823,99.9219664455716,100.0,100.0,95.3581740148264,99.9219664455716,100.0,100.0,97.64007023019899,99.9219664455716,100.0,100.0,99.00920795942255
UBC9_HUMAN_Weile_2017,zs_wt_650M,14,99.25868123293016,100.0,0.0,95.04252828716348,99.25868123293016,100.0,0.0,97.15060476004683,99.76589933671478,100.0,0.0,98.35427233710496,99.9219664455716,100.0,100.0,99.23854857588763
UBC9_HUMAN_Weile_2017,zs_mm_8M,14,99.41474834178698,100.0,0.0,97.79867342957473,99.41474834178698,100.0,0.0,98.60671088568088,99.41474834178698,100.0,0.0,99.01072961373393,99.68786578228638,100.0,0.0,99.26024190401874
UBC9_HUMAN_Weile_2017,zs_wt_8M,14,99.41474834178698,100.0,0.0,98.57276628950453,99.41474834178698,100.0,0.0,98.99375731564577,99.41474834178698,100.0,0.0,99.20425282871636,99.68786578228638,100.0,0.0,99.36933281310965
UBC9_HUMAN_Weile_2017,random_search,15,99.60983222785798,100.0,0.0,96.48146703082324,99.60983222785798,100.0,0.0,98.04564962934063,99.60983222785798,100.0,0.0,98.82774092859931,99.9219664455716,100.0,100.0,99.37471712836522
UBC9_HUMAN_Weile_2017,random_walk,15,95.74717128365197,0.0,0.0,88.49629340616465,95.74717128365197,0.0,0.0,92.12173234490831,96.95669137729223,0.0,0.0,94.230784237222,99.9609832227858,100.0,100.0,97.4358954350371
UBC9_HUMAN_Weile_2017,greedy_local,15,98.24424502536091,0.0,0.0,92.56106125634025,98.24424502536091,0.0,0.0,95.40265314085055,99.06359734685915,100.0,0.0,96.94869293796332,99.9219664455716,100.0,100.0,98.65025360905189
UBC9_HUMAN_Weile_2017,regevo,15,95.12290284822474,0.0,0.0,91.52009364026533,99.18064767850176,100.0,0.0,94.93133047210304,99.9609832227858,100.0,100.0,97.11841591884512,100.0,100.0,100.0,98.8469761997659
UBC9_HUMAN_Weile_2017,gpbo_ei,15,96.3714397190792,0.0,0.0,90.69840031213418,98.63441279750293,0.0,0.0,94.55325790089736,98.98556379243074,0.0,0.0,96.67635583300819,99.9609832227858,100.0,100.0,98.54904408895827
UBC9_HUMAN_Weile_2017,adalead_graph,15,99.9219664455716,100.0,100.0,92.89972688255948,99.9219664455716,100.0,100.0,96.41084666406556,99.9219664455716,100.0,100.0,98.16640655481856,99.9219664455716,100.0,100.0,99.21974248927037
UBC9_HUMAN_Weile_2017,fly,15,98.82949668357394,0.0,0.0,95.31018337885288,98.82949668357394,0.0,0.0,97.06984003121343,99.02458056964495,100.0,0.0,97.99453765119,100.0,100.0,100.0,99.17440499414748
UBC9_HUMAN_Weile_2017,fly_memory,15,89.34841982052282,0.0,0.0,87.3000390167772,98.36129535700351,0.0,0.0,90.3316426063207,98.98556379243074,0.0,0.0,94.39328911431916,99.60983222785798,100.0,0.0,97.15848614904407
UBC9_HUMAN_Weile_2017,fly_best_tested,15,98.24424502536091,0.0,0.0,96.03355442840424,98.24424502536091,0.0,0.0,97.13889972688256,100.0,100.0,100.0,98.42898946547017,100.0,100.0,100.0,99.37159578618807
UBC9_HUMAN_Weile_2017,zs_mm_150M,15,99.25868123293016,100.0,0.0,91.9609832227858,99.9219664455716,100.0,100.0,95.92157627779947,99.9219664455716,100.0,100.0,97.92177136168551,99.9219664455716,100.0,100.0,99.12188841201716
UBC9_HUMAN_Weile_2017,zs_wt_150M,15,99.804916113929,100.0,0.0,90.82481467030823,99.9219664455716,100.0,100.0,95.3581740148264,99.9219664455716,100.0,100.0,97.64007023019899,99.9219664455716,100.0,100.0,99.00920795942255
UBC9_HUMAN_Weile_2017,zs_wt_650M,15,99.25868123293016,100.0,0.0,95.04252828716348,99.25868123293016,100.0,0.0,97.15060476004683,99.76589933671478,100.0,0.0,98.35427233710496,99.9219664455716,100.0,100.0,99.23854857588763
UBC9_HUMAN_Weile_2017,zs_mm_8M,15,99.41474834178698,100.0,0.0,97.79867342957473,99.41474834178698,100.0,0.0,98.60671088568088,99.41474834178698,100.0,0.0,99.01072961373393,99.68786578228638,100.0,0.0,99.26024190401874
UBC9_HUMAN_Weile_2017,zs_wt_8M,15,99.41474834178698,100.0,0.0,98.57276628950453,99.41474834178698,100.0,0.0,98.99375731564577,99.41474834178698,100.0,0.0,99.20425282871636,99.68786578228638,100.0,0.0,99.36933281310965
UBC9_HUMAN_Weile_2017,random_search,16,99.29769801014436,100.0,0.0,89.30706203667577,99.29769801014436,100.0,0.0,94.30238002341008,99.29769801014436,100.0,0.0,96.8000390167772,99.64884900507218,100.0,0.0,98.41732344908311
UBC9_HUMAN_Weile_2017,random_walk,16,99.8439328911432,100.0,0.0,96.85134607881392,99.8439328911432,100.0,0.0,98.3476394849785,99.8439328911432,100.0,0.0,99.09578618806084,99.8439328911432,100.0,0.0,99.54467420991024
UBC9_HUMAN_Weile_2017,greedy_local,16,94.3425673039407,0.0,0.0,79.9406944986344,98.90753023800234,0.0,0.0,88.05462348809988,99.02458056964495,100.0,0.0,93.51268045259461,100.0,100.0,100.0,97.23027701911822
UBC9_HUMAN_Weile_2017,regevo,16,98.98556379243074,0.0,0.0,93.08856808427626,99.8439328911432,100.0,0.0,96.28599297698007,99.9609832227858,100.0,100.0,98.10476004682013,99.9609832227858,100.0,100.0,99.21849395239954
UBC9_HUMAN_Weile_2017,gpbo_ei,16,99.02458056964495,100.0,0.0,97.11587982832617,99.02458056964495,100.0,0.0,98.0702301989856,99.02458056964495,100.0,0.0,98.54740538431528,99.9609832227858,100.0,100.0,99.29629340616466
UBC9_HUMAN_Weile_2017,adalead_graph,16,99.53179867342958,100.0,0.0,94.57588763168164,99.64884900507218,100.0,0.0,97.10066328521265,99.72688255950058,100.0,0.0,98.39387436597737,99.9219664455716,100.0,100.0,99.21576277799453
UBC9_HUMAN_Weile_2017,fly,16,95.27896995708154,0.0,0.0,86.07725321888411,95.27896995708154,0.0,0.0,90.67811158798285,98.24424502536091,0.0,0.0,93.57159578618807,99.06359734685915,100.0,0.0,96.72321498244244
UBC9_HUMAN_Weile_2017,fly_memory,16,93.32813109637144,0.0,0.0,79.61685524775653,93.32813109637144,0.0,0.0,86.472493172064,96.76160749122123,0.0,0.0,91.27760436987904,99.804916113929,100.0,0.0,96.13055013655871
UBC9_HUMAN_Weile_2017,fly_best_tested,16,84.97854077253218,0.0,0.0,75.75731564572767,95.27896995708154,0.0,0.0,84.90011705033169,99.41474834178698,100.0,0.0,91.34783456886461,99.41474834178698,100.0,0.0,96.18798283261803
UBC9_HUMAN_Weile_2017,zs_mm_150M,16,99.25868123293016,100.0,0.0,91.9609832227858,99.9219664455716,100.0,100.0,95.92157627779947,99.9219664455716,100.0,100.0,97.92177136168551,99.9219664455716,100.0,100.0,99.12188841201716
UBC9_HUMAN_Weile_2017,zs_wt_150M,16,99.804916113929,100.0,0.0,90.82481467030823,99.9219664455716,100.0,100.0,95.3581740148264,99.9219664455716,100.0,100.0,97.64007023019899,99.9219664455716,100.0,100.0,99.00920795942255
UBC9_HUMAN_Weile_2017,zs_wt_650M,16,99.25868123293016,100.0,0.0,95.04252828716348,99.25868123293016,100.0,0.0,97.15060476004683,99.76589933671478,100.0,0.0,98.35427233710496,99.9219664455716,100.0,100.0,99.23854857588763
UBC9_HUMAN_Weile_2017,zs_mm_8M,16,99.41474834178698,100.0,0.0,97.79867342957473,99.41474834178698,100.0,0.0,98.60671088568088,99.41474834178698,100.0,0.0,99.01072961373393,99.68786578228638,100.0,0.0,99.26024190401874
UBC9_HUMAN_Weile_2017,zs_wt_8M,16,99.41474834178698,100.0,0.0,98.57276628950453,99.41474834178698,100.0,0.0,98.99375731564577,99.41474834178698,100.0,0.0,99.20425282871636,99.68786578228638,100.0,0.0,99.36933281310965
UBC9_HUMAN_Weile_2017,random_search,17,99.60983222785798,100.0,0.0,99.60983222785796,99.72688255950058,100.0,0.0,99.656652360515,99.72688255950058,100.0,0.0,99.6917674600078,99.72688255950058,100.0,0.0,99.71283651970347
UBC9_HUMAN_Weile_2017,random_walk,17,97.61997658993367,0.0,0.0,92.06710885680843,97.61997658993367,0.0,0.0,94.84354272337102,97.61997658993367,0.0,0.0,96.23175965665236,100.0,100.0,100.0,97.86468981662115
UBC9_HUMAN_Weile_2017,greedy_local,17,94.84978540772532,0.0,0.0,91.38119391338275,100.0,100.0,100.0,95.58447132266876,100.0,100.0,100.0,97.79223566133437,100.0,100.0,100.0,99.11689426453376
UBC9_HUMAN_Weile_2017,regevo,17,99.02458056964495,100.0,0.0,94.49629340616465,99.02458056964495,100.0,0.0,96.76043698790481,99.9219664455716,100.0,100.0,97.97893094030434,99.9219664455716,100.0,100.0,99.14475224346468
UBC9_HUMAN_Weile_2017,gpbo_ei,17,98.71244635193133,0.0,0.0,95.71595786188061,98.71244635193133,0.0,0.0,97.21420210690601,100.0,100.0,100.0,98.58134998049161,100.0,100.0,100.0,99.43253999219665
UBC9_HUMAN_Weile_2017,adalead_graph,17,98.71244635193133,0.0,0.0,97.00663285212642,99.02458056964495,100.0,0.0,97.96878657822865,99.02458056964495,100.0,0.0,98.49668357393679,100.0,100.0,100.0,99.36746000780336
UBC9_HUMAN_Weile_2017,fly,17,98.1271946937183,0.0,0.0,90.62426843542724,98.98556379243074,0.0,0.0,94.80491611392895,98.98556379243074,0.0,0.0,96.89523995317984,99.45376511900118,100.0,0.0,98.34982442450253
UBC9_HUMAN_Weile_2017,fly_memory,17,94.18650019508388,0.0,0.0,90.16309012875536,98.94654701521654,0.0,0.0,93.36480686695282,98.98556379243074,0.0,0.0,96.167577058135,99.804916113929,100.0,0.0,98.12095200936402
UBC9_HUMAN_Weile_2017,fly_best_tested,17,94.14748341786968,0.0,0.0,86.75302380023412,94.14748341786968,0.0,0.0,90.45025360905191,95.27896995708154,0.0,0.0,92.71186110027313,99.53179867342958,100.0,0.0,96.46312914553258
UBC9_HUMAN_Weile_2017,zs_mm_150M,17,99.25868123293016,100.0,0.0,91.9609832227858,99.9219664455716,100.0,100.0,95.92157627779947,99.9219664455716,100.0,100.0,97.92177136168551,99.9219664455716,100.0,100.0,99.12188841201716
UBC9_HUMAN_Weile_2017,zs_wt_150M,17,99.804916113929,100.0,0.0,90.82481467030823,99.9219664455716,100.0,100.0,95.3581740148264,99.9219664455716,100.0,100.0,97.64007023019899,99.9219664455716,100.0,100.0,99.00920795942255
UBC9_HUMAN_Weile_2017,zs_wt_650M,17,99.25868123293016,100.0,0.0,95.04252828716348,99.25868123293016,100.0,0.0,97.15060476004683,99.76589933671478,100.0,0.0,98.35427233710496,99.9219664455716,100.0,100.0,99.23854857588763
UBC9_HUMAN_Weile_2017,zs_mm_8M,17,99.41474834178698,100.0,0.0,97.79867342957473,99.41474834178698,100.0,0.0,98.60671088568088,99.41474834178698,100.0,0.0,99.01072961373393,99.68786578228638,100.0,0.0,99.26024190401874
UBC9_HUMAN_Weile_2017,zs_wt_8M,17,99.41474834178698,100.0,0.0,98.57276628950453,99.41474834178698,100.0,0.0,98.99375731564577,99.41474834178698,100.0,0.0,99.20425282871636,99.68786578228638,100.0,0.0,99.36933281310965
UBC9_HUMAN_Weile_2017,random_search,18,99.8829496683574,100.0,0.0,97.9180647678502,99.8829496683574,100.0,0.0,98.90050721810377,99.8829496683574,100.0,0.0,99.39172844323059,99.8829496683574,100.0,0.0,99.68646117830669
UBC9_HUMAN_Weile_2017,random_walk,18,100.0,100.0,100.0,89.98829496683575,100.0,100.0,100.0,94.99414748341788,100.0,100.0,100.0,97.49707374170893,100.0,100.0,100.0,98.99882949668358
UBC9_HUMAN_Weile_2017,greedy_local,18,95.66913772922356,0.0,0.0,84.70542333203277,99.41474834178698,100.0,0.0,91.57744830277021,99.41474834178698,100.0,0.0,95.4960983222786,100.0,100.0,100.0,98.13780725712056
UBC9_HUMAN_Weile_2017,regevo,18,96.56652360515021,0.0,0.0,81.50994927818961,98.36129535700351,0.0,0.0,89.6788919235271,100.0,100.0,100.0,94.65392118611003,100.0,100.0,100.0,97.86156847444401
UBC9_HUMAN_Weile_2017,gpbo_ei,18,95.27896995708154,0.0,0.0,86.44635193133047,96.3714397190792,0.0,0.0,91.07569254779558,99.57081545064378,100.0,0.0,94.77428794381585,99.9609832227858,100.0,100.0,97.85040967616077
UBC9_HUMAN_Weile_2017,adalead_graph,18,98.71244635193133,0.0,0.0,92.6609442060086,100.0,100.0,100.0,96.10417479516192,100.0,100.0,100.0,98.05208739758096,100.0,100.0,100.0,99.22083495903239
UBC9_HUMAN_Weile_2017,fly,18,96.4494732735076,0.0,0.0,88.98712446351931,98.01014436207569,0.0,0.0,93.30238002341004,99.18064767850176,100.0,0.0,95.95474053843152,99.57081545064378,100.0,0.0,97.90511119781506
UBC9_HUMAN_Weile_2017,fly_memory,18,90.01170503316426,0.0,0.0,83.97737026921577,98.94654701521654,0.0,0.0,88.08427623878269,98.94654701521654,0.0,0.0,93.5154116269996,99.804916113929,100.0,0.0,96.97401482637535
UBC9_HUMAN_Weile_2017,fly_best_tested,18,95.74717128365197,0.0,0.0,92.1911822083496,99.41474834178698,100.0,0.0,95.1420210690597,99.41474834178698,100.0,0.0,97.27838470542333,100.0,100.0,100.0,98.69129925868123
UBC9_HUMAN_Weile_2017,zs_mm_150M,18,99.25868123293016,100.0,0.0,91.9609832227858,99.9219664455716,100.0,100.0,95.92157627779947,99.9219664455716,100.0,100.0,97.92177136168551,99.9219664455716,100.0,100.0,99.12188841201716
UBC9_HUMAN_Weile_2017,zs_wt_150M,18,99.804916113929,100.0,0.0,90.82481467030823,99.9219664455716,100.0,100.0,95.3581740148264,99.9219664455716,100.0,100.0,97.64007023019899,99.9219664455716,100.0,100.0,99.00920795942255
UBC9_HUMAN_Weile_2017,zs_wt_650M,18,99.25868123293016,100.0,0.0,95.04252828716348,99.25868123293016,100.0,0.0,97.15060476004683,99.76589933671478,100.0,0.0,98.35427233710496,99.9219664455716,100.0,100.0,99.23854857588763
UBC9_HUMAN_Weile_2017,zs_mm_8M,18,99.41474834178698,100.0,0.0,97.79867342957473,99.41474834178698,100.0,0.0,98.60671088568088,99.41474834178698,100.0,0.0,99.01072961373393,99.68786578228638,100.0,0.0,99.26024190401874
UBC9_HUMAN_Weile_2017,zs_wt_8M,18,99.41474834178698,100.0,0.0,98.57276628950453,99.41474834178698,100.0,0.0,98.99375731564577,99.41474834178698,100.0,0.0,99.20425282871636,99.68786578228638,100.0,0.0,99.36933281310965
UBC9_HUMAN_Weile_2017,random_search,19,94.73273507608272,0.0,0.0,92.45805696449472,99.18064767850176,100.0,0.0,94.86929379633246,99.64884900507218,100.0,0.0,97.22883339836129,99.64884900507218,100.0,0.0,98.68084276238783
UBC9_HUMAN_Weile_2017,random_walk,19,96.56652360515021,0.0,0.0,82.46195864221615,98.98556379243074,0.0,0.0,90.0355052672649,98.98556379243074,0.0,0.0,94.51053452984783,99.25868123293016,100.0,0.0,97.19937573156454
UBC9_HUMAN_Weile_2017,greedy_local,19,98.98556379243074,0.0,0.0,95.3554428404214,99.9219664455716,100.0,100.0,97.35778384705426,99.9219664455716,100.0,100.0,98.63987514631292,99.9219664455716,100.0,100.0,99.40912992586811
UBC9_HUMAN_Weile_2017,regevo,19,99.33671478735856,100.0,0.0,97.35778384705424,99.33671478735856,100.0,0.0,98.34724931720638,99.49278189621538,100.0,0.0,98.84900507218103,99.9219664455716,100.0,100.0,99.4767069840031
UBC9_HUMAN_Weile_2017,gpbo_ei,19,98.82949668357394,0.0,0.0,96.64845883730003,99.41474834178698,100.0,0.0,97.85017557549747,99.41474834178698,100.0,0.0,98.63246195864221,99.57081545064378,100.0,0.0,99.13094030433084
UBC9_HUMAN_Weile_2017,adalead_graph,19,97.69801014436207,0.0,0.0,93.30472103004293,99.64884900507218,100.0,0.0,95.78462738977761,99.9219664455716,100.0,100.0,97.84510339445961,99.9219664455716,100.0,100.0,99.09122122512679
UBC9_HUMAN_Weile_2017,fly,19,98.01014436207569,0.0,0.0,97.14397190792042,99.72688255950058,100.0,0.0,98.21225126804525,99.72688255950058,100.0,0.0,98.96956691377294,99.72688255950058,100.0,0.0,99.42395630120953
UBC9_HUMAN_Weile_2017,fly_memory,19,96.76160749122123,0.0,0.0,95.15099492781896,96.87865782286383,0.0,0.0,95.99726882559501,96.87865782286383,0.0,0.0,96.4379633242294,99.49278189621538,100.0,0.0,97.90870074131875
UBC9_HUMAN_Weile_2017,fly_best_tested,19,98.98556379243074,0.0,0.0,96.87319547405384,98.98556379243074,0.0,0.0,97.92937963324226,99.49278189621538,100.0,0.0,98.58427623878266,99.72688255950058,100.0,0.0,99.23378852906748
UBC9_HUMAN_Weile_2017,zs_mm_150M,19,99.25868123293016,100.0,0.0,91.9609832227858,99.9219664455716,100.0,100.0,95.92157627779947,99.9219664455716,100.0,100.0,97.92177136168551,99.9219664455716,100.0,100.0,99.12188841201716
UBC9_HUMAN_Weile_2017,zs_wt_150M,19,99.804916113929,100.0,0.0,90.82481467030823,99.9219664455716,100.0,100.0,95.3581740148264,99.9219664455716,100.0,100.0,97.64007023019899,99.9219664455716,100.0,100.0,99.00920795942255
UBC9_HUMAN_Weile_2017,zs_wt_650M,19,99.25868123293016,100.0,0.0,95.04252828716348,99.25868123293016,100.0,0.0,97.15060476004683,99.76589933671478,100.0,0.0,98.35427233710496,99.9219664455716,100.0,100.0,99.23854857588763
UBC9_HUMAN_Weile_2017,zs_mm_8M,19,99.41474834178698,100.0,0.0,97.79867342957473,99.41474834178698,100.0,0.0,98.60671088568088,99.41474834178698,100.0,0.0,99.01072961373393,99.68786578228638,100.0,0.0,99.26024190401874
UBC9_HUMAN_Weile_2017,zs_wt_8M,19,99.41474834178698,100.0,0.0,98.57276628950453,99.41474834178698,100.0,0.0,98.99375731564577,99.41474834178698,100.0,0.0,99.20425282871636,99.68786578228638,100.0,0.0,99.36933281310965
NUD15_HUMAN_Suiter_2020,random_search,0,95.14767932489451,0.0,0.0,88.39943741209565,97.85513361462729,0.0,0.0,92.63994374120954,99.22644163150493,100.0,0.0,95.79535864978905,99.57805907172995,100.0,0.0,97.94120956399438
NUD15_HUMAN_Suiter_2020,random_walk,0,99.75386779184248,100.0,0.0,97.69690576652603,99.929676511955,100.0,100.0,98.72890295358647,100.0,100.0,100.0,99.35566104078764,100.0,100.0,100.0,99.74226441631505
NUD15_HUMAN_Suiter_2020,greedy_local,0,97.0112517580872,0.0,0.0,95.95780590717298,98.66385372714487,0.0,0.0,97.14592123769336,99.9648382559775,100.0,100.0,98.31540084388187,100.0,100.0,100.0,99.3060478199719
NUD15_HUMAN_Suiter_2020,regevo,0,95.35864978902954,0.0,0.0,94.87693389592123,97.85513361462729,0.0,0.0,96.20639943741207,99.89451476793249,100.0,0.0,97.48962728551336,100.0,100.0,100.0,98.99437412095641
NUD15_HUMAN_Suiter_2020,gpbo_ei,0,97.8902953586498,0.0,0.0,96.74050632911393,98.48804500703235,0.0,0.0,97.39205344585095,100.0,100.0,100.0,98.64328410689171,100.0,100.0,100.0,99.45731364275667
NUD15_HUMAN_Suiter_2020,adalead_graph,0,99.54289732770745,100.0,0.0,99.38888888888889,99.71870604781998,100.0,0.0,99.53094233473985,99.71870604781998,100.0,0.0,99.6248241912799,100.0,100.0,100.0,99.81167369901547
NUD15_HUMAN_Suiter_2020,fly,0,99.57805907172995,100.0,0.0,98.65682137834035,99.57805907172995,100.0,0.0,99.11744022503514,99.57805907172995,100.0,0.0,99.34774964838256,100.0,100.0,100.0,99.69353023909987
NUD15_HUMAN_Suiter_2020,fly_memory,0,98.52320675105486,0.0,0.0,97.1680731364276,98.52320675105486,0.0,0.0,97.84563994374122,100.0,100.0,100.0,98.78674402250351,100.0,100.0,100.0,99.5146976090014
NUD15_HUMAN_Suiter_2020,fly_best_tested,0,99.40225035161744,100.0,0.0,97.94725738396625,99.40225035161744,100.0,0.0,98.67475386779182,99.40225035161744,100.0,0.0,99.03850210970464,100.0,100.0,100.0,99.45182841068915
NUD15_HUMAN_Suiter_2020,zs_mm_150M,0,95.32348804500704,0.0,0.0,91.29606188466951,99.89451476793249,100.0,0.0,94.92158931082984,99.89451476793249,100.0,0.0,97.40805203938115,99.89451476793249,100.0,0.0,98.89992967651193
NUD15_HUMAN_Suiter_2020,zs_wt_150M,0,95.32348804500704,0.0,0.0,90.06962025316457,99.89451476793249,100.0,0.0,94.09915611814347,99.89451476793249,100.0,0.0,96.99683544303798,99.89451476793249,100.0,0.0,98.73544303797468
NUD15_HUMAN_Suiter_2020,zs_wt_650M,0,98.80450070323488,0.0,0.0,97.66244725738397,99.50773558368495,100.0,0.0,98.49367088607598,99.89451476793249,100.0,0.0,99.14574542897327,99.89451476793249,100.0,0.0,99.59500703234879
NUD15_HUMAN_Suiter_2020,zs_mm_8M,0,98.80450070323488,0.0,0.0,91.54500703234883,99.89451476793249,100.0,0.0,95.46905766526022,99.89451476793249,100.0,0.0,97.68178621659634,99.89451476793249,100.0,0.0,99.00942334739801
NUD15_HUMAN_Suiter_2020,zs_wt_8M,0,98.80450070323488,0.0,0.0,91.4887482419128,98.80450070323488,0.0,0.0,95.14662447257382,99.89451476793249,100.0,0.0,97.46606891701828,99.89451476793249,100.0,0.0,98.92313642756679
NUD15_HUMAN_Suiter_2020,random_search,1,99.12095639943742,100.0,0.0,97.74613220815755,99.12095639943742,100.0,0.0,98.4335443037975,99.929676511955,100.0,100.0,98.99789029535864,99.929676511955,100.0,100.0,99.55696202531647
NUD15_HUMAN_Suiter_2020,random_walk,1,99.40225035161744,100.0,0.0,94.0464135021097,99.40225035161744,100.0,0.0,96.72433192686356,100.0,100.0,100.0,98.27637130801688,100.0,100.0,100.0,99.31054852320675
NUD15_HUMAN_Suiter_2020,greedy_local,1,98.66385372714487,0.0,0.0,94.13009845288326,98.80450070323488,0.0,0.0,96.42510548523205,99.47257383966245,100.0,0.0,97.90875527426161,99.68354430379746,100.0,0.0,98.92046413502108
NUD15_HUMAN_Suiter_2020,regevo,1,97.8902953586498,0.0,0.0,93.09493670886076,99.68354430379746,100.0,0.0,95.86814345991563,100.0,100.0,100.0,97.92774261603375,100.0,100.0,100.0,99.17109704641351
NUD15_HUMAN_Suiter_2020,gpbo_ei,1,99.82419127988749,100.0,0.0,89.80872011251759,100.0,100.0,100.0,94.87447257383967,100.0,100.0,100.0,97.43723628691983,100.0,100.0,100.0,98.97489451476794
NUD15_HUMAN_Suiter_2020,adalead_graph,1,96.34317862165963,0.0,0.0,93.37693389592121,99.68354430379746,100.0,0.0,95.81153305203938,100.0,100.0,100.0,97.84563994374119,100.0,100.0,100.0,99.13825597749647
NUD15_HUMAN_Suiter_2020,fly,1,98.48804500703235,0.0,0.0,78.71940928270043,100.0,100.0,100.0,89.31786216596343,100.0,100.0,100.0,94.65893108298172,100.0,100.0,100.0,97.86357243319269
NUD15_HUMAN_Suiter_2020,fly_memory,1,97.78481012658227,0.0,0.0,91.26582278481014,97.78481012658227,0.0,0.0,94.5253164556962,99.89451476793249,100.0,0.0,97.13607594936708,100.0,100.0,100.0,98.82827004219408
NUD15_HUMAN_Suiter_2020,fly_best_tested,1,96.23769338959212,0.0,0.0,91.31575246132208,99.929676511955,100.0,100.0,94.79817158931081,99.929676511955,100.0,100.0,97.3639240506329,99.929676511955,100.0,100.0,98.90337552742616
NUD15_HUMAN_Suiter_2020,zs_mm_150M,1,95.32348804500704,0.0,0.0,91.29606188466951,99.89451476793249,100.0,0.0,94.92158931082984,99.89451476793249,100.0,0.0,97.40805203938115,99.89451476793249,100.0,0.0,98.89992967651193
NUD15_HUMAN_Suiter_2020,zs_wt_150M,1,95.32348804500704,0.0,0.0,90.06962025316457,99.89451476793249,100.0,0.0,94.09915611814347,99.89451476793249,100.0,0.0,96.99683544303798,99.89451476793249,100.0,0.0,98.73544303797468
NUD15_HUMAN_Suiter_2020,zs_wt_650M,1,98.80450070323488,0.0,0.0,97.66244725738397,99.50773558368495,100.0,0.0,98.49367088607598,99.89451476793249,100.0,0.0,99.14574542897327,99.89451476793249,100.0,0.0,99.59500703234879
NUD15_HUMAN_Suiter_2020,zs_mm_8M,1,98.80450070323488,0.0,0.0,91.54500703234883,99.89451476793249,100.0,0.0,95.46905766526022,99.89451476793249,100.0,0.0,97.68178621659634,99.89451476793249,100.0,0.0,99.00942334739801
NUD15_HUMAN_Suiter_2020,zs_wt_8M,1,98.80450070323488,0.0,0.0,91.4887482419128,98.80450070323488,0.0,0.0,95.14662447257382,99.89451476793249,100.0,0.0,97.46606891701828,99.89451476793249,100.0,0.0,98.92313642756679
NUD15_HUMAN_Suiter_2020,random_search,2,96.37834036568213,0.0,0.0,90.82489451476793,99.40225035161744,100.0,0.0,94.86814345991559,99.40225035161744,100.0,0.0,97.13519690576652,99.71870604781998,100.0,0.0,98.67960618846695
NUD15_HUMAN_Suiter_2020,random_walk,2,93.63572433192687,0.0,0.0,91.13220815752462,97.67932489451476,0.0,0.0,94.14873417721519,97.67932489451476,0.0,0.0,95.91402953586501,100.0,100.0,100.0,98.3402953586498
NUD15_HUMAN_Suiter_2020,greedy_local,2,92.47538677918425,0.0,0.0,86.85232067510549,97.15189873417721,0.0,0.0,91.62798874824188,99.929676511955,100.0,100.0,95.19057665260196,99.929676511955,100.0,100.0,98.03403656821378
NUD15_HUMAN_Suiter_2020,regevo,2,98.66385372714487,0.0,0.0,92.83473980309424,98.66385372714487,0.0,0.0,95.74929676511954,99.43741209563994,100.0,0.0,97.56241209563994,99.929676511955,100.0,100.0,98.73762306610409
NUD15_HUMAN_Suiter_2020,gpbo_ei,2,99.89451476793249,100.0,0.0,93.42545710267228,99.89451476793249,100.0,0.0,96.65998593530239,100.0,100.0,100.0,98.32049929676512,100.0,100.0,100.0,99.32819971870605
NUD15_HUMAN_Suiter_2020,adalead_graph,2,99.64838255977496,100.0,0.0,93.41912798874826,100.0,100.0,100.0,96.64908579465542,100.0,100.0,100.0,98.3245428973277,100.0,100.0,100.0,99.32981715893108
NUD15_HUMAN_Suiter_2020,fly,2,98.66385372714487,0.0,0.0,89.42827004219407,98.66385372714487,0.0,0.0,94.04606188466947,100.0,100.0,100.0,96.7035864978903,100.0,100.0,100.0,98.68143459915612
NUD15_HUMAN_Suiter_2020,fly_memory,2,100.0,100.0,100.0,95.11392405063292,100.0,100.0,100.0,97.55696202531647,100.0,100.0,100.0,98.77848101265823,100.0,100.0,100.0,99.51139240506329
NUD15_HUMAN_Suiter_2020,fly_best_tested,2,98.59353023909986,0.0,0.0,95.55133614627287,98.59353023909986,0.0,0.0,97.07243319268633,100.0,100.0,100.0,98.42018284106892,100.0,100.0,100.0,99.36807313642757
NUD15_HUMAN_Suiter_2020,zs_mm_150M,2,95.32348804500704,0.0,0.0,91.29606188466951,99.89451476793249,100.0,0.0,94.92158931082984,99.89451476793249,100.0,0.0,97.40805203938115,99.89451476793249,100.0,0.0,98.89992967651193
NUD15_HUMAN_Suiter_2020,zs_wt_150M,2,95.32348804500704,0.0,0.0,90.06962025316457,99.89451476793249,100.0,0.0,94.09915611814347,99.89451476793249,100.0,0.0,96.99683544303798,99.89451476793249,100.0,0.0,98.73544303797468
NUD15_HUMAN_Suiter_2020,zs_wt_650M,2,98.80450070323488,0.0,0.0,97.66244725738397,99.50773558368495,100.0,0.0,98.49367088607598,99.89451476793249,100.0,0.0,99.14574542897327,99.89451476793249,100.0,0.0,99.59500703234879
NUD15_HUMAN_Suiter_2020,zs_mm_8M,2,98.80450070323488,0.0,0.0,91.54500703234883,99.89451476793249,100.0,0.0,95.46905766526022,99.89451476793249,100.0,0.0,97.68178621659634,99.89451476793249,100.0,0.0,99.00942334739801
NUD15_HUMAN_Suiter_2020,zs_wt_8M,2,98.80450070323488,0.0,0.0,91.4887482419128,98.80450070323488,0.0,0.0,95.14662447257382,99.89451476793249,100.0,0.0,97.46606891701828,99.89451476793249,100.0,0.0,98.92313642756679
NUD15_HUMAN_Suiter_2020,random_search,3,99.71870604781998,100.0,0.0,97.37693389592124,99.71870604781998,100.0,0.0,98.54781997187064,99.71870604781998,100.0,0.0,99.13326300984528,99.71870604781998,100.0,0.0,99.4845288326301
NUD15_HUMAN_Suiter_2020,random_walk,3,66.70182841068917,0.0,0.0,62.26652601969059,92.29957805907173,0.0,0.0,68.06645569620252,99.82419127988749,100.0,0.0,83.59774964838256,100.0,100.0,100.0,93.43312236286921
NUD15_HUMAN_Suiter_2020,greedy_local,3,77.49648382559775,0.0,0.0,36.623769338959214,97.25738396624473,0.0,0.0,65.00386779184248,98.34739803094233,0.0,0.0,81.29412798874824,99.929676511955,100.0,100.0,91.8024613220816
NUD15_HUMAN_Suiter_2020,regevo,3,99.43741209563994,100.0,0.0,96.30098452883263,99.43741209563994,100.0,0.0,97.86919831223629,99.43741209563994,100.0,0.0,98.6533052039381,100.0,100.0,100.0,99.26104078762306
NUD15_HUMAN_Suiter_2020,gpbo_ei,3,99.9648382559775,100.0,100.0,90.43459915611813,100.0,100.0,100.0,95.21694796061885,100.0,100.0,100.0,97.60847398030943,100.0,100.0,100.0,99.04338959212377
NUD15_HUMAN_Suiter_2020,adalead_graph,3,96.87060478199719,0.0,0.0,83.01969057665261,98.0309423347398,0.0,0.0,90.51371308016877,99.9648382559775,100.0,100.0,94.99595639943742,100.0,100.0,100.0,97.99711673699017
NUD15_HUMAN_Suiter_2020,fly,3,98.66385372714487,0.0,0.0,87.97327707454289,98.66385372714487,0.0,0.0,93.3185654008439,98.66385372714487,0.0,0.0,95.99120956399437,99.85935302390999,100.0,0.0,97.71195499296768
NUD15_HUMAN_Suiter_2020,fly_memory,3,54.74683544303797,0.0,0.0,37.78832630098453,94.47960618846695,0.0,0.0,60.22714486638539,97.53867791842475,0.0,0.0,78.43688466947962,98.83966244725738,0.0,0.0,90.26933895921239
NUD15_HUMAN_Suiter_2020,fly_best_tested,3,98.48804500703235,0.0,0.0,65.19057665260196,99.57805907172995,100.0,0.0,82.28234880450069,100.0,100.0,100.0,91.13906469760899,100.0,100.0,100.0,96.4556258790436
NUD15_HUMAN_Suiter_2020,zs_mm_150M,3,95.32348804500704,0.0,0.0,91.29606188466951,99.89451476793249,100.0,0.0,94.92158931082984,99.89451476793249,100.0,0.0,97.40805203938115,99.89451476793249,100.0,0.0,98.89992967651193
NUD15_HUMAN_Suiter_2020,zs_wt_150M,3,95.32348804500704,0.0,0.0,90.06962025316457,99.89451476793249,100.0,0.0,94.09915611814347,99.89451476793249,100.0,0.0,96.99683544303798,99.89451476793249,100.0,0.0,98.73544303797468
NUD15_HUMAN_Suiter_2020,zs_wt_650M,3,98.80450070323488,0.0,0.0,97.66244725738397,99.50773558368495,100.0,0.0,98.49367088607598,99.89451476793249,100.0,0.0,99.14574542897327,99.89451476793249,100.0,0.0,99.59500703234879
NUD15_HUMAN_Suiter_2020,zs_mm_8M,3,98.80450070323488,0.0,0.0,91.54500703234883,99.89451476793249,100.0,0.0,95.46905766526022,99.89451476793249,100.0,0.0,97.68178621659634,99.89451476793249,100.0,0.0,99.00942334739801
NUD15_HUMAN_Suiter_2020,zs_wt_8M,3,98.80450070323488,0.0,0.0,91.4887482419128,98.80450070323488,0.0,0.0,95.14662447257382,99.89451476793249,100.0,0.0,97.46606891701828,99.89451476793249,100.0,0.0,98.92313642756679
NUD15_HUMAN_Suiter_2020,random_search,4,99.50773558368495,100.0,0.0,96.09915611814345,99.50773558368495,100.0,0.0,97.80344585091423,99.50773558368495,100.0,0.0,98.65559071729956,99.78902953586498,100.0,0.0,99.22215189873418
NUD15_HUMAN_Suiter_2020,random_walk,4,98.0309423347398,0.0,0.0,95.36216596343179,99.40225035161744,100.0,0.0,96.97433192686358,99.40225035161744,100.0,0.0,98.1882911392405,100.0,100.0,100.0,99.19479606188466
NUD15_HUMAN_Suiter_2020,greedy_local,4,97.60900140646976,0.0,0.0,96.2011251758087,97.60900140646976,0.0,0.0,96.90506329113927,99.82419127988749,100.0,0.0,97.2791842475387,99.82419127988749,100.0,0.0,98.80618846694799
NUD15_HUMAN_Suiter_2020,regevo,4,96.58931082981717,0.0,0.0,94.50492264416314,99.82419127988749,100.0,0.0,96.82735583684953,99.82419127988749,100.0,0.0,98.32577355836851,100.0,100.0,100.0,99.23994374120959
NUD15_HUMAN_Suiter_2020,gpbo_ei,4,98.45288326300985,0.0,0.0,96.64135021097044,99.85935302390999,100.0,0.0,98.0056258790436,99.9648382559775,100.0,100.0,98.95042194092827,100.0,100.0,100.0,99.57559774964838
NUD15_HUMAN_Suiter_2020,adalead_graph,4,96.23769338959212,0.0,0.0,95.29887482419126,97.9957805907173,0.0,0.0,96.22538677918426,99.43741209563994,100.0,0.0,97.32682841068917,100.0,100.0,100.0,98.81568213783403
NUD15_HUMAN_Suiter_2020,fly,4,98.41772151898734,0.0,0.0,96.32559774964837,98.59353023909986,0.0,0.0,97.4595639943741,100.0,100.0,100.0,98.35988045007034,100.0,100.0,100.0,99.34395218002814
NUD15_HUMAN_Suiter_2020,fly_memory,4,98.0309423347398,0.0,0.0,96.4774964838256,98.0309423347398,0.0,0.0,97.25421940928267,99.40225035161744,100.0,0.0,98.10706751054852,100.0,100.0,100.0,99.22967651195499
NUD15_HUMAN_Suiter_2020,fly_best_tested,4,97.53867791842475,0.0,0.0,95.98382559774964,98.76933895921238,0.0,0.0,97.06891701828415,99.85935302390999,100.0,0.0,98.30467651195501,100.0,100.0,100.0,99.30668073136427
NUD15_HUMAN_Suiter_2020,zs_mm_150M,4,95.32348804500704,0.0,0.0,91.29606188466951,99.89451476793249,100.0,0.0,94.92158931082984,99.89451476793249,100.0,0.0,97.40805203938115,99.89451476793249,100.0,0.0,98.89992967651193
NUD15_HUMAN_Suiter_2020,zs_wt_150M,4,95.32348804500704,0.0,0.0,90.06962025316457,99.89451476793249,100.0,0.0,94.09915611814347,99.89451476793249,100.0,0.0,96.99683544303798,99.89451476793249,100.0,0.0,98.73544303797468
NUD15_HUMAN_Suiter_2020,zs_wt_650M,4,98.80450070323488,0.0,0.0,97.66244725738397,99.50773558368495,100.0,0.0,98.49367088607598,99.89451476793249,100.0,0.0,99.14574542897327,99.89451476793249,100.0,0.0,99.59500703234879
NUD15_HUMAN_Suiter_2020,zs_mm_8M,4,98.80450070323488,0.0,0.0,91.54500703234883,99.89451476793249,100.0,0.0,95.46905766526022,99.89451476793249,100.0,0.0,97.68178621659634,99.89451476793249,100.0,0.0,99.00942334739801
NUD15_HUMAN_Suiter_2020,zs_wt_8M,4,98.80450070323488,0.0,0.0,91.4887482419128,98.80450070323488,0.0,0.0,95.14662447257382,99.89451476793249,100.0,0.0,97.46606891701828,99.89451476793249,100.0,0.0,98.92313642756679
NUD15_HUMAN_Suiter_2020,random_search,5,99.85935302390999,100.0,0.0,95.52601969057665,99.85935302390999,100.0,0.0,97.69268635724333,99.85935302390999,100.0,0.0,98.77601969057665,99.89451476793249,100.0,0.0,99.4379746835443
NUD15_HUMAN_Suiter_2020,random_walk,5,90.29535864978902,0.0,0.0,89.21729957805907,90.29535864978902,0.0,0.0,89.75632911392408,100.0,100.0,100.0,93.36726441631505,100.0,100.0,100.0,97.34690576652602
NUD15_HUMAN_Suiter_2020,greedy_local,5,98.98030942334739,0.0,0.0,92.84950773558369,98.98030942334739,0.0,0.0,95.9149085794655,99.40225035161744,100.0,0.0,97.55309423347397,99.71870604781998,100.0,0.0,98.78108298171588
NUD15_HUMAN_Suiter_2020,regevo,5,96.87060478199719,0.0,0.0,87.51687763713079,98.0309423347398,0.0,0.0,92.62306610407873,98.0309423347398,0.0,0.0,95.3270042194093,99.71870604781998,100.0,0.0,97.66582278481012
NUD15_HUMAN_Suiter_2020,gpbo_ei,5,99.40225035161744,100.0,0.0,94.59985935302389,99.40225035161744,100.0,0.0,97.00105485232066,100.0,100.0,100.0,98.41684247538679,100.0,100.0,100.0,99.3667369901547
NUD15_HUMAN_Suiter_2020,adalead_graph,5,98.31223628691983,0.0,0.0,96.0309423347398,99.43741209563994,100.0,0.0,97.36286919831225,99.43741209563994,100.0,0.0,98.40014064697611,100.0,100.0,100.0,99.35780590717299
NUD15_HUMAN_Suiter_2020,fly,5,96.23769338959212,0.0,0.0,88.5407876230661,100.0,100.0,100.0,93.3579465541491,100.0,100.0,100.0,96.67897327707455,100.0,100.0,100.0,98.67158931082982
NUD15_HUMAN_Suiter_2020,fly_memory,5,96.20253164556962,0.0,0.0,73.66244725738397,99.68354430379746,100.0,0.0,85.77953586497891,99.68354430379746,100.0,0.0,92.73154008438819,100.0,100.0,100.0,97.07109704641348
NUD15_HUMAN_Suiter_2020,fly_best_tested,5,100.0,100.0,100.0,93.55836849507737,100.0,100.0,100.0,96.7791842475387,100.0,100.0,100.0,98.38959212376935,100.0,100.0,100.0,99.35583684950772
NUD15_HUMAN_Suiter_2020,zs_mm_150M,5,95.32348804500704,0.0,0.0,91.29606188466951,99.89451476793249,100.0,0.0,94.92158931082984,99.89451476793249,100.0,0.0,97.40805203938115,99.89451476793249,100.0,0.0,98.89992967651193
NUD15_HUMAN_Suiter_2020,zs_wt_150M,5,95.32348804500704,0.0,0.0,90.06962025316457,99.89451476793249,100.0,0.0,94.09915611814347,99.89451476793249,100.0,0.0,96.99683544303798,99.89451476793249,100.0,0.0,98.73544303797468
NUD15_HUMAN_Suiter_2020,zs_wt_650M,5,98.80450070323488,0.0,0.0,97.66244725738397,99.50773558368495,100.0,0.0,98.49367088607598,99.89451476793249,100.0,0.0,99.14574542897327,99.89451476793249,100.0,0.0,99.59500703234879
NUD15_HUMAN_Suiter_2020,zs_mm_8M,5,98.80450070323488,0.0,0.0,91.54500703234883,99.89451476793249,100.0,0.0,95.46905766526022,99.89451476793249,100.0,0.0,97.68178621659634,99.89451476793249,100.0,0.0,99.00942334739801
NUD15_HUMAN_Suiter_2020,zs_wt_8M,5,98.80450070323488,0.0,0.0,91.4887482419128,98.80450070323488,0.0,0.0,95.14662447257382,99.89451476793249,100.0,0.0,97.46606891701828,99.89451476793249,100.0,0.0,98.92313642756679
NUD15_HUMAN_Suiter_2020,random_search,6,98.34739803094233,0.0,0.0,92.07805907172995,98.94514767932489,0.0,0.0,95.4054149085795,99.75386779184248,100.0,0.0,97.21976090014064,99.75386779184248,100.0,0.0,98.74022503516174
NUD15_HUMAN_Suiter_2020,random_walk,6,99.08579465541492,100.0,0.0,96.80239099859355,100.0,100.0,100.0,98.36673699015472,100.0,100.0,100.0,99.18336849507736,100.0,100.0,100.0,99.67334739803096
NUD15_HUMAN_Suiter_2020,greedy_local,6,96.23769338959212,0.0,0.0,93.5815752461322,96.23769338959212,0.0,0.0,94.90963431786214,99.40225035161744,100.0,0.0,97.13484528832629,99.929676511955,100.0,100.0,98.75583684950773
NUD15_HUMAN_Suiter_2020,regevo,6,99.82419127988749,100.0,0.0,94.2651195499297,99.82419127988749,100.0,0.0,97.04465541490859,100.0,100.0,100.0,98.51177918424753,100.0,100.0,100.0,99.40471167369903
NUD15_HUMAN_Suiter_2020,gpbo_ei,6,99.40225035161744,100.0,0.0,93.08087201125176,99.40225035161744,100.0,0.0,96.24156118143459,100.0,100.0,100.0,98.07032348804502,100.0,100.0,100.0,99.228129395218
NUD15_HUMAN_Suiter_2020,adalead_graph,6,99.75386779184248,100.0,0.0,96.87693389592124,99.75386779184248,100.0,0.0,98.31540084388183,99.75386779184248,100.0,0.0,99.03463431786217,99.85935302390999,100.0,0.0,99.46701828410689
NUD15_HUMAN_Suiter_2020,fly,6,100.0,100.0,100.0,97.69409282700421,100.0,100.0,100.0,98.84704641350213,100.0,100.0,100.0,99.42352320675106,100.0,100.0,100.0,99.76940928270042
NUD15_HUMAN_Suiter_2020,fly_memory,6,99.78902953586498,100.0,0.0,96.72151898734177,100.0,100.0,100.0,98.32278481012658,100.0,100.0,100.0,99.16139240506328,100.0,100.0,100.0,99.66455696202533
NUD15_HUMAN_Suiter_2020,fly_best_tested,6,94.54992967651195,0.0,0.0,93.16033755274262,99.929676511955,100.0,100.0,95.43284106891699,99.929676511955,100.0,100.0,97.681258790436,100.0,100.0,100.0,99.03818565400844
NUD15_HUMAN_Suiter_2020,zs_mm_150M,6,95.32348804500704,0.0,0.0,91.29606188466951,99.89451476793249,100.0,0.0,94.92158931082984,99.89451476793249,100.0,0.0,97.40805203938115,99.89451476793249,100.0,0.0,98.89992967651193
NUD15_HUMAN_Suiter_2020,zs_wt_150M,6,95.32348804500704,0.0,0.0,90.06962025316457,99.89451476793249,100.0,0.0,94.09915611814347,99.89451476793249,100.0,0.0,96.99683544303798,99.89451476793249,100.0,0.0,98.73544303797468
NUD15_HUMAN_Suiter_2020,zs_wt_650M,6,98.80450070323488,0.0,0.0,97.66244725738397,99.50773558368495,100.0,0.0,98.49367088607598,99.89451476793249,100.0,0.0,99.14574542897327,99.89451476793249,100.0,0.0,99.59500703234879
NUD15_HUMAN_Suiter_2020,zs_mm_8M,6,98.80450070323488,0.0,0.0,91.54500703234883,99.89451476793249,100.0,0.0,95.46905766526022,99.89451476793249,100.0,0.0,97.68178621659634,99.89451476793249,100.0,0.0,99.00942334739801
NUD15_HUMAN_Suiter_2020,zs_wt_8M,6,98.80450070323488,0.0,0.0,91.4887482419128,98.80450070323488,0.0,0.0,95.14662447257382,99.89451476793249,100.0,0.0,97.46606891701828,99.89451476793249,100.0,0.0,98.92313642756679
NUD15_HUMAN_Suiter_2020,random_search,7,97.71448663853727,0.0,0.0,93.0590717299578,99.85935302390999,100.0,0.0,95.40822784810123,99.85935302390999,100.0,0.0,97.63379043600563,99.89451476793249,100.0,0.0,98.98917018284105
NUD15_HUMAN_Suiter_2020,random_walk,7,100.0,100.0,100.0,93.51758087201124,100.0,100.0,100.0,96.75879043600563,100.0,100.0,100.0,98.37939521800281,100.0,100.0,100.0,99.35175808720113
NUD15_HUMAN_Suiter_2020,greedy_local,7,100.0,100.0,100.0,98.61673699015472,100.0,100.0,100.0,99.30836849507736,100.0,100.0,100.0,99.6541842475387,100.0,100.0,100.0,99.86167369901547
NUD15_HUMAN_Suiter_2020,regevo,7,99.43741209563994,100.0,0.0,92.38537271448664,99.71870604781998,100.0,0.0,95.92827004219413,100.0,100.0,100.0,97.87974683544304,100.0,100.0,100.0,99.15189873417721
NUD15_HUMAN_Suiter_2020,gpbo_ei,7,100.0,100.0,100.0,97.33614627285513,100.0,100.0,100.0,98.66807313642755,100.0,100.0,100.0,99.33403656821378,100.0,100.0,100.0,99.7336146272855
NUD15_HUMAN_Suiter_2020,adalead_graph,7,100.0,100.0,100.0,92.6645569620253,100.0,100.0,100.0,96.33227848101265,100.0,100.0,100.0,98.16613924050633,100.0,100.0,100.0,99.26645569620253
NUD15_HUMAN_Suiter_2020,fly,7,100.0,100.0,100.0,98.63572433192687,100.0,100.0,100.0,99.31786216596343,100.0,100.0,100.0,99.65893108298172,100.0,100.0,100.0,99.86357243319269
NUD15_HUMAN_Suiter_2020,fly_memory,7,100.0,100.0,100.0,96.9507735583685,100.0,100.0,100.0,98.47538677918425,100.0,100.0,100.0,99.23769338959214,100.0,100.0,100.0,99.69507735583686
NUD15_HUMAN_Suiter_2020,fly_best_tested,7,99.40225035161744,100.0,0.0,97.45569620253166,100.0,100.0,100.0,98.72784810126582,100.0,100.0,100.0,99.36392405063292,100.0,100.0,100.0,99.74556962025316
NUD15_HUMAN_Suiter_2020,zs_mm_150M,7,95.32348804500704,0.0,0.0,91.29606188466951,99.89451476793249,100.0,0.0,94.92158931082984,99.89451476793249,100.0,0.0,97.40805203938115,99.89451476793249,100.0,0.0,98.89992967651193
NUD15_HUMAN_Suiter_2020,zs_wt_150M,7,95.32348804500704,0.0,0.0,90.06962025316457,99.89451476793249,100.0,0.0,94.09915611814347,99.89451476793249,100.0,0.0,96.99683544303798,99.89451476793249,100.0,0.0,98.73544303797468
NUD15_HUMAN_Suiter_2020,zs_wt_650M,7,98.80450070323488,0.0,0.0,97.66244725738397,99.50773558368495,100.0,0.0,98.49367088607598,99.89451476793249,100.0,0.0,99.14574542897327,99.89451476793249,100.0,0.0,99.59500703234879
NUD15_HUMAN_Suiter_2020,zs_mm_8M,7,98.80450070323488,0.0,0.0,91.54500703234883,99.89451476793249,100.0,0.0,95.46905766526022,99.89451476793249,100.0,0.0,97.68178621659634,99.89451476793249,100.0,0.0,99.00942334739801
NUD15_HUMAN_Suiter_2020,zs_wt_8M,7,98.80450070323488,0.0,0.0,91.4887482419128,98.80450070323488,0.0,0.0,95.14662447257382,99.89451476793249,100.0,0.0,97.46606891701828,99.89451476793249,100.0,0.0,98.92313642756679
NUD15_HUMAN_Suiter_2020,random_search,8,99.29676511954993,100.0,0.0,95.56399437412095,99.29676511954993,100.0,0.0,97.43037974683546,99.29676511954993,100.0,0.0,98.36357243319267,99.82419127988749,100.0,0.0,99.17194092827002
NUD15_HUMAN_Suiter_2020,random_walk,8,55.48523206751055,0.0,0.0,53.24683544303796,97.0112517580872,0.0,0.0,67.2767229254571,99.57805907172995,100.0,0.0,82.88853727144866,100.0,100.0,100.0,93.05569620253165
NUD15_HUMAN_Suiter_2020,greedy_local,8,99.33192686357243,100.0,0.0,91.47187060478198,99.33192686357243,100.0,0.0,95.40189873417725,99.68354430379746,100.0,0.0,97.50052742616033,99.68354430379746,100.0,0.0,98.81033755274258
NUD15_HUMAN_Suiter_2020,regevo,8,99.71870604781998,100.0,0.0,95.96483825597748,100.0,100.0,100.0,97.93459915611815,100.0,100.0,100.0,98.96729957805907,100.0,100.0,100.0,99.58691983122363
NUD15_HUMAN_Suiter_2020,gpbo_ei,8,99.43741209563994,100.0,0.0,94.80309423347397,100.0,100.0,100.0,97.1754571026723,100.0,100.0,100.0,98.58772855133616,100.0,100.0,100.0,99.43509142053446
NUD15_HUMAN_Suiter_2020,adalead_graph,8,99.929676511955,100.0,100.0,96.4367088607595,99.929676511955,100.0,100.0,98.18319268635722,99.929676511955,100.0,100.0,99.05643459915613,99.929676511955,100.0,100.0,99.58037974683545
NUD15_HUMAN_Suiter_2020,fly,8,99.22644163150493,100.0,0.0,58.648382559774966,99.75386779184248,100.0,0.0,79.15893108298174,100.0,100.0,100.0,89.54992967651197,100.0,100.0,100.0,95.81997187060479
NUD15_HUMAN_Suiter_2020,fly_memory,8,63.29113924050633,0.0,0.0,56.20675105485232,100.0,100.0,100.0,77.27883263009846,100.0,100.0,100.0,88.63941631504923,100.0,100.0,100.0,95.4557665260197
NUD15_HUMAN_Suiter_2020,fly_best_tested,8,73.66385372714487,0.0,0.0,71.72151898734178,98.27707454289732,0.0,0.0,82.67123769338961,100.0,100.0,100.0,90.6909282700422,100.0,100.0,100.0,96.27637130801688
NUD15_HUMAN_Suiter_2020,zs_mm_150M,8,95.32348804500704,0.0,0.0,91.29606188466951,99.89451476793249,100.0,0.0,94.92158931082984,99.89451476793249,100.0,0.0,97.40805203938115,99.89451476793249,100.0,0.0,98.89992967651193
NUD15_HUMAN_Suiter_2020,zs_wt_150M,8,95.32348804500704,0.0,0.0,90.06962025316457,99.89451476793249,100.0,0.0,94.09915611814347,99.89451476793249,100.0,0.0,96.99683544303798,99.89451476793249,100.0,0.0,98.73544303797468
NUD15_HUMAN_Suiter_2020,zs_wt_650M,8,98.80450070323488,0.0,0.0,97.66244725738397,99.50773558368495,100.0,0.0,98.49367088607598,99.89451476793249,100.0,0.0,99.14574542897327,99.89451476793249,100.0,0.0,99.59500703234879
NUD15_HUMAN_Suiter_2020,zs_mm_8M,8,98.80450070323488,0.0,0.0,91.54500703234883,99.89451476793249,100.0,0.0,95.46905766526022,99.89451476793249,100.0,0.0,97.68178621659634,99.89451476793249,100.0,0.0,99.00942334739801
NUD15_HUMAN_Suiter_2020,zs_wt_8M,8,98.80450070323488,0.0,0.0,91.4887482419128,98.80450070323488,0.0,0.0,95.14662447257382,99.89451476793249,100.0,0.0,97.46606891701828,99.89451476793249,100.0,0.0,98.92313642756679
NUD15_HUMAN_Suiter_2020,random_search,9,99.57805907172995,100.0,0.0,89.02180028129395,99.57805907172995,100.0,0.0,94.29992967651192,99.78902953586498,100.0,0.0,96.9716947960619,99.78902953586498,100.0,0.0,98.66209563994374
NUD15_HUMAN_Suiter_2020,random_walk,9,96.23769338959212,0.0,0.0,95.81082981715892,99.61322081575246,100.0,0.0,97.04254571026722,100.0,100.0,100.0,98.46888185654008,100.0,100.0,100.0,99.38755274261602
NUD15_HUMAN_Suiter_2020,greedy_local,9,97.71448663853727,0.0,0.0,95.01336146272854,98.59353023909986,0.0,0.0,96.67510548523201,98.98030942334739,0.0,0.0,97.70921237693388,98.98030942334739,0.0,0.0,98.47187060478198
NUD15_HUMAN_Suiter_2020,regevo,9,98.87482419127988,0.0,0.0,96.73980309423348,100.0,100.0,100.0,98.12025316455696,100.0,100.0,100.0,99.06012658227849,100.0,100.0,100.0,99.62405063291139
NUD15_HUMAN_Suiter_2020,gpbo_ei,9,99.78902953586498,100.0,0.0,99.45428973277075,99.78902953586498,100.0,0.0,99.62165963431785,100.0,100.0,100.0,99.76547116736991,100.0,100.0,100.0,99.90618846694797
NUD15_HUMAN_Suiter_2020,adalead_graph,9,99.0506329113924,100.0,0.0,97.82981715893109,99.0506329113924,100.0,0.0,98.44022503516175,99.19127988748242,100.0,0.0,98.7498241912799,100.0,100.0,100.0,99.3553445850914
NUD15_HUMAN_Suiter_2020,fly,9,91.42053445850914,0.0,0.0,91.42053445850912,95.88607594936708,0.0,0.0,93.29606188466947,100.0,100.0,100.0,96.11744022503515,100.0,100.0,100.0,98.44697609001406
NUD15_HUMAN_Suiter_2020,fly_memory,9,98.66385372714487,0.0,0.0,97.93952180028131,99.40225035161744,100.0,0.0,98.47890295358647,99.40225035161744,100.0,0.0,98.94057665260196,100.0,100.0,100.0,99.31954992967648
NUD15_HUMAN_Suiter_2020,fly_best_tested,9,96.72995780590718,0.0,0.0,93.8931082981716,98.87482419127988,0.0,0.0,96.14943741209565,99.68354430379746,100.0,0.0,97.91244725738396,100.0,100.0,100.0,99.11371308016876
NUD15_HUMAN_Suiter_2020,zs_mm_150M,9,95.32348804500704,0.0,0.0,91.29606188466951,99.89451476793249,100.0,0.0,94.92158931082984,99.89451476793249,100.0,0.0,97.40805203938115,99.89451476793249,100.0,0.0,98.89992967651193
NUD15_HUMAN_Suiter_2020,zs_wt_150M,9,95.32348804500704,0.0,0.0,90.06962025316457,99.89451476793249,100.0,0.0,94.09915611814347,99.89451476793249,100.0,0.0,96.99683544303798,99.89451476793249,100.0,0.0,98.73544303797468
NUD15_HUMAN_Suiter_2020,zs_wt_650M,9,98.80450070323488,0.0,0.0,97.66244725738397,99.50773558368495,100.0,0.0,98.49367088607598,99.89451476793249,100.0,0.0,99.14574542897327,99.89451476793249,100.0,0.0,99.59500703234879
NUD15_HUMAN_Suiter_2020,zs_mm_8M,9,98.80450070323488,0.0,0.0,91.54500703234883,99.89451476793249,100.0,0.0,95.46905766526022,99.89451476793249,100.0,0.0,97.68178621659634,99.89451476793249,100.0,0.0,99.00942334739801
NUD15_HUMAN_Suiter_2020,zs_wt_8M,9,98.80450070323488,0.0,0.0,91.4887482419128,98.80450070323488,0.0,0.0,95.14662447257382,99.89451476793249,100.0,0.0,97.46606891701828,99.89451476793249,100.0,0.0,98.92313642756679
NUD15_HUMAN_Suiter_2020,random_search,10,99.36708860759494,100.0,0.0,87.23347398030943,99.36708860759494,100.0,0.0,93.30028129395215,99.36708860759494,100.0,0.0,96.33368495077357,99.929676511955,100.0,100.0,98.47060478199718
NUD15_HUMAN_Suiter_2020,random_walk,10,92.58087201125176,0.0,0.0,79.88255977496483,99.64838255977496,100.0,0.0,88.289029535865,99.64838255977496,100.0,0.0,93.96870604781998,99.64838255977496,100.0,0.0,97.37651195499296
NUD15_HUMAN_Suiter_2020,greedy_local,10,92.33473980309424,0.0,0.0,89.85583684950774,99.71870604781998,100.0,0.0,92.29360056258793,99.71870604781998,100.0,0.0,96.00615330520394,99.71870604781998,100.0,0.0,98.23368495077356
NUD15_HUMAN_Suiter_2020,regevo,10,96.62447257383967,0.0,0.0,89.55977496483827,100.0,100.0,100.0,94.14275668073138,100.0,100.0,100.0,97.0713783403657,100.0,100.0,100.0,98.82855133614628
NUD15_HUMAN_Suiter_2020,gpbo_ei,10,99.64838255977496,100.0,0.0,96.32348804500704,99.9648382559775,100.0,100.0,98.08403656821378,100.0,100.0,100.0,99.03481012658229,100.0,100.0,100.0,99.61392405063292
NUD15_HUMAN_Suiter_2020,adalead_graph,10,98.66385372714487,0.0,0.0,90.20464135021095,98.66385372714487,0.0,0.0,94.43424753867792,99.82419127988749,100.0,0.0,96.72890295358651,99.82419127988749,100.0,0.0,98.5860759493671
NUD15_HUMAN_Suiter_2020,fly,10,97.0112517580872,0.0,0.0,92.3354430379747,98.27707454289732,0.0,0.0,95.12904360056257,98.27707454289732,0.0,0.0,96.70305907172995,100.0,100.0,100.0,98.33614627285512
NUD15_HUMAN_Suiter_2020,fly_memory,10,100.0,100.0,100.0,88.62939521800281,100.0,100.0,100.0,94.31469760900141,100.0,100.0,100.0,97.15734880450071,100.0,100.0,100.0,98.86293952180029
NUD15_HUMAN_Suiter_2020,fly_best_tested,10,98.27707454289732,0.0,0.0,89.971870604782,98.27707454289732,0.0,0.0,94.12447257383967,100.0,100.0,100.0,96.63414205344587,100.0,100.0,100.0,98.65365682137835
NUD15_HUMAN_Suiter_2020,zs_mm_150M,10,95.32348804500704,0.0,0.0,91.29606188466951,99.89451476793249,100.0,0.0,94.92158931082984,99.89451476793249,100.0,0.0,97.40805203938115,99.89451476793249,100.0,0.0,98.89992967651193
NUD15_HUMAN_Suiter_2020,zs_wt_150M,10,95.32348804500704,0.0,0.0,90.06962025316457,99.89451476793249,100.0,0.0,94.09915611814347,99.89451476793249,100.0,0.0,96.99683544303798,99.89451476793249,100.0,0.0,98.73544303797468
NUD15_HUMAN_Suiter_2020,zs_wt_650M,10,98.80450070323488,0.0,0.0,97.66244725738397,99.50773558368495,100.0,0.0,98.49367088607598,99.89451476793249,100.0,0.0,99.14574542897327,99.89451476793249,100.0,0.0,99.59500703234879
NUD15_HUMAN_Suiter_2020,zs_mm_8M,10,98.80450070323488,0.0,0.0,91.54500703234883,99.89451476793249,100.0,0.0,95.46905766526022,99.89451476793249,100.0,0.0,97.68178621659634,99.89451476793249,100.0,0.0,99.00942334739801
NUD15_HUMAN_Suiter_2020,zs_wt_8M,10,98.80450070323488,0.0,0.0,91.4887482419128,98.80450070323488,0.0,0.0,95.14662447257382,99.89451476793249,100.0,0.0,97.46606891701828,99.89451476793249,100.0,0.0,98.92313642756679
NUD15_HUMAN_Suiter_2020,random_search,11,94.26863572433193,0.0,0.0,93.34528832630097,97.22222222222223,0.0,0.0,94.25000000000001,99.78902953586498,100.0,0.0,96.5379746835443,99.9648382559775,100.0,100.0,98.56455696202532
NUD15_HUMAN_Suiter_2020,random_walk,11,50.668073136427566,0.0,0.0,46.653305203938125,63.29113924050633,0.0,0.0,53.18881856540086,97.67932489451476,0.0,0.0,70.18635724331929,100.0,100.0,100.0,87.69423347398032
NUD15_HUMAN_Suiter_2020,greedy_local,11,90.014064697609,0.0,0.0,63.471870604782,96.62447257383967,0.0,0.0,79.918776371308,97.9606188466948,0.0,0.0,88.58948663853727,99.89451476793249,100.0,0.0,94.5507735583685
NUD15_HUMAN_Suiter_2020,regevo,11,96.34317862165963,0.0,0.0,93.31997187060477,100.0,100.0,100.0,95.88888888888889,100.0,100.0,100.0,97.94444444444446,100.0,100.0,100.0,99.17777777777778
NUD15_HUMAN_Suiter_2020,gpbo_ei,11,99.57805907172995,100.0,0.0,92.6729957805907,99.68354430379746,100.0,0.0,96.16244725738397,99.85935302390999,100.0,0.0,97.96606891701828,100.0,100.0,100.0,99.16786216596343
NUD15_HUMAN_Suiter_2020,adalead_graph,11,99.43741209563994,100.0,0.0,95.83052039381153,99.929676511955,100.0,100.0,97.75210970464131,99.929676511955,100.0,100.0,98.84089310829818,100.0,100.0,100.0,99.50836849507736
NUD15_HUMAN_Suiter_2020,fly,11,56.434599156118146,0.0,0.0,43.78973277074543,99.78902953586498,100.0,0.0,69.18600562587905,100.0,100.0,100.0,84.58139943741212,100.0,100.0,100.0,93.83255977496485
NUD15_HUMAN_Suiter_2020,fly_memory,11,55.48523206751055,0.0,0.0,54.58438818565401,89.76793248945148,0.0,0.0,69.09071729957806,98.98030942334739,0.0,0.0,82.83544303797467,99.68354430379746,100.0,0.0,92.78396624472572
NUD15_HUMAN_Suiter_2020,fly_best_tested,11,100.0,100.0,100.0,91.03727144866387,100.0,100.0,100.0,95.51863572433193,100.0,100.0,100.0,97.75931786216596,100.0,100.0,100.0,99.10372714486638
NUD15_HUMAN_Suiter_2020,zs_mm_150M,11,95.32348804500704,0.0,0.0,91.29606188466951,99.89451476793249,100.0,0.0,94.92158931082984,99.89451476793249,100.0,0.0,97.40805203938115,99.89451476793249,100.0,0.0,98.89992967651193
NUD15_HUMAN_Suiter_2020,zs_wt_150M,11,95.32348804500704,0.0,0.0,90.06962025316457,99.89451476793249,100.0,0.0,94.09915611814347,99.89451476793249,100.0,0.0,96.99683544303798,99.89451476793249,100.0,0.0,98.73544303797468
NUD15_HUMAN_Suiter_2020,zs_wt_650M,11,98.80450070323488,0.0,0.0,97.66244725738397,99.50773558368495,100.0,0.0,98.49367088607598,99.89451476793249,100.0,0.0,99.14574542897327,99.89451476793249,100.0,0.0,99.59500703234879
NUD15_HUMAN_Suiter_2020,zs_mm_8M,11,98.80450070323488,0.0,0.0,91.54500703234883,99.89451476793249,100.0,0.0,95.46905766526022,99.89451476793249,100.0,0.0,97.68178621659634,99.89451476793249,100.0,0.0,99.00942334739801
NUD15_HUMAN_Suiter_2020,zs_wt_8M,11,98.80450070323488,0.0,0.0,91.4887482419128,98.80450070323488,0.0,0.0,95.14662447257382,99.89451476793249,100.0,0.0,97.46606891701828,99.89451476793249,100.0,0.0,98.92313642756679
NUD15_HUMAN_Suiter_2020,random_search,12,99.61322081575246,100.0,0.0,95.54852320675106,99.68354430379746,100.0,0.0,97.59634317862168,99.68354430379746,100.0,0.0,98.63994374120955,99.68354430379746,100.0,0.0,99.26610407876228
NUD15_HUMAN_Suiter_2020,random_walk,12,99.40225035161744,100.0,0.0,92.49999999999999,100.0,100.0,100.0,96.0112517580872,100.0,100.0,100.0,98.0056258790436,100.0,100.0,100.0,99.20225035161744
NUD15_HUMAN_Suiter_2020,greedy_local,12,90.85794655414908,0.0,0.0,90.27285513361461,99.54289732770745,100.0,0.0,93.65717299578054,99.54289732770745,100.0,0.0,96.60003516174402,100.0,100.0,100.0,98.63087201125175
NUD15_HUMAN_Suiter_2020,regevo,12,98.0309423347398,0.0,0.0,93.04360056258788,98.0309423347398,0.0,0.0,95.53727144866383,99.68354430379746,100.0,0.0,97.20288326300987,100.0,100.0,100.0,98.85970464135022
NUD15_HUMAN_Suiter_2020,gpbo_ei,12,94.33895921237693,0.0,0.0,93.35302390998594,99.40225035161744,100.0,0.0,95.61814345991559,100.0,100.0,100.0,97.63220815752462,100.0,100.0,100.0,99.05288326300983
NUD15_HUMAN_Suiter_2020,adalead_graph,12,99.75386779184248,100.0,0.0,97.75668073136428,99.75386779184248,100.0,0.0,98.75527426160338,99.75386779184248,100.0,0.0,99.25457102672293,100.0,100.0,100.0,99.67032348804499
NUD15_HUMAN_Suiter_2020,fly,12,100.0,100.0,100.0,95.80098452883263,100.0,100.0,100.0,97.90049226441631,100.0,100.0,100.0,98.95024613220816,100.0,100.0,100.0,99.58009845288326
NUD15_HUMAN_Suiter_2020,fly_memory,12,98.17158931082982,0.0,0.0,96.15822784810125,98.17158931082982,0.0,0.0,97.16490857946557,99.57805907172995,100.0,0.0,97.8159282700422,100.0,100.0,100.0,99.10949367088608
NUD15_HUMAN_Suiter_2020,fly_best_tested,12,99.40225035161744,100.0,0.0,93.01547116736987,100.0,100.0,100.0,96.35232067510547,100.0,100.0,100.0,98.17616033755274,100.0,100.0,100.0,99.27046413502109
NUD15_HUMAN_Suiter_2020,zs_mm_150M,12,95.32348804500704,0.0,0.0,91.29606188466951,99.89451476793249,100.0,0.0,94.92158931082984,99.89451476793249,100.0,0.0,97.40805203938115,99.89451476793249,100.0,0.0,98.89992967651193
NUD15_HUMAN_Suiter_2020,zs_wt_150M,12,95.32348804500704,0.0,0.0,90.06962025316457,99.89451476793249,100.0,0.0,94.09915611814347,99.89451476793249,100.0,0.0,96.99683544303798,99.89451476793249,100.0,0.0,98.73544303797468
NUD15_HUMAN_Suiter_2020,zs_wt_650M,12,98.80450070323488,0.0,0.0,97.66244725738397,99.50773558368495,100.0,0.0,98.49367088607598,99.89451476793249,100.0,0.0,99.14574542897327,99.89451476793249,100.0,0.0,99.59500703234879
NUD15_HUMAN_Suiter_2020,zs_mm_8M,12,98.80450070323488,0.0,0.0,91.54500703234883,99.89451476793249,100.0,0.0,95.46905766526022,99.89451476793249,100.0,0.0,97.68178621659634,99.89451476793249,100.0,0.0,99.00942334739801
NUD15_HUMAN_Suiter_2020,zs_wt_8M,12,98.80450070323488,0.0,0.0,91.4887482419128,98.80450070323488,0.0,0.0,95.14662447257382,99.89451476793249,100.0,0.0,97.46606891701828,99.89451476793249,100.0,0.0,98.92313642756679
NUD15_HUMAN_Suiter_2020,random_search,13,97.15189873417721,0.0,0.0,87.74683544303797,99.929676511955,100.0,100.0,92.47714486638534,99.929676511955,100.0,100.0,96.20341068917018,99.929676511955,100.0,100.0,98.43917018284107
NUD15_HUMAN_Suiter_2020,random_walk,13,97.9957805907173,0.0,0.0,90.45850914205344,99.78902953586498,100.0,0.0,94.81891701828413,100.0,100.0,100.0,97.40523909985936,100.0,100.0,100.0,98.96209563994374
NUD15_HUMAN_Suiter_2020,greedy_local,13,97.25738396624473,0.0,0.0,89.19901547116737,97.25738396624473,0.0,0.0,93.22819971870611,99.61322081575246,100.0,0.0,96.3971518987342,99.82419127988749,100.0,0.0,98.43354430379748
NUD15_HUMAN_Suiter_2020,regevo,13,95.11251758087201,0.0,0.0,86.74894514767934,96.23769338959212,0.0,0.0,90.99824191279887,96.87060478199719,0.0,0.0,93.88379043600563,100.0,100.0,100.0,96.65914205344585
NUD15_HUMAN_Suiter_2020,gpbo_ei,13,98.38255977496483,0.0,0.0,86.45991561181432,98.38255977496483,0.0,0.0,92.42123769338963,99.64838255977496,100.0,0.0,95.64873417721519,100.0,100.0,100.0,98.23143459915612
NUD15_HUMAN_Suiter_2020,adalead_graph,13,99.57805907172995,100.0,0.0,92.9971870604782,99.68354430379746,100.0,0.0,96.31926863572434,100.0,100.0,100.0,98.15646976090015,100.0,100.0,100.0,99.26258790436006
NUD15_HUMAN_Suiter_2020,fly,13,100.0,100.0,100.0,96.74050632911393,100.0,100.0,100.0,98.37025316455696,100.0,100.0,100.0,99.18512658227849,100.0,100.0,100.0,99.67405063291139
NUD15_HUMAN_Suiter_2020,fly_memory,13,99.85935302390999,100.0,0.0,93.44866385372715,99.85935302390999,100.0,0.0,96.65400843881858,99.89451476793249,100.0,0.0,98.27056962025316,99.89451476793249,100.0,0.0,99.24493670886073
NUD15_HUMAN_Suiter_2020,fly_best_tested,13,98.66385372714487,0.0,0.0,95.55485232067511,98.66385372714487,0.0,0.0,97.10935302391,100.0,100.0,100.0,98.38097749648385,100.0,100.0,100.0,99.35239099859353
NUD15_HUMAN_Suiter_2020,zs_mm_150M,13,95.32348804500704,0.0,0.0,91.29606188466951,99.89451476793249,100.0,0.0,94.92158931082984,99.89451476793249,100.0,0.0,97.40805203938115,99.89451476793249,100.0,0.0,98.89992967651193
NUD15_HUMAN_Suiter_2020,zs_wt_150M,13,95.32348804500704,0.0,0.0,90.06962025316457,99.89451476793249,100.0,0.0,94.09915611814347,99.89451476793249,100.0,0.0,96.99683544303798,99.89451476793249,100.0,0.0,98.73544303797468
NUD15_HUMAN_Suiter_2020,zs_wt_650M,13,98.80450070323488,0.0,0.0,97.66244725738397,99.50773558368495,100.0,0.0,98.49367088607598,99.89451476793249,100.0,0.0,99.14574542897327,99.89451476793249,100.0,0.0,99.59500703234879
NUD15_HUMAN_Suiter_2020,zs_mm_8M,13,98.80450070323488,0.0,0.0,91.54500703234883,99.89451476793249,100.0,0.0,95.46905766526022,99.89451476793249,100.0,0.0,97.68178621659634,99.89451476793249,100.0,0.0,99.00942334739801
NUD15_HUMAN_Suiter_2020,zs_wt_8M,13,98.80450070323488,0.0,0.0,91.4887482419128,98.80450070323488,0.0,0.0,95.14662447257382,99.89451476793249,100.0,0.0,97.46606891701828,99.89451476793249,100.0,0.0,98.92313642756679
NUD15_HUMAN_Suiter_2020,random_search,14,99.26160337552743,100.0,0.0,96.93600562587905,99.50773558368495,100.0,0.0,98.19971870604786,99.929676511955,100.0,100.0,98.95288326300984,99.929676511955,100.0,100.0,99.53895921237694
NUD15_HUMAN_Suiter_2020,random_walk,14,98.27707454289732,0.0,0.0,83.51054852320675,98.59353023909986,0.0,0.0,90.99191279887481,99.68354430379746,100.0,0.0,94.90242616033757,100.0,100.0,100.0,97.95337552742616
NUD15_HUMAN_Suiter_2020,greedy_local,14,99.75386779184248,100.0,0.0,85.84810126582279,99.75386779184248,100.0,0.0,92.8009845288326,99.75386779184248,100.0,0.0,96.27742616033754,99.929676511955,100.0,100.0,98.40302390998593
NUD15_HUMAN_Suiter_2020,regevo,14,99.0154711673699,100.0,0.0,94.8551336146273,99.9648382559775,100.0,100.0,97.35302390998594,100.0,100.0,100.0,98.6742264416315,100.0,100.0,100.0,99.46969057665261
NUD15_HUMAN_Suiter_2020,gpbo_ei,14,99.61322081575246,100.0,0.0,89.48523206751054,99.9648382559775,100.0,100.0,94.66983122362868,100.0,100.0,100.0,97.33456399437414,100.0,100.0,100.0,98.93382559774965
NUD15_HUMAN_Suiter_2020,adalead_graph,14,98.80450070323488,0.0,0.0,95.21518987341773,98.94514767932489,0.0,0.0,97.01828410689173,100.0,100.0,100.0,98.11691279887484,100.0,100.0,100.0,99.24676511954993
NUD15_HUMAN_Suiter_2020,fly,14,99.40225035161744,100.0,0.0,91.97116736990154,100.0,100.0,100.0,95.86603375527426,100.0,100.0,100.0,97.93301687763713,100.0,100.0,100.0,99.17320675105485
NUD15_HUMAN_Suiter_2020,fly_memory,14,98.27707454289732,0.0,0.0,92.43881856540084,98.87482419127988,0.0,0.0,95.44831223628692,100.0,100.0,100.0,97.65488748241914,100.0,100.0,100.0,99.06195499296766
NUD15_HUMAN_Suiter_2020,fly_best_tested,14,92.19409282700423,0.0,0.0,85.3101265822785,97.8902953586498,0.0,0.0,90.0548523206751,99.22644163150493,100.0,0.0,94.36954992967651,99.89451476793249,100.0,0.0,97.61104078762305
NUD15_HUMAN_Suiter_2020,zs_mm_150M,14,95.32348804500704,0.0,0.0,91.29606188466951,99.89451476793249,100.0,0.0,94.92158931082984,99.89451476793249,100.0,0.0,97.40805203938115,99.89451476793249,100.0,0.0,98.89992967651193
NUD15_HUMAN_Suiter_2020,zs_wt_150M,14,95.32348804500704,0.0,0.0,90.06962025316457,99.89451476793249,100.0,0.0,94.09915611814347,99.89451476793249,100.0,0.0,96.99683544303798,99.89451476793249,100.0,0.0,98.73544303797468
NUD15_HUMAN_Suiter_2020,zs_wt_650M,14,98.80450070323488,0.0,0.0,97.66244725738397,99.50773558368495,100.0,0.0,98.49367088607598,99.89451476793249,100.0,0.0,99.14574542897327,99.89451476793249,100.0,0.0,99.59500703234879
NUD15_HUMAN_Suiter_2020,zs_mm_8M,14,98.80450070323488,0.0,0.0,91.54500703234883,99.89451476793249,100.0,0.0,95.46905766526022,99.89451476793249,100.0,0.0,97.68178621659634,99.89451476793249,100.0,0.0,99.00942334739801
NUD15_HUMAN_Suiter_2020,zs_wt_8M,14,98.80450070323488,0.0,0.0,91.4887482419128,98.80450070323488,0.0,0.0,95.14662447257382,99.89451476793249,100.0,0.0,97.46606891701828,99.89451476793249,100.0,0.0,98.92313642756679
NUD15_HUMAN_Suiter_2020,random_search,15,99.40225035161744,100.0,0.0,98.1223628691983,99.40225035161744,100.0,0.0,98.76230661040786,99.40225035161744,100.0,0.0,99.08227848101265,99.57805907172995,100.0,0.0,99.351617440225
NUD15_HUMAN_Suiter_2020,random_walk,15,96.20253164556962,0.0,0.0,91.7658227848101,100.0,100.0,100.0,95.3526722925457,100.0,100.0,100.0,97.67633614627285,100.0,100.0,100.0,99.07053445850914
NUD15_HUMAN_Suiter_2020,greedy_local,15,95.35864978902954,0.0,0.0,94.12165963431784,99.85935302390999,100.0,0.0,96.0643459915612,99.85935302390999,100.0,0.0,97.9618495077356,99.929676511955,100.0,100.0,99.13804500703236
NUD15_HUMAN_Suiter_2020,regevo,15,99.40225035161744,100.0,0.0,95.16877637130801,100.0,100.0,100.0,97.48277074542897,100.0,100.0,100.0,98.74138537271449,100.0,100.0,100.0,99.4965541490858
NUD15_HUMAN_Suiter_2020,gpbo_ei,15,99.57805907172995,100.0,0.0,91.99789029535864,99.68354430379746,100.0,0.0,95.83438818565402,99.85935302390999,100.0,0.0,97.79852320675106,100.0,100.0,100.0,99.09416315049226
NUD15_HUMAN_Suiter_2020,adalead_graph,15,97.22222222222223,0.0,0.0,92.01969057665261,97.22222222222223,0.0,0.0,94.62095639943742,99.68354430379746,100.0,0.0,96.97978199718706,100.0,100.0,100.0,98.63734177215188
NUD15_HUMAN_Suiter_2020,fly,15,97.53867791842475,0.0,0.0,90.42827004219409,97.53867791842475,0.0,0.0,93.98347398030944,98.59353023909986,0.0,0.0,95.96149789029538,99.75386779184248,100.0,0.0,97.89578059071732
NUD15_HUMAN_Suiter_2020,fly_memory,15,96.30801687763713,0.0,0.0,93.11814345991559,96.30801687763713,0.0,0.0,94.71308016877637,98.98030942334739,0.0,0.0,95.89433895921235,100.0,100.0,100.0,98.28832630098451
NUD15_HUMAN_Suiter_2020,fly_best_tested,15,99.82419127988749,100.0,0.0,95.18143459915613,99.82419127988749,100.0,0.0,97.5028129395218,99.82419127988749,100.0,0.0,98.66350210970464,100.0,100.0,100.0,99.43375527426161
NUD15_HUMAN_Suiter_2020,zs_mm_150M,15,95.32348804500704,0.0,0.0,91.29606188466951,99.89451476793249,100.0,0.0,94.92158931082984,99.89451476793249,100.0,0.0,97.40805203938115,99.89451476793249,100.0,0.0,98.89992967651193
NUD15_HUMAN_Suiter_2020,zs_wt_150M,15,95.32348804500704,0.0,0.0,90.06962025316457,99.89451476793249,100.0,0.0,94.09915611814347,99.89451476793249,100.0,0.0,96.99683544303798,99.89451476793249,100.0,0.0,98.73544303797468
NUD15_HUMAN_Suiter_2020,zs_wt_650M,15,98.80450070323488,0.0,0.0,97.66244725738397,99.50773558368495,100.0,0.0,98.49367088607598,99.89451476793249,100.0,0.0,99.14574542897327,99.89451476793249,100.0,0.0,99.59500703234879
NUD15_HUMAN_Suiter_2020,zs_mm_8M,15,98.80450070323488,0.0,0.0,91.54500703234883,99.89451476793249,100.0,0.0,95.46905766526022,99.89451476793249,100.0,0.0,97.68178621659634,99.89451476793249,100.0,0.0,99.00942334739801
NUD15_HUMAN_Suiter_2020,zs_wt_8M,15,98.80450070323488,0.0,0.0,91.4887482419128,98.80450070323488,0.0,0.0,95.14662447257382,99.89451476793249,100.0,0.0,97.46606891701828,99.89451476793249,100.0,0.0,98.92313642756679
NUD15_HUMAN_Suiter_2020,random_search,16,97.1167369901547,0.0,0.0,92.21097046413504,98.59353023909986,0.0,0.0,95.23980309423345,99.68354430379746,100.0,0.0,97.24367088607596,99.68354430379746,100.0,0.0,98.70759493670883
NUD15_HUMAN_Suiter_2020,random_walk,16,96.87060478199719,0.0,0.0,89.0872011251758,96.9760900140647,0.0,0.0,93.01793248945145,98.52320675105486,0.0,0.0,95.57788326300984,100.0,100.0,100.0,97.59268635724334
NUD15_HUMAN_Suiter_2020,greedy_local,16,92.47538677918425,0.0,0.0,85.83825597749649,92.47538677918425,0.0,0.0,89.15682137834035,100.0,100.0,100.0,94.44655414908578,100.0,100.0,100.0,97.77862165963431
NUD15_HUMAN_Suiter_2020,regevo,16,96.34317862165963,0.0,0.0,93.59634317862167,97.85513361462729,0.0,0.0,95.19655414908576,97.85513361462729,0.0,0.0,96.52584388185653,99.89451476793249,100.0,0.0,97.73917018284108
NUD15_HUMAN_Suiter_2020,gpbo_ei,16,100.0,100.0,100.0,91.50914205344584,100.0,100.0,100.0,95.75457102672293,100.0,100.0,100.0,97.87728551336146,100.0,100.0,100.0,99.15091420534458
NUD15_HUMAN_Suiter_2020,adalead_graph,16,98.98030942334739,0.0,0.0,94.48663853727146,98.98030942334739,0.0,0.0,96.73347398030938,98.98030942334739,0.0,0.0,97.8568917018284,100.0,100.0,100.0,98.9987341772152
NUD15_HUMAN_Suiter_2020,fly,16,99.40225035161744,100.0,0.0,87.51898734177213,100.0,100.0,100.0,93.74156118143459,100.0,100.0,100.0,96.87078059071729,100.0,100.0,100.0,98.74831223628692
NUD15_HUMAN_Suiter_2020,fly_memory,16,95.46413502109705,0.0,0.0,89.25808720112516,96.72995780590718,0.0,0.0,92.38642756680728,99.40225035161744,100.0,0.0,95.00334036568212,100.0,100.0,100.0,97.94514767932488
NUD15_HUMAN_Suiter_2020,fly_best_tested,16,96.87060478199719,0.0,0.0,91.46694796061884,98.0309423347398,0.0,0.0,94.60970464135018,99.68354430379746,100.0,0.0,96.40348101265823,100.0,100.0,100.0,98.55253164556963
NUD15_HUMAN_Suiter_2020,zs_mm_150M,16,95.32348804500704,0.0,0.0,91.29606188466951,99.89451476793249,100.0,0.0,94.92158931082984,99.89451476793249,100.0,0.0,97.40805203938115,99.89451476793249,100.0,0.0,98.89992967651193
NUD15_HUMAN_Suiter_2020,zs_wt_150M,16,95.32348804500704,0.0,0.0,90.06962025316457,99.89451476793249,100.0,0.0,94.09915611814347,99.89451476793249,100.0,0.0,96.99683544303798,99.89451476793249,100.0,0.0,98.73544303797468
NUD15_HUMAN_Suiter_2020,zs_wt_650M,16,98.80450070323488,0.0,0.0,97.66244725738397,99.50773558368495,100.0,0.0,98.49367088607598,99.89451476793249,100.0,0.0,99.14574542897327,99.89451476793249,100.0,0.0,99.59500703234879
NUD15_HUMAN_Suiter_2020,zs_mm_8M,16,98.80450070323488,0.0,0.0,91.54500703234883,99.89451476793249,100.0,0.0,95.46905766526022,99.89451476793249,100.0,0.0,97.68178621659634,99.89451476793249,100.0,0.0,99.00942334739801
NUD15_HUMAN_Suiter_2020,zs_wt_8M,16,98.80450070323488,0.0,0.0,91.4887482419128,98.80450070323488,0.0,0.0,95.14662447257382,99.89451476793249,100.0,0.0,97.46606891701828,99.89451476793249,100.0,0.0,98.92313642756679
NUD15_HUMAN_Suiter_2020,random_search,17,99.9648382559775,100.0,100.0,93.76300984528831,99.9648382559775,100.0,100.0,96.8639240506329,99.9648382559775,100.0,100.0,98.41438115330521,99.9648382559775,100.0,100.0,99.3446554149086
NUD15_HUMAN_Suiter_2020,random_walk,17,99.929676511955,100.0,100.0,97.943741209564,99.929676511955,100.0,100.0,98.93670886075948,99.929676511955,100.0,100.0,99.43319268635724,100.0,100.0,100.0,99.75105485232066
NUD15_HUMAN_Suiter_2020,greedy_local,17,99.71870604781998,100.0,0.0,96.5492264416315,99.71870604781998,100.0,0.0,98.13396624472578,99.71870604781998,100.0,0.0,98.92633614627286,99.929676511955,100.0,100.0,99.48305203938116
NUD15_HUMAN_Suiter_2020,regevo,17,99.89451476793249,100.0,0.0,98.5478199718706,100.0,100.0,100.0,99.2274964838256,100.0,100.0,100.0,99.6137482419128,100.0,100.0,100.0,99.84549929676513
NUD15_HUMAN_Suiter_2020,gpbo_ei,17,98.66385372714487,0.0,0.0,95.9887482419128,99.68354430379746,100.0,0.0,97.73663853727146,99.9648382559775,100.0,100.0,98.78146976090015,100.0,100.0,100.0,99.5066807313643
NUD15_HUMAN_Suiter_2020,adalead_graph,17,96.72995780590718,0.0,0.0,94.38396624472574,96.72995780590718,0.0,0.0,95.55696202531642,99.929676511955,100.0,100.0,97.35864978902956,99.929676511955,100.0,100.0,98.90126582278482
NUD15_HUMAN_Suiter_2020,fly,17,99.40225035161744,100.0,0.0,94.10548523206751,99.57805907172995,100.0,0.0,96.8329817158931,99.57805907172995,100.0,0.0,98.20552039381153,99.929676511955,100.0,100.0,99.23016877637131
NUD15_HUMAN_Suiter_2020,fly_memory,17,98.94514767932489,0.0,0.0,94.67651195499296,100.0,100.0,100.0,97.24331926863573,100.0,100.0,100.0,98.62165963431788,100.0,100.0,100.0,99.44866385372715
NUD15_HUMAN_Suiter_2020,fly_best_tested,17,96.58931082981717,0.0,0.0,96.13080168776371,96.58931082981717,0.0,0.0,96.36005625879041,98.80450070323488,0.0,0.0,96.69672995780589,100.0,100.0,100.0,98.64760900140647
NUD15_HUMAN_Suiter_2020,zs_mm_150M,17,95.32348804500704,0.0,0.0,91.29606188466951,99.89451476793249,100.0,0.0,94.92158931082984,99.89451476793249,100.0,0.0,97.40805203938115,99.89451476793249,100.0,0.0,98.89992967651193
NUD15_HUMAN_Suiter_2020,zs_wt_150M,17,95.32348804500704,0.0,0.0,90.06962025316457,99.89451476793249,100.0,0.0,94.09915611814347,99.89451476793249,100.0,0.0,96.99683544303798,99.89451476793249,100.0,0.0,98.73544303797468
NUD15_HUMAN_Suiter_2020,zs_wt_650M,17,98.80450070323488,0.0,0.0,97.66244725738397,99.50773558368495,100.0,0.0,98.49367088607598,99.89451476793249,100.0,0.0,99.14574542897327,99.89451476793249,100.0,0.0,99.59500703234879
NUD15_HUMAN_Suiter_2020,zs_mm_8M,17,98.80450070323488,0.0,0.0,91.54500703234883,99.89451476793249,100.0,0.0,95.46905766526022,99.89451476793249,100.0,0.0,97.68178621659634,99.89451476793249,100.0,0.0,99.00942334739801
NUD15_HUMAN_Suiter_2020,zs_wt_8M,17,98.80450070323488,0.0,0.0,91.4887482419128,98.80450070323488,0.0,0.0,95.14662447257382,99.89451476793249,100.0,0.0,97.46606891701828,99.89451476793249,100.0,0.0,98.92313642756679
NUD15_HUMAN_Suiter_2020,random_search,18,99.19127988748242,100.0,0.0,95.43600562587906,99.19127988748242,100.0,0.0,97.31364275668071,99.19127988748242,100.0,0.0,98.25246132208159,100.0,100.0,100.0,99.07960618846695
NUD15_HUMAN_Suiter_2020,random_walk,18,99.40225035161744,100.0,0.0,96.77285513361461,100.0,100.0,100.0,98.1712376933896,100.0,100.0,100.0,99.0856188466948,100.0,100.0,100.0,99.63424753867791
NUD15_HUMAN_Suiter_2020,greedy_local,18,98.73417721518987,0.0,0.0,95.51125175808717,98.73417721518987,0.0,0.0,97.12271448663856,98.83966244725738,0.0,0.0,97.93213783403658,100.0,100.0,100.0,99.08635724331927
NUD15_HUMAN_Suiter_2020,regevo,18,95.67510548523207,0.0,0.0,94.36216596343178,99.82419127988749,100.0,0.0,96.51687763713082,100.0,100.0,100.0,98.21009142053447,100.0,100.0,100.0,99.28403656821379
NUD15_HUMAN_Suiter_2020,gpbo_ei,18,100.0,100.0,100.0,94.38677918424753,100.0,100.0,100.0,97.19338959212376,100.0,100.0,100.0,98.5966947960619,100.0,100.0,100.0,99.43867791842476
NUD15_HUMAN_Suiter_2020,adalead_graph,18,98.0309423347398,0.0,0.0,93.36216596343179,98.24191279887482,0.0,0.0,95.7092123769339,100.0,100.0,100.0,97.82331223628695,100.0,100.0,100.0,99.12932489451478
NUD15_HUMAN_Suiter_2020,fly,18,97.36286919831224,0.0,0.0,89.1533052039381,97.36286919831224,0.0,0.0,93.25808720112515,99.40225035161744,100.0,0.0,95.93459915611813,99.47257383966245,100.0,0.0,98.04810126582277
NUD15_HUMAN_Suiter_2020,fly_memory,18,99.43741209563994,100.0,0.0,92.85864978902953,100.0,100.0,100.0,96.39556962025317,100.0,100.0,100.0,98.19778481012658,100.0,100.0,100.0,99.27911392405063
NUD15_HUMAN_Suiter_2020,fly_best_tested,18,98.66385372714487,0.0,0.0,93.77004219409281,99.40225035161744,100.0,0.0,96.34985935302389,100.0,100.0,100.0,98.15699718706048,100.0,100.0,100.0,99.26279887482418
NUD15_HUMAN_Suiter_2020,zs_mm_150M,18,95.32348804500704,0.0,0.0,91.29606188466951,99.89451476793249,100.0,0.0,94.92158931082984,99.89451476793249,100.0,0.0,97.40805203938115,99.89451476793249,100.0,0.0,98.89992967651193
NUD15_HUMAN_Suiter_2020,zs_wt_150M,18,95.32348804500704,0.0,0.0,90.06962025316457,99.89451476793249,100.0,0.0,94.09915611814347,99.89451476793249,100.0,0.0,96.99683544303798,99.89451476793249,100.0,0.0,98.73544303797468
NUD15_HUMAN_Suiter_2020,zs_wt_650M,18,98.80450070323488,0.0,0.0,97.66244725738397,99.50773558368495,100.0,0.0,98.49367088607598,99.89451476793249,100.0,0.0,99.14574542897327,99.89451476793249,100.0,0.0,99.59500703234879
NUD15_HUMAN_Suiter_2020,zs_mm_8M,18,98.80450070323488,0.0,0.0,91.54500703234883,99.89451476793249,100.0,0.0,95.46905766526022,99.89451476793249,100.0,0.0,97.68178621659634,99.89451476793249,100.0,0.0,99.00942334739801
NUD15_HUMAN_Suiter_2020,zs_wt_8M,18,98.80450070323488,0.0,0.0,91.4887482419128,98.80450070323488,0.0,0.0,95.14662447257382,99.89451476793249,100.0,0.0,97.46606891701828,99.89451476793249,100.0,0.0,98.92313642756679
NUD15_HUMAN_Suiter_2020,random_search,19,98.52320675105486,0.0,0.0,93.18213783403658,99.12095639943742,100.0,0.0,96.06786216596345,99.12095639943742,100.0,0.0,97.59440928270041,100.0,100.0,100.0,98.89008438818564
NUD15_HUMAN_Suiter_2020,random_walk,19,98.41772151898734,0.0,0.0,76.55836849507736,98.41772151898734,0.0,0.0,87.48804500703233,99.40225035161744,100.0,0.0,93.36673699015472,99.78902953586498,100.0,0.0,97.17208157524612
NUD15_HUMAN_Suiter_2020,greedy_local,19,95.42897327707455,0.0,0.0,94.46272855133616,96.72995780590718,0.0,0.0,95.47925457102669,99.71870604781998,100.0,0.0,97.29201828410689,99.71870604781998,100.0,0.0,98.74803094233474
NUD15_HUMAN_Suiter_2020,regevo,19,99.68354430379746,100.0,0.0,93.82981715893108,100.0,100.0,100.0,96.85161744022504,100.0,100.0,100.0,98.42580872011251,100.0,100.0,100.0,99.370323488045
NUD15_HUMAN_Suiter_2020,gpbo_ei,19,96.87060478199719,0.0,0.0,90.98101265822784,96.87060478199719,0.0,0.0,93.92580872011253,100.0,100.0,100.0,96.51758087201124,100.0,100.0,100.0,98.6070323488045
NUD15_HUMAN_Suiter_2020,adalead_graph,19,96.83544303797468,0.0,0.0,91.317158931083,98.31223628691983,0.0,0.0,94.54887482419126,99.33192686357243,100.0,0.0,96.68547819971869,100.0,100.0,100.0,98.45260196905767
NUD15_HUMAN_Suiter_2020,fly,19,96.80028129395218,0.0,0.0,76.17580872011251,99.68354430379746,100.0,0.0,87.35759493670886,99.68354430379746,100.0,0.0,93.52056962025316,100.0,100.0,100.0,97.30182841068914
NUD15_HUMAN_Suiter_2020,fly_memory,19,97.53867791842475,0.0,0.0,95.6293952180028,99.40225035161744,100.0,0.0,97.26758087201124,99.40225035161744,100.0,0.0,98.33491561181434,100.0,100.0,100.0,99.33396624472573
NUD15_HUMAN_Suiter_2020,fly_best_tested,19,96.87060478199719,0.0,0.0,95.62587904360055,98.0309423347398,0.0,0.0,96.70077355836845,98.0309423347398,0.0,0.0,97.36585794655417,100.0,100.0,100.0,98.74556962025316
NUD15_HUMAN_Suiter_2020,zs_mm_150M,19,95.32348804500704,0.0,0.0,91.29606188466951,99.89451476793249,100.0,0.0,94.92158931082984,99.89451476793249,100.0,0.0,97.40805203938115,99.89451476793249,100.0,0.0,98.89992967651193
NUD15_HUMAN_Suiter_2020,zs_wt_150M,19,95.32348804500704,0.0,0.0,90.06962025316457,99.89451476793249,100.0,0.0,94.09915611814347,99.89451476793249,100.0,0.0,96.99683544303798,99.89451476793249,100.0,0.0,98.73544303797468
NUD15_HUMAN_Suiter_2020,zs_wt_650M,19,98.80450070323488,0.0,0.0,97.66244725738397,99.50773558368495,100.0,0.0,98.49367088607598,99.89451476793249,100.0,0.0,99.14574542897327,99.89451476793249,100.0,0.0,99.59500703234879
NUD15_HUMAN_Suiter_2020,zs_mm_8M,19,98.80450070323488,0.0,0.0,91.54500703234883,99.89451476793249,100.0,0.0,95.46905766526022,99.89451476793249,100.0,0.0,97.68178621659634,99.89451476793249,100.0,0.0,99.00942334739801
NUD15_HUMAN_Suiter_2020,zs_wt_8M,19,98.80450070323488,0.0,0.0,91.4887482419128,98.80450070323488,0.0,0.0,95.14662447257382,99.89451476793249,100.0,0.0,97.46606891701828,99.89451476793249,100.0,0.0,98.92313642756679
TPK1_HUMAN_Weile_2017,random_search,0,94.27852876453946,0.0,0.0,92.32568374724931,99.77994341402075,100.0,0.0,94.9531593838416,99.77994341402075,100.0,0.0,97.36655139893115,99.84281672430053,100.0,0.0,98.83319710782771
TPK1_HUMAN_Weile_2017,random_walk,0,97.01351776171015,0.0,0.0,92.07293303992455,98.96259038038353,0.0,0.0,95.08896573404593,99.18264696636278,100.0,0.0,97.1171015403961,99.27695693178246,100.0,0.0,98.38057214712356
TPK1_HUMAN_Weile_2017,greedy_local,0,94.62433197107828,0.0,0.0,89.20025149324113,99.93712668972022,100.0,100.0,93.49952845017287,99.93712668972022,100.0,100.0,96.71832756994655,99.93712668972022,100.0,100.0,98.64960704181074
TPK1_HUMAN_Weile_2017,regevo,0,99.33983024206225,100.0,0.0,91.28010059729644,99.33983024206225,100.0,0.0,95.30996541967939,99.33983024206225,100.0,0.0,97.32489783087081,100.0,100.0,100.0,98.86205595724617
TPK1_HUMAN_Weile_2017,gpbo_ei,0,96.66771455517133,0.0,0.0,89.17824583464316,99.74850675888085,100.0,0.0,93.56994655768624,99.9685633448601,100.0,100.0,96.70323797547938,100.0,100.0,100.0,98.67733417164412
TPK1_HUMAN_Weile_2017,adalead_graph,0,97.20213769254951,0.0,0.0,93.51336057843444,97.39075762338886,0.0,0.0,95.38038352719269,99.77994341402075,100.0,0.0,97.03065073876138,99.93712668972022,100.0,100.0,98.74309965419678
TPK1_HUMAN_Weile_2017,fly,0,98.80540710468406,0.0,0.0,84.66897202137694,100.0,100.0,100.0,92.20308079220369,100.0,100.0,100.0,96.10154039610184,100.0,100.0,100.0,98.44061615844073
TPK1_HUMAN_Weile_2017,fly_memory,0,98.86828041496385,0.0,0.0,89.23986167871739,99.5598868280415,100.0,0.0,94.26846903489466,99.5598868280415,100.0,0.0,96.91417793146807,99.90569003458032,100.0,100.0,98.50921093995599
TPK1_HUMAN_Weile_2017,fly_best_tested,0,99.15121031122288,100.0,0.0,87.42470921093995,99.15121031122288,100.0,0.0,93.28795976108148,99.81138006916063,100.0,0.0,96.31861049984282,99.81138006916063,100.0,0.0,98.4142722414335
TPK1_HUMAN_Weile_2017,zs_mm_150M,0,98.93115372524363,0.0,0.0,96.18861993083934,98.93115372524363,0.0,0.0,97.55988682804146,98.93115372524363,0.0,0.0,98.24552027664252,99.90569003458032,100.0,100.0,99.10965105312792
TPK1_HUMAN_Weile_2017,zs_wt_150M,0,98.93115372524363,0.0,0.0,96.53945300220056,98.93115372524363,0.0,0.0,97.73530336372207,99.71707010374097,100.0,0.0,98.3764539453002,99.71707010374097,100.0,0.0,99.18082364036466
TPK1_HUMAN_Weile_2017,zs_wt_650M,0,98.80540710468406,0.0,0.0,90.61552970763913,98.80540710468406,0.0,0.0,94.7104684061616,98.83684375982395,0.0,0.0,96.76721156868909,99.9685633448601,100.0,100.0,98.53046211883056
TPK1_HUMAN_Weile_2017,zs_mm_8M,0,98.89971707010375,0.0,0.0,93.19270669600758,98.89971707010375,0.0,0.0,96.04621188305566,98.89971707010375,0.0,0.0,97.47296447657969,99.74850675888085,100.0,0.0,98.71197736560826
TPK1_HUMAN_Weile_2017,zs_wt_8M,0,98.89971707010375,0.0,0.0,93.4787802577806,98.89971707010375,0.0,0.0,96.18924866394217,99.0569003458032,100.0,0.0,97.57041810751335,99.74850675888085,100.0,0.0,98.77403332285444
TPK1_HUMAN_Weile_2017,random_search,1,99.9685633448601,100.0,100.0,96.65891229173216,99.9685633448601,100.0,100.0,98.31373781829615,99.9685633448601,100.0,100.0,99.14115058157809,99.9685633448601,100.0,100.0,99.63759823954729
TPK1_HUMAN_Weile_2017,random_walk,1,98.77397044954417,0.0,0.0,87.8566488525621,99.90569003458032,100.0,100.0,93.54919836529396,99.90569003458032,100.0,100.0,96.72744419993712,100.0,100.0,100.0,98.65155611442944
TPK1_HUMAN_Weile_2017,greedy_local,1,99.81138006916063,100.0,0.0,91.08582206853193,99.81138006916063,100.0,0.0,95.44860106884626,99.81138006916063,100.0,0.0,97.62999056900343,99.81138006916063,100.0,0.0,98.93882426909775
TPK1_HUMAN_Weile_2017,regevo,1,99.119773656083,100.0,0.0,97.6384784658912,99.27695693178246,100.0,0.0,98.40427538509903,99.81138006916063,100.0,0.0,98.84328827412763,99.81138006916063,100.0,0.0,99.42414335114744
TPK1_HUMAN_Weile_2017,gpbo_ei,1,99.9685633448601,100.0,100.0,97.79377554228228,99.9685633448601,100.0,100.0,98.8811694435712,100.0,100.0,100.0,99.42690977679973,100.0,100.0,100.0,99.7707639107199
TPK1_HUMAN_Weile_2017,adalead_graph,1,99.90569003458032,100.0,100.0,93.96353348003771,99.9685633448601,100.0,100.0,96.94152782143982,99.9685633448601,100.0,100.0,98.45504558314992,100.0,100.0,100.0,99.36642565231057
TPK1_HUMAN_Weile_2017,fly,1,97.04495441685005,0.0,0.0,93.08393586922354,98.14523734674631,0.0,0.0,95.41653568060356,99.93712668972022,100.0,100.0,97.1447657969192,99.93712668972022,100.0,100.0,98.8201823325998
TPK1_HUMAN_Weile_2017,fly_memory,1,98.80540710468406,0.0,0.0,88.66834328827416,98.80540710468406,0.0,0.0,93.7368751964791,99.81138006916063,100.0,0.0,96.58110657026093,99.81138006916063,100.0,0.0,98.51927066960074
TPK1_HUMAN_Weile_2017,fly_best_tested,1,94.9701351776171,0.0,0.0,78.72052813580635,97.07639107198995,0.0,0.0,87.11568689091482,97.86230745048726,0.0,0.0,92.27287016661427,99.27695693178246,100.0,0.0,96.43055642879597
TPK1_HUMAN_Weile_2017,zs_mm_150M,1,98.93115372524363,0.0,0.0,96.18861993083934,98.93115372524363,0.0,0.0,97.55988682804146,98.93115372524363,0.0,0.0,98.24552027664252,99.90569003458032,100.0,100.0,99.10965105312792
TPK1_HUMAN_Weile_2017,zs_wt_150M,1,98.93115372524363,0.0,0.0,96.53945300220056,98.93115372524363,0.0,0.0,97.73530336372207,99.71707010374097,100.0,0.0,98.3764539453002,99.71707010374097,100.0,0.0,99.18082364036466
TPK1_HUMAN_Weile_2017,zs_wt_650M,1,98.80540710468406,0.0,0.0,90.61552970763913,98.80540710468406,0.0,0.0,94.7104684061616,98.83684375982395,0.0,0.0,96.76721156868909,99.9685633448601,100.0,100.0,98.53046211883056
TPK1_HUMAN_Weile_2017,zs_mm_8M,1,98.89971707010375,0.0,0.0,93.19270669600758,98.89971707010375,0.0,0.0,96.04621188305566,98.89971707010375,0.0,0.0,97.47296447657969,99.74850675888085,100.0,0.0,98.71197736560826
TPK1_HUMAN_Weile_2017,zs_wt_8M,1,98.89971707010375,0.0,0.0,93.4787802577806,98.89971707010375,0.0,0.0,96.18924866394217,99.0569003458032,100.0,0.0,97.57041810751335,99.74850675888085,100.0,0.0,98.77403332285444
TPK1_HUMAN_Weile_2017,random_search,2,93.02106255894373,0.0,0.0,84.87142408047782,95.97610814209368,0.0,0.0,90.01886199308392,98.99402703552342,0.0,0.0,94.46117573090226,99.68563344860107,100.0,0.0,97.51977365608298
TPK1_HUMAN_Weile_2017,random_walk,2,99.93712668972022,100.0,100.0,96.99842816724303,99.93712668972022,100.0,100.0,98.46777742848158,99.93712668972022,100.0,100.0,99.2024520591009,99.93712668972022,100.0,100.0,99.64325683747248
TPK1_HUMAN_Weile_2017,greedy_local,2,99.84281672430053,100.0,0.0,97.52530650738761,99.84281672430053,100.0,0.0,98.68406161584404,99.84281672430053,100.0,0.0,99.2634391700723,99.9685633448601,100.0,100.0,99.63370009430996
TPK1_HUMAN_Weile_2017,regevo,2,98.49104055328513,0.0,0.0,89.34548883998745,99.81138006916063,100.0,0.0,94.07670543854132,99.84281672430053,100.0,0.0,96.95048726815465,99.84281672430053,100.0,0.0,98.68588494184219
TPK1_HUMAN_Weile_2017,gpbo_ei,2,97.86230745048726,0.0,0.0,88.0949386985225,98.89971707010375,0.0,0.0,93.2690977679975,99.93712668972022,100.0,100.0,96.36875196479093,99.9685633448601,100.0,100.0,98.52863879283241
TPK1_HUMAN_Weile_2017,adalead_graph,2,98.71109713926438,0.0,0.0,93.99119773656082,99.9685633448601,100.0,100.0,96.85413392015089,99.9685633448601,100.0,100.0,98.41134863250547,99.9685633448601,100.0,100.0,99.34567745991824
TPK1_HUMAN_Weile_2017,fly,2,98.77397044954417,0.0,0.0,89.99308393586922,98.83684375982395,0.0,0.0,94.4149638478466,98.96259038038353,0.0,0.0,96.6460232631248,98.96259038038353,0.0,0.0,98.03596353348004
TPK1_HUMAN_Weile_2017,fly_memory,2,98.93115372524363,0.0,0.0,95.6133291417793,99.15121031122288,100.0,0.0,97.34706067274445,99.15121031122288,100.0,0.0,98.24913549198365,99.81138006916063,100.0,0.0,98.92354605469981
TPK1_HUMAN_Weile_2017,fly_best_tested,2,97.13926438226973,0.0,0.0,93.21722728701668,97.13926438226973,0.0,0.0,95.17824583464316,99.02546369066332,100.0,0.0,96.63234831813895,99.81138006916063,100.0,0.0,98.16724300534423
TPK1_HUMAN_Weile_2017,zs_mm_150M,2,98.93115372524363,0.0,0.0,96.18861993083934,98.93115372524363,0.0,0.0,97.55988682804146,98.93115372524363,0.0,0.0,98.24552027664252,99.90569003458032,100.0,100.0,99.10965105312792
TPK1_HUMAN_Weile_2017,zs_wt_150M,2,98.93115372524363,0.0,0.0,96.53945300220056,98.93115372524363,0.0,0.0,97.73530336372207,99.71707010374097,100.0,0.0,98.3764539453002,99.71707010374097,100.0,0.0,99.18082364036466
TPK1_HUMAN_Weile_2017,zs_wt_650M,2,98.80540710468406,0.0,0.0,90.61552970763913,98.80540710468406,0.0,0.0,94.7104684061616,98.83684375982395,0.0,0.0,96.76721156868909,99.9685633448601,100.0,100.0,98.53046211883056
TPK1_HUMAN_Weile_2017,zs_mm_8M,2,98.89971707010375,0.0,0.0,93.19270669600758,98.89971707010375,0.0,0.0,96.04621188305566,98.89971707010375,0.0,0.0,97.47296447657969,99.74850675888085,100.0,0.0,98.71197736560826
TPK1_HUMAN_Weile_2017,zs_wt_8M,2,98.89971707010375,0.0,0.0,93.4787802577806,98.89971707010375,0.0,0.0,96.18924866394217,99.0569003458032,100.0,0.0,97.57041810751335,99.74850675888085,100.0,0.0,98.77403332285444
TPK1_HUMAN_Weile_2017,random_search,3,99.18264696636278,100.0,0.0,96.50675888085509,99.18264696636278,100.0,0.0,97.84470292360893,99.18264696636278,100.0,0.0,98.51367494498587,99.9685633448601,100.0,100.0,99.16051556114431
TPK1_HUMAN_Weile_2017,random_walk,3,99.0883370009431,100.0,0.0,93.40584721785602,99.0883370009431,100.0,0.0,96.24709210939955,99.0883370009431,100.0,0.0,97.6677145551713,100.0,100.0,100.0,98.9449229801949
TPK1_HUMAN_Weile_2017,greedy_local,3,94.21565545425966,0.0,0.0,91.05690034580323,98.86828041496385,0.0,0.0,94.40427538509898,99.9685633448601,100.0,100.0,96.78135806350203,99.9685633448601,100.0,100.0,98.69368123231686
TPK1_HUMAN_Weile_2017,regevo,3,98.67966048412448,0.0,0.0,94.04212511788745,98.99402703552342,0.0,0.0,96.48349575605158,98.99402703552342,0.0,0.0,97.73876139578752,99.9685633448601,100.0,100.0,98.86702294875823
TPK1_HUMAN_Weile_2017,gpbo_ei,3,98.52247720842503,0.0,0.0,96.36780886513675,98.52247720842503,0.0,0.0,97.44514303678092,100.0,100.0,100.0,98.41967934611758,100.0,100.0,100.0,99.36787173844702
TPK1_HUMAN_Weile_2017,adalead_graph,3,97.7365608299277,0.0,0.0,94.52562087393905,97.7365608299277,0.0,0.0,96.13109085193337,99.15121031122288,100.0,0.0,97.57010374096198,99.84281672430053,100.0,0.0,98.79553599497015
TPK1_HUMAN_Weile_2017,fly,3,98.52247720842503,0.0,0.0,95.68500471549825,99.81138006916063,100.0,0.0,97.58063502043382,99.81138006916063,100.0,0.0,98.69600754479721,99.81138006916063,100.0,0.0,99.36523105941527
TPK1_HUMAN_Weile_2017,fly_memory,3,97.17070103740961,0.0,0.0,92.59352404904116,98.89971707010375,0.0,0.0,94.89940270355235,98.89971707010375,0.0,0.0,96.89955988682803,100.0,100.0,100.0,98.32775856648851
TPK1_HUMAN_Weile_2017,fly_best_tested,3,99.0883370009431,100.0,0.0,98.35774913549197,99.65419679346118,100.0,0.0,98.77962904746931,99.65419679346118,100.0,0.0,99.21691292046526,99.65419679346118,100.0,0.0,99.4792832442628
TPK1_HUMAN_Weile_2017,zs_mm_150M,3,98.93115372524363,0.0,0.0,96.18861993083934,98.93115372524363,0.0,0.0,97.55988682804146,98.93115372524363,0.0,0.0,98.24552027664252,99.90569003458032,100.0,100.0,99.10965105312792
TPK1_HUMAN_Weile_2017,zs_wt_150M,3,98.93115372524363,0.0,0.0,96.53945300220056,98.93115372524363,0.0,0.0,97.73530336372207,99.71707010374097,100.0,0.0,98.3764539453002,99.71707010374097,100.0,0.0,99.18082364036466
TPK1_HUMAN_Weile_2017,zs_wt_650M,3,98.80540710468406,0.0,0.0,90.61552970763913,98.80540710468406,0.0,0.0,94.7104684061616,98.83684375982395,0.0,0.0,96.76721156868909,99.9685633448601,100.0,100.0,98.53046211883056
TPK1_HUMAN_Weile_2017,zs_mm_8M,3,98.89971707010375,0.0,0.0,93.19270669600758,98.89971707010375,0.0,0.0,96.04621188305566,98.89971707010375,0.0,0.0,97.47296447657969,99.74850675888085,100.0,0.0,98.71197736560826
TPK1_HUMAN_Weile_2017,zs_wt_8M,3,98.89971707010375,0.0,0.0,93.4787802577806,98.89971707010375,0.0,0.0,96.18924866394217,99.0569003458032,100.0,0.0,97.57041810751335,99.74850675888085,100.0,0.0,98.77403332285444
TPK1_HUMAN_Weile_2017,random_search,4,95.85036152153411,0.0,0.0,92.27224143351148,99.59132348318138,100.0,0.0,94.54762653253688,99.77994341402075,100.0,0.0,97.07796290474693,99.77994341402075,100.0,0.0,98.69915121031121
TPK1_HUMAN_Weile_2017,random_walk,4,94.9701351776171,0.0,0.0,82.91417793146809,94.9701351776171,0.0,0.0,88.94215655454256,99.0569003458032,100.0,0.0,93.04385413392014,99.27695693178246,100.0,0.0,96.77799434140208
TPK1_HUMAN_Weile_2017,greedy_local,4,98.77397044954417,0.0,0.0,83.87362464633763,99.24552027664257,100.0,0.0,91.49355548569635,99.24552027664257,100.0,0.0,95.36953788116944,99.59132348318138,100.0,0.0,97.73039924552027
TPK1_HUMAN_Weile_2017,regevo,4,99.59132348318138,100.0,0.0,95.92769569317825,99.59132348318138,100.0,0.0,97.75950958817982,99.62276013832128,100.0,0.0,98.68830556428799,99.81138006916063,100.0,0.0,99.3368751964791
TPK1_HUMAN_Weile_2017,gpbo_ei,4,99.84281672430053,100.0,0.0,97.14743791260611,99.84281672430053,100.0,0.0,98.4951273184533,99.84281672430053,100.0,0.0,99.16897202137694,99.9685633448601,100.0,100.0,99.6155297076391
TPK1_HUMAN_Weile_2017,adalead_graph,4,95.81892486639421,0.0,0.0,91.9132348318139,98.93115372524363,0.0,0.0,94.73750392958188,99.71707010374097,100.0,0.0,96.93225400817353,99.84281672430053,100.0,0.0,98.67129833385728
TPK1_HUMAN_Weile_2017,fly,4,97.04495441685005,0.0,0.0,91.41087708267841,99.0883370009431,100.0,0.0,94.4731216598554,99.15121031122288,100.0,0.0,96.79990569003459,99.81138006916063,100.0,0.0,98.2793461175731
TPK1_HUMAN_Weile_2017,fly_memory,4,99.119773656083,100.0,0.0,90.76642565231057,99.119773656083,100.0,0.0,94.94309965419677,99.93712668972022,100.0,100.0,97.14995284501728,99.93712668972022,100.0,100.0,98.82225715183903
TPK1_HUMAN_Weile_2017,fly_best_tested,4,94.9701351776171,0.0,0.0,79.98050927381325,98.77397044954417,0.0,0.0,88.46431939641617,99.0569003458032,100.0,0.0,93.68248978308708,99.119773656083,100.0,0.0,96.93656082992769
TPK1_HUMAN_Weile_2017,zs_mm_150M,4,98.93115372524363,0.0,0.0,96.18861993083934,98.93115372524363,0.0,0.0,97.55988682804146,98.93115372524363,0.0,0.0,98.24552027664252,99.90569003458032,100.0,100.0,99.10965105312792
TPK1_HUMAN_Weile_2017,zs_wt_150M,4,98.93115372524363,0.0,0.0,96.53945300220056,98.93115372524363,0.0,0.0,97.73530336372207,99.71707010374097,100.0,0.0,98.3764539453002,99.71707010374097,100.0,0.0,99.18082364036466
TPK1_HUMAN_Weile_2017,zs_wt_650M,4,98.80540710468406,0.0,0.0,90.61552970763913,98.80540710468406,0.0,0.0,94.7104684061616,98.83684375982395,0.0,0.0,96.76721156868909,99.9685633448601,100.0,100.0,98.53046211883056
TPK1_HUMAN_Weile_2017,zs_mm_8M,4,98.89971707010375,0.0,0.0,93.19270669600758,98.89971707010375,0.0,0.0,96.04621188305566,98.89971707010375,0.0,0.0,97.47296447657969,99.74850675888085,100.0,0.0,98.71197736560826
TPK1_HUMAN_Weile_2017,zs_wt_8M,4,98.89971707010375,0.0,0.0,93.4787802577806,98.89971707010375,0.0,0.0,96.18924866394217,99.0569003458032,100.0,0.0,97.57041810751335,99.74850675888085,100.0,0.0,98.77403332285444
TPK1_HUMAN_Weile_2017,random_search,5,99.59132348318138,100.0,0.0,96.88022634391702,99.59132348318138,100.0,0.0,98.23577491354919,99.59132348318138,100.0,0.0,98.91354919836533,99.9685633448601,100.0,100.0,99.45903803835272
TPK1_HUMAN_Weile_2017,random_walk,5,97.7051241747878,0.0,0.0,95.77051241747878,97.7051241747878,0.0,0.0,96.73781829613334,99.62276013832128,100.0,0.0,97.98994027035525,99.62276013832128,100.0,0.0,98.96963219113488
TPK1_HUMAN_Weile_2017,greedy_local,5,98.14523734674631,0.0,0.0,95.39201508959447,98.93115372524363,0.0,0.0,97.1065702609242,99.81138006916063,100.0,0.0,98.27412763281984,99.81138006916063,100.0,0.0,99.19647909462432
TPK1_HUMAN_Weile_2017,regevo,5,99.81138006916063,100.0,0.0,93.19585036152155,99.81138006916063,100.0,0.0,96.50361521534106,99.81138006916063,100.0,0.0,98.15749764225082,99.93712668972022,100.0,100.0,99.21798176674001
TPK1_HUMAN_Weile_2017,gpbo_ei,5,96.41622131405218,0.0,0.0,87.825840930525,96.41622131405218,0.0,0.0,92.12103112228857,99.37126689720213,100.0,0.0,95.37676831185159,100.0,100.0,100.0,98.1004086765168
TPK1_HUMAN_Weile_2017,adalead_graph,5,96.16472807293304,0.0,0.0,91.57749135491984,97.86230745048726,0.0,0.0,94.48223828984594,99.93712668972022,100.0,100.0,96.79911977365606,99.93712668972022,100.0,100.0,98.68192392329453
TPK1_HUMAN_Weile_2017,fly,5,98.83684375982395,0.0,0.0,91.35177617101539,98.83684375982395,0.0,0.0,95.09430996541967,98.89971707010375,0.0,0.0,96.98506758880855,100.0,100.0,100.0,98.67393901288902
TPK1_HUMAN_Weile_2017,fly_memory,5,88.05407104684062,0.0,0.0,78.52876453945301,96.51053127947186,0.0,0.0,85.91795033008484,99.0569003458032,100.0,0.0,91.99088337000941,100.0,100.0,100.0,96.36818610499841
TPK1_HUMAN_Weile_2017,fly_best_tested,5,92.51807607670544,0.0,0.0,81.17258723671802,96.51053127947186,0.0,0.0,87.6736875196479,99.81138006916063,100.0,0.0,93.38714240804781,99.81138006916063,100.0,0.0,97.24168500471549
TPK1_HUMAN_Weile_2017,zs_mm_150M,5,98.93115372524363,0.0,0.0,96.18861993083934,98.93115372524363,0.0,0.0,97.55988682804146,98.93115372524363,0.0,0.0,98.24552027664252,99.90569003458032,100.0,100.0,99.10965105312792
TPK1_HUMAN_Weile_2017,zs_wt_150M,5,98.93115372524363,0.0,0.0,96.53945300220056,98.93115372524363,0.0,0.0,97.73530336372207,99.71707010374097,100.0,0.0,98.3764539453002,99.71707010374097,100.0,0.0,99.18082364036466
TPK1_HUMAN_Weile_2017,zs_wt_650M,5,98.80540710468406,0.0,0.0,90.61552970763913,98.80540710468406,0.0,0.0,94.7104684061616,98.83684375982395,0.0,0.0,96.76721156868909,99.9685633448601,100.0,100.0,98.53046211883056
TPK1_HUMAN_Weile_2017,zs_mm_8M,5,98.89971707010375,0.0,0.0,93.19270669600758,98.89971707010375,0.0,0.0,96.04621188305566,98.89971707010375,0.0,0.0,97.47296447657969,99.74850675888085,100.0,0.0,98.71197736560826
TPK1_HUMAN_Weile_2017,zs_wt_8M,5,98.89971707010375,0.0,0.0,93.4787802577806,98.89971707010375,0.0,0.0,96.18924866394217,99.0569003458032,100.0,0.0,97.57041810751335,99.74850675888085,100.0,0.0,98.77403332285444
TPK1_HUMAN_Weile_2017,random_search,6,97.48506758880855,0.0,0.0,95.30084878968877,97.48506758880855,0.0,0.0,96.39295818924865,99.84281672430053,100.0,0.0,97.96463376296761,99.90569003458032,100.0,100.0,99.12461490097452
TPK1_HUMAN_Weile_2017,random_walk,6,97.61081420936813,0.0,0.0,83.13612071675574,98.86828041496385,0.0,0.0,90.76328198679657,99.81138006916063,100.0,0.0,94.84407419050612,99.81138006916063,100.0,0.0,97.82445771769882
TPK1_HUMAN_Weile_2017,greedy_local,6,99.30839358692235,100.0,0.0,93.78937441056274,99.90569003458032,100.0,100.0,96.66237032379755,99.90569003458032,100.0,100.0,98.28403017918892,99.93712668972022,100.0,100.0,99.27456774599182
TPK1_HUMAN_Weile_2017,regevo,6,98.80540710468406,0.0,0.0,90.32254008173531,98.80540710468406,0.0,0.0,94.56397359320968,98.80540710468406,0.0,0.0,96.68469034894686,99.84281672430053,100.0,0.0,98.5122917321597
TPK1_HUMAN_Weile_2017,gpbo_ei,6,96.66771455517133,0.0,0.0,92.97327884313108,96.95064445143036,0.0,0.0,94.88557057529077,98.27098396730588,0.0,0.0,96.47044954416852,99.9685633448601,100.0,100.0,98.4484753222257
TPK1_HUMAN_Weile_2017,adalead_graph,6,97.04495441685005,0.0,0.0,93.04055328513049,97.04495441685005,0.0,0.0,95.04275385099022,97.04495441685005,0.0,0.0,96.04385413392014,99.62276013832128,100.0,0.0,97.95605155611443
TPK1_HUMAN_Weile_2017,fly,6,99.93712668972022,100.0,100.0,95.56743162527509,99.93712668972022,100.0,100.0,97.75227915749761,99.93712668972022,100.0,100.0,98.84470292360893,99.93712668972022,100.0,100.0,99.50015718327569
TPK1_HUMAN_Weile_2017,fly_memory,6,96.95064445143036,0.0,0.0,94.51241747878022,96.95064445143036,0.0,0.0,95.73153096510528,98.71109713926438,0.0,0.0,97.04998428167244,99.49701351776172,100.0,0.0,98.36793461175732
TPK1_HUMAN_Weile_2017,fly_best_tested,6,99.62276013832128,100.0,0.0,96.73058786545113,99.62276013832128,100.0,0.0,98.17667400188623,99.62276013832128,100.0,0.0,98.89971707010376,99.62276013832128,100.0,0.0,99.33354291103429
TPK1_HUMAN_Weile_2017,zs_mm_150M,6,98.93115372524363,0.0,0.0,96.18861993083934,98.93115372524363,0.0,0.0,97.55988682804146,98.93115372524363,0.0,0.0,98.24552027664252,99.90569003458032,100.0,100.0,99.10965105312792
TPK1_HUMAN_Weile_2017,zs_wt_150M,6,98.93115372524363,0.0,0.0,96.53945300220056,98.93115372524363,0.0,0.0,97.73530336372207,99.71707010374097,100.0,0.0,98.3764539453002,99.71707010374097,100.0,0.0,99.18082364036466
TPK1_HUMAN_Weile_2017,zs_wt_650M,6,98.80540710468406,0.0,0.0,90.61552970763913,98.80540710468406,0.0,0.0,94.7104684061616,98.83684375982395,0.0,0.0,96.76721156868909,99.9685633448601,100.0,100.0,98.53046211883056
TPK1_HUMAN_Weile_2017,zs_mm_8M,6,98.89971707010375,0.0,0.0,93.19270669600758,98.89971707010375,0.0,0.0,96.04621188305566,98.89971707010375,0.0,0.0,97.47296447657969,99.74850675888085,100.0,0.0,98.71197736560826
TPK1_HUMAN_Weile_2017,zs_wt_8M,6,98.89971707010375,0.0,0.0,93.4787802577806,98.89971707010375,0.0,0.0,96.18924866394217,99.0569003458032,100.0,0.0,97.57041810751335,99.74850675888085,100.0,0.0,98.77403332285444
TPK1_HUMAN_Weile_2017,random_search,7,99.68563344860107,100.0,0.0,95.96101854762654,99.68563344860107,100.0,0.0,97.82332599811383,99.68563344860107,100.0,0.0,98.75447972335743,99.71707010374097,100.0,0.0,99.32147123546055
TPK1_HUMAN_Weile_2017,random_walk,7,87.26815466834329,0.0,0.0,83.19144922980195,94.9701351776171,0.0,0.0,88.54165356806033,99.27695693178246,100.0,0.0,93.04196793461175,99.27695693178246,100.0,0.0,96.78296133291418
TPK1_HUMAN_Weile_2017,greedy_local,7,99.81138006916063,100.0,0.0,89.55108456460233,99.9685633448601,100.0,100.0,94.71895630304937,99.9685633448601,100.0,100.0,97.34375982395471,99.9685633448601,100.0,100.0,98.91864193649792
TPK1_HUMAN_Weile_2017,regevo,7,99.02546369066332,100.0,0.0,95.27444199937123,99.02546369066332,100.0,0.0,97.14995284501728,99.24552027664257,100.0,0.0,98.14052184847533,99.81138006916063,100.0,0.0,99.11927066960075
TPK1_HUMAN_Weile_2017,gpbo_ei,7,99.74850675888085,100.0,0.0,94.67463061930209,99.74850675888085,100.0,0.0,97.21156868909145,99.9685633448601,100.0,100.0,98.57639107198993,100.0,100.0,100.0,99.43024206224456
TPK1_HUMAN_Weile_2017,adalead_graph,7,98.93115372524363,0.0,0.0,90.48035209053756,99.119773656083,100.0,0.0,94.7246149009745,99.119773656083,100.0,0.0,96.92219427852876,99.74850675888085,100.0,0.0,98.4167871738447
TPK1_HUMAN_Weile_2017,fly,7,87.89688777114115,0.0,0.0,86.18233259981137,97.04495441685005,0.0,0.0,90.4071046840616,99.0883370009431,100.0,0.0,94.43115372524362,99.9685633448601,100.0,100.0,97.44992140836213
TPK1_HUMAN_Weile_2017,fly_memory,7,99.81138006916063,100.0,0.0,93.91512103112228,99.81138006916063,100.0,0.0,96.86325055014146,99.81138006916063,100.0,0.0,98.33731530965102,99.84281672430053,100.0,0.0,99.22634391700721
TPK1_HUMAN_Weile_2017,fly_best_tested,7,99.81138006916063,100.0,0.0,96.0565859792518,99.81138006916063,100.0,0.0,97.93398302420621,99.81138006916063,100.0,0.0,98.87268154668341,99.81138006916063,100.0,0.0,99.43590066016974
TPK1_HUMAN_Weile_2017,zs_mm_150M,7,98.93115372524363,0.0,0.0,96.18861993083934,98.93115372524363,0.0,0.0,97.55988682804146,98.93115372524363,0.0,0.0,98.24552027664252,99.90569003458032,100.0,100.0,99.10965105312792
TPK1_HUMAN_Weile_2017,zs_wt_150M,7,98.93115372524363,0.0,0.0,96.53945300220056,98.93115372524363,0.0,0.0,97.73530336372207,99.71707010374097,100.0,0.0,98.3764539453002,99.71707010374097,100.0,0.0,99.18082364036466
TPK1_HUMAN_Weile_2017,zs_wt_650M,7,98.80540710468406,0.0,0.0,90.61552970763913,98.80540710468406,0.0,0.0,94.7104684061616,98.83684375982395,0.0,0.0,96.76721156868909,99.9685633448601,100.0,100.0,98.53046211883056
TPK1_HUMAN_Weile_2017,zs_mm_8M,7,98.89971707010375,0.0,0.0,93.19270669600758,98.89971707010375,0.0,0.0,96.04621188305566,98.89971707010375,0.0,0.0,97.47296447657969,99.74850675888085,100.0,0.0,98.71197736560826
TPK1_HUMAN_Weile_2017,zs_wt_8M,7,98.89971707010375,0.0,0.0,93.4787802577806,98.89971707010375,0.0,0.0,96.18924866394217,99.0569003458032,100.0,0.0,97.57041810751335,99.74850675888085,100.0,0.0,98.77403332285444
TPK1_HUMAN_Weile_2017,random_search,8,99.5284501729016,100.0,0.0,98.59163784973279,99.5284501729016,100.0,0.0,99.06004401131719,99.5284501729016,100.0,0.0,99.29424709210936,99.65419679346118,100.0,0.0,99.49236089280099
TPK1_HUMAN_Weile_2017,random_walk,8,97.17070103740961,0.0,0.0,92.18296133291416,99.0569003458032,100.0,0.0,95.2977051241748,99.40270355234203,100.0,0.0,97.28450172901601,99.74850675888085,100.0,0.0,98.67299591323481
TPK1_HUMAN_Weile_2017,greedy_local,8,98.86828041496385,0.0,0.0,95.69695064445142,99.49701351776172,100.0,0.0,97.35806350204334,99.49701351776172,100.0,0.0,98.42753850990253,99.49701351776172,100.0,0.0,99.06922351461803
TPK1_HUMAN_Weile_2017,regevo,8,97.67368751964791,0.0,0.0,94.74819239232944,98.55391386356492,0.0,0.0,96.31656711725874,99.9685633448601,100.0,100.0,97.9091480666457,99.9685633448601,100.0,100.0,99.14479723357432
TPK1_HUMAN_Weile_2017,gpbo_ei,8,99.74850675888085,100.0,0.0,95.37189563030493,99.74850675888085,100.0,0.0,97.56020119459286,99.93712668972022,100.0,100.0,98.74206224457717,99.9685633448601,100.0,100.0,99.45928953159383
TPK1_HUMAN_Weile_2017,adalead_graph,8,99.0569003458032,100.0,0.0,97.32411191449232,99.9685633448601,100.0,100.0,98.22697265011006,99.9685633448601,100.0,100.0,99.09776799748506,99.9685633448601,100.0,100.0,99.62024520591007
TPK1_HUMAN_Weile_2017,fly,8,98.42816724300535,0.0,0.0,94.14586607984911,98.86828041496385,0.0,0.0,96.30022005658597,99.81138006916063,100.0,0.0,98.02750707324739,99.81138006916063,100.0,0.0,99.09783087079532
TPK1_HUMAN_Weile_2017,fly_memory,8,95.69317824583464,0.0,0.0,85.04432568374726,97.17070103740961,0.0,0.0,90.84155925809493,98.96259038038353,0.0,0.0,94.16740018861991,99.62276013832128,100.0,0.0,97.3866079849104
TPK1_HUMAN_Weile_2017,fly_best_tested,8,99.46557686262182,100.0,0.0,91.10845646023262,99.46557686262182,100.0,0.0,95.28701666142723,100.0,100.0,100.0,97.47783715812636,100.0,100.0,100.0,98.99113486325055
TPK1_HUMAN_Weile_2017,zs_mm_150M,8,98.93115372524363,0.0,0.0,96.18861993083934,98.93115372524363,0.0,0.0,97.55988682804146,98.93115372524363,0.0,0.0,98.24552027664252,99.90569003458032,100.0,100.0,99.10965105312792
TPK1_HUMAN_Weile_2017,zs_wt_150M,8,98.93115372524363,0.0,0.0,96.53945300220056,98.93115372524363,0.0,0.0,97.73530336372207,99.71707010374097,100.0,0.0,98.3764539453002,99.71707010374097,100.0,0.0,99.18082364036466
TPK1_HUMAN_Weile_2017,zs_wt_650M,8,98.80540710468406,0.0,0.0,90.61552970763913,98.80540710468406,0.0,0.0,94.7104684061616,98.83684375982395,0.0,0.0,96.76721156868909,99.9685633448601,100.0,100.0,98.53046211883056
TPK1_HUMAN_Weile_2017,zs_mm_8M,8,98.89971707010375,0.0,0.0,93.19270669600758,98.89971707010375,0.0,0.0,96.04621188305566,98.89971707010375,0.0,0.0,97.47296447657969,99.74850675888085,100.0,0.0,98.71197736560826
TPK1_HUMAN_Weile_2017,zs_wt_8M,8,98.89971707010375,0.0,0.0,93.4787802577806,98.89971707010375,0.0,0.0,96.18924866394217,99.0569003458032,100.0,0.0,97.57041810751335,99.74850675888085,100.0,0.0,98.77403332285444
TPK1_HUMAN_Weile_2017,random_search,9,98.74253379440428,0.0,0.0,98.74253379440428,98.74253379440428,0.0,0.0,98.74253379440428,98.74253379440428,0.0,0.0,98.7425337944043,99.77994341402075,100.0,0.0,99.12637535366238
TPK1_HUMAN_Weile_2017,random_walk,9,98.89971707010375,0.0,0.0,96.0075447972336,98.89971707010375,0.0,0.0,97.45363093366866,99.81138006916063,100.0,0.0,98.40474693492611,99.81138006916063,100.0,0.0,99.24872681546681
TPK1_HUMAN_Weile_2017,greedy_local,9,98.80540710468406,0.0,0.0,97.18767683118519,99.65419679346118,100.0,0.0,98.20025149324108,99.65419679346118,100.0,0.0,98.92722414335114,99.84281672430053,100.0,0.0,99.47393901288902
TPK1_HUMAN_Weile_2017,regevo,9,100.0,100.0,100.0,97.4454574033323,100.0,100.0,100.0,98.72272870166614,100.0,100.0,100.0,99.36136435083307,100.0,100.0,100.0,99.74454574033322
TPK1_HUMAN_Weile_2017,gpbo_ei,9,99.81138006916063,100.0,0.0,96.56963219113486,99.81138006916063,100.0,0.0,98.19050613014774,99.93712668972022,100.0,100.0,99.03112228858849,100.0,100.0,100.0,99.5911977365608
TPK1_HUMAN_Weile_2017,adalead_graph,9,96.73058786545111,0.0,0.0,95.21596982081108,98.67966048412448,0.0,0.0,96.90977679974847,99.74850675888085,100.0,0.0,98.2904746934926,99.87425337944043,100.0,0.0,99.23596353348005
TPK1_HUMAN_Weile_2017,fly,9,99.02546369066332,100.0,0.0,97.90757623388869,99.02546369066332,100.0,0.0,98.466519962276,99.43414020748192,100.0,0.0,98.80524992140836,99.43414020748192,100.0,0.0,99.18258409305251
TPK1_HUMAN_Weile_2017,fly_memory,9,99.59132348318138,100.0,0.0,96.25400817353035,99.59132348318138,100.0,0.0,97.92266582835586,99.59132348318138,100.0,0.0,98.75699465576865,99.90569003458032,100.0,100.0,99.37013517761712
TPK1_HUMAN_Weile_2017,fly_best_tested,9,93.93272555800063,0.0,0.0,91.98491040553286,97.17070103740961,0.0,0.0,94.21439798805407,99.02546369066332,100.0,0.0,95.9679346117573,100.0,100.0,100.0,98.14548883998744
TPK1_HUMAN_Weile_2017,zs_mm_150M,9,98.93115372524363,0.0,0.0,96.18861993083934,98.93115372524363,0.0,0.0,97.55988682804146,98.93115372524363,0.0,0.0,98.24552027664252,99.90569003458032,100.0,100.0,99.10965105312792
TPK1_HUMAN_Weile_2017,zs_wt_150M,9,98.93115372524363,0.0,0.0,96.53945300220056,98.93115372524363,0.0,0.0,97.73530336372207,99.71707010374097,100.0,0.0,98.3764539453002,99.71707010374097,100.0,0.0,99.18082364036466
TPK1_HUMAN_Weile_2017,zs_wt_650M,9,98.80540710468406,0.0,0.0,90.61552970763913,98.80540710468406,0.0,0.0,94.7104684061616,98.83684375982395,0.0,0.0,96.76721156868909,99.9685633448601,100.0,100.0,98.53046211883056
TPK1_HUMAN_Weile_2017,zs_mm_8M,9,98.89971707010375,0.0,0.0,93.19270669600758,98.89971707010375,0.0,0.0,96.04621188305566,98.89971707010375,0.0,0.0,97.47296447657969,99.74850675888085,100.0,0.0,98.71197736560826
TPK1_HUMAN_Weile_2017,zs_wt_8M,9,98.89971707010375,0.0,0.0,93.4787802577806,98.89971707010375,0.0,0.0,96.18924866394217,99.0569003458032,100.0,0.0,97.57041810751335,99.74850675888085,100.0,0.0,98.77403332285444
TPK1_HUMAN_Weile_2017,random_search,10,99.15121031122288,100.0,0.0,92.0232631248035,99.59132348318138,100.0,0.0,95.68469034894686,99.81138006916063,100.0,0.0,97.64240804778373,99.81138006916063,100.0,0.0,98.94379126060987
TPK1_HUMAN_Weile_2017,random_walk,10,98.80540710468406,0.0,0.0,95.84093052499215,98.80540710468406,0.0,0.0,97.3231688148381,98.80540710468406,0.0,0.0,98.06428795976106,99.81138006916063,100.0,0.0,98.64306821754164
TPK1_HUMAN_Weile_2017,greedy_local,10,98.80540710468406,0.0,0.0,96.57151839044327,98.80540710468406,0.0,0.0,97.68846274756368,99.24552027664257,100.0,0.0,98.29974850675887,99.24552027664257,100.0,0.0,98.86721156868909
TPK1_HUMAN_Weile_2017,regevo,10,98.71109713926438,0.0,0.0,86.38038352719268,98.80540710468406,0.0,0.0,92.57591952216286,99.81138006916063,100.0,0.0,95.97359320968248,99.93712668972022,100.0,100.0,98.29462433197105
TPK1_HUMAN_Weile_2017,gpbo_ei,10,96.41622131405218,0.0,0.0,91.1235460546998,99.93712668972022,100.0,100.0,93.86042125117889,100.0,100.0,100.0,96.91103426595411,100.0,100.0,100.0,98.76441370638163
TPK1_HUMAN_Weile_2017,adalead_graph,10,99.84281672430053,100.0,0.0,94.47280729330402,99.84281672430053,100.0,0.0,97.15781200880225,99.84281672430053,100.0,0.0,98.5003143665514,99.84281672430053,100.0,0.0,99.30581578120089
TPK1_HUMAN_Weile_2017,fly,10,99.33983024206225,100.0,0.0,97.01854762653252,99.33983024206225,100.0,0.0,98.17918893429741,99.33983024206225,100.0,0.0,98.75950958817982,99.49701351776172,100.0,0.0,99.17340458975167
TPK1_HUMAN_Weile_2017,fly_memory,10,95.22162841873624,0.0,0.0,93.45111600125747,99.02546369066332,100.0,0.0,94.89311537252438,99.81138006916063,100.0,0.0,96.98836843759825,99.81138006916063,100.0,0.0,98.68217541653567
TPK1_HUMAN_Weile_2017,fly_best_tested,10,94.9701351776171,0.0,0.0,93.44482867022947,94.9701351776171,0.0,0.0,94.20748192392325,98.99402703552342,0.0,0.0,95.85664885256209,99.81138006916063,100.0,0.0,97.88116944357118
TPK1_HUMAN_Weile_2017,zs_mm_150M,10,98.93115372524363,0.0,0.0,96.18861993083934,98.93115372524363,0.0,0.0,97.55988682804146,98.93115372524363,0.0,0.0,98.24552027664252,99.90569003458032,100.0,100.0,99.10965105312792
TPK1_HUMAN_Weile_2017,zs_wt_150M,10,98.93115372524363,0.0,0.0,96.53945300220056,98.93115372524363,0.0,0.0,97.73530336372207,99.71707010374097,100.0,0.0,98.3764539453002,99.71707010374097,100.0,0.0,99.18082364036466
TPK1_HUMAN_Weile_2017,zs_wt_650M,10,98.80540710468406,0.0,0.0,90.61552970763913,98.80540710468406,0.0,0.0,94.7104684061616,98.83684375982395,0.0,0.0,96.76721156868909,99.9685633448601,100.0,100.0,98.53046211883056
TPK1_HUMAN_Weile_2017,zs_mm_8M,10,98.89971707010375,0.0,0.0,93.19270669600758,98.89971707010375,0.0,0.0,96.04621188305566,98.89971707010375,0.0,0.0,97.47296447657969,99.74850675888085,100.0,0.0,98.71197736560826
TPK1_HUMAN_Weile_2017,zs_wt_8M,10,98.89971707010375,0.0,0.0,93.4787802577806,98.89971707010375,0.0,0.0,96.18924866394217,99.0569003458032,100.0,0.0,97.57041810751335,99.74850675888085,100.0,0.0,98.77403332285444
TPK1_HUMAN_Weile_2017,random_search,11,97.20213769254951,0.0,0.0,93.38384155925809,98.83684375982395,0.0,0.0,95.78340144608613,99.65419679346118,100.0,0.0,97.7106255894373,100.0,100.0,100.0,99.0071046840616
TPK1_HUMAN_Weile_2017,random_walk,11,99.62276013832128,100.0,0.0,94.43445457403334,99.62276013832128,100.0,0.0,97.0286073561773,99.62276013832128,100.0,0.0,98.3256837472493,99.81138006916063,100.0,0.0,99.16730587865452
TPK1_HUMAN_Weile_2017,greedy_local,11,93.93272555800063,0.0,0.0,88.61993083935872,99.93712668972022,100.0,100.0,93.5180760767054,99.93712668972022,100.0,100.0,96.72760138321283,99.93712668972022,100.0,100.0,98.65331656711724
TPK1_HUMAN_Weile_2017,regevo,11,99.90569003458032,100.0,100.0,94.33762967620245,99.90569003458032,100.0,100.0,97.12165985539139,99.90569003458032,100.0,100.0,98.51367494498585,99.90569003458032,100.0,100.0,99.34888399874254
TPK1_HUMAN_Weile_2017,gpbo_ei,11,99.74850675888085,100.0,0.0,95.75479408990881,99.74850675888085,100.0,0.0,97.75165042439481,100.0,100.0,100.0,98.84941842187989,100.0,100.0,100.0,99.53976736875195
TPK1_HUMAN_Weile_2017,adalead_graph,11,98.52247720842503,0.0,0.0,95.63407733417164,98.93115372524363,0.0,0.0,97.16409933983023,98.96259038038353,0.0,0.0,98.0605155611443,99.71707010374097,100.0,0.0,99.01848475322225
TPK1_HUMAN_Weile_2017,fly,11,97.17070103740961,0.0,0.0,92.19050613014774,98.89971707010375,0.0,0.0,95.01383212826154,99.119773656083,100.0,0.0,96.97547940899086,99.93712668972022,100.0,100.0,98.44187362464633
TPK1_HUMAN_Weile_2017,fly_memory,11,98.96259038038353,0.0,0.0,96.26281043696952,98.96259038038353,0.0,0.0,97.61270040867656,99.81138006916063,100.0,0.0,98.4149638478466,99.81138006916063,100.0,0.0,99.252813580635
TPK1_HUMAN_Weile_2017,fly_best_tested,11,98.83684375982395,0.0,0.0,91.06318767683116,98.83684375982395,0.0,0.0,94.95001571832756,98.83684375982395,0.0,0.0,96.89342973907577,99.0883370009431,100.0,0.0,98.16309336686577
TPK1_HUMAN_Weile_2017,zs_mm_150M,11,98.93115372524363,0.0,0.0,96.18861993083934,98.93115372524363,0.0,0.0,97.55988682804146,98.93115372524363,0.0,0.0,98.24552027664252,99.90569003458032,100.0,100.0,99.10965105312792
TPK1_HUMAN_Weile_2017,zs_wt_150M,11,98.93115372524363,0.0,0.0,96.53945300220056,98.93115372524363,0.0,0.0,97.73530336372207,99.71707010374097,100.0,0.0,98.3764539453002,99.71707010374097,100.0,0.0,99.18082364036466
TPK1_HUMAN_Weile_2017,zs_wt_650M,11,98.80540710468406,0.0,0.0,90.61552970763913,98.80540710468406,0.0,0.0,94.7104684061616,98.83684375982395,0.0,0.0,96.76721156868909,99.9685633448601,100.0,100.0,98.53046211883056
TPK1_HUMAN_Weile_2017,zs_mm_8M,11,98.89971707010375,0.0,0.0,93.19270669600758,98.89971707010375,0.0,0.0,96.04621188305566,98.89971707010375,0.0,0.0,97.47296447657969,99.74850675888085,100.0,0.0,98.71197736560826
TPK1_HUMAN_Weile_2017,zs_wt_8M,11,98.89971707010375,0.0,0.0,93.4787802577806,98.89971707010375,0.0,0.0,96.18924866394217,99.0569003458032,100.0,0.0,97.57041810751335,99.74850675888085,100.0,0.0,98.77403332285444
TPK1_HUMAN_Weile_2017,random_search,12,99.37126689720213,100.0,0.0,85.04558314995283,99.37126689720213,100.0,0.0,92.20842502357746,99.37126689720213,100.0,0.0,95.7898459603898,99.93712668972022,100.0,100.0,98.22489783087079
TPK1_HUMAN_Weile_2017,random_walk,12,94.5614586607985,0.0,0.0,88.07167557371895,94.9701351776171,0.0,0.0,91.47595095881796,99.62276013832128,100.0,0.0,95.30572147123547,99.62276013832128,100.0,0.0,97.89594467148697
TPK1_HUMAN_Weile_2017,greedy_local,12,99.93712668972022,100.0,100.0,90.91857906318768,99.93712668972022,100.0,100.0,95.42785287645393,99.93712668972022,100.0,100.0,97.68248978308708,99.9685633448601,100.0,100.0,99.0531279471864
TPK1_HUMAN_Weile_2017,regevo,12,98.45960389814523,0.0,0.0,89.5932096824898,100.0,100.0,100.0,94.76579691920779,100.0,100.0,100.0,97.3828984596039,100.0,100.0,100.0,98.95315938384155
TPK1_HUMAN_Weile_2017,gpbo_ei,12,96.95064445143036,0.0,0.0,86.8808550770198,97.86230745048726,0.0,0.0,92.30776485381953,99.74850675888085,100.0,0.0,95.47642250864509,100.0,100.0,100.0,98.16692863879281
TPK1_HUMAN_Weile_2017,adalead_graph,12,99.21408362150267,100.0,0.0,95.2656397359321,99.21408362150267,100.0,0.0,97.23986167871738,99.68563344860107,100.0,0.0,98.34721785602011,99.84281672430053,100.0,0.0,99.1975479408991
TPK1_HUMAN_Weile_2017,fly,12,98.71109713926438,0.0,0.0,90.94687205281356,98.71109713926438,0.0,0.0,94.828984596039,98.96259038038353,0.0,0.0,96.84171644137065,100.0,100.0,100.0,98.53197107827728
TPK1_HUMAN_Weile_2017,fly_memory,12,96.41622131405218,0.0,0.0,86.03583778685949,99.81138006916063,100.0,0.0,91.66645708896573,99.81138006916063,100.0,0.0,95.73891857906318,99.87425337944043,100.0,0.0,98.20289217227285
TPK1_HUMAN_Weile_2017,fly_best_tested,12,96.51053127947186,0.0,0.0,80.11002829298963,97.86230745048726,0.0,0.0,88.71581263753532,98.49104055328513,0.0,0.0,93.3173530336372,99.90569003458032,100.0,100.0,96.8671486953788
TPK1_HUMAN_Weile_2017,zs_mm_150M,12,98.93115372524363,0.0,0.0,96.18861993083934,98.93115372524363,0.0,0.0,97.55988682804146,98.93115372524363,0.0,0.0,98.24552027664252,99.90569003458032,100.0,100.0,99.10965105312792
TPK1_HUMAN_Weile_2017,zs_wt_150M,12,98.93115372524363,0.0,0.0,96.53945300220056,98.93115372524363,0.0,0.0,97.73530336372207,99.71707010374097,100.0,0.0,98.3764539453002,99.71707010374097,100.0,0.0,99.18082364036466
TPK1_HUMAN_Weile_2017,zs_wt_650M,12,98.80540710468406,0.0,0.0,90.61552970763913,98.80540710468406,0.0,0.0,94.7104684061616,98.83684375982395,0.0,0.0,96.76721156868909,99.9685633448601,100.0,100.0,98.53046211883056
TPK1_HUMAN_Weile_2017,zs_mm_8M,12,98.89971707010375,0.0,0.0,93.19270669600758,98.89971707010375,0.0,0.0,96.04621188305566,98.89971707010375,0.0,0.0,97.47296447657969,99.74850675888085,100.0,0.0,98.71197736560826
TPK1_HUMAN_Weile_2017,zs_wt_8M,12,98.89971707010375,0.0,0.0,93.4787802577806,98.89971707010375,0.0,0.0,96.18924866394217,99.0569003458032,100.0,0.0,97.57041810751335,99.74850675888085,100.0,0.0,98.77403332285444
TPK1_HUMAN_Weile_2017,random_search,13,96.32191134863251,0.0,0.0,96.1188305564288,96.3533480037724,0.0,0.0,96.23263124803525,99.87425337944043,100.0,0.0,97.51493241119148,99.87425337944043,100.0,0.0,98.93052499214086
TPK1_HUMAN_Weile_2017,random_walk,13,99.0569003458032,100.0,0.0,96.15781200880225,99.0569003458032,100.0,0.0,97.60735617730278,99.0569003458032,100.0,0.0,98.33212826155297,99.81138006916063,100.0,0.0,98.98906004401131
TPK1_HUMAN_Weile_2017,greedy_local,13,99.87425337944043,100.0,0.0,98.60044011317196,99.87425337944043,100.0,0.0,99.23734674630623,99.87425337944043,100.0,0.0,99.55580006287332,99.87425337944043,100.0,0.0,99.7468720528136
TPK1_HUMAN_Weile_2017,regevo,13,98.77397044954417,0.0,0.0,94.34831813895002,98.99402703552342,0.0,0.0,96.60515561144297,99.71707010374097,100.0,0.0,97.99481295190193,99.71707010374097,100.0,0.0,99.02816724300536
TPK1_HUMAN_Weile_2017,gpbo_ei,13,94.15278214397988,0.0,0.0,93.08079220370949,96.95064445143036,0.0,0.0,93.95253065073874,100.0,100.0,100.0,96.79031751021692,100.0,100.0,100.0,98.71612700408677
TPK1_HUMAN_Weile_2017,adalead_graph,13,99.93712668972022,100.0,100.0,95.64790946243322,99.93712668972022,100.0,100.0,97.79251807607666,99.93712668972022,100.0,100.0,98.86482238289845,99.93712668972022,100.0,100.0,99.5082049669915
TPK1_HUMAN_Weile_2017,fly,13,97.7051241747878,0.0,0.0,94.17415906947501,97.7051241747878,0.0,0.0,95.93964162213143,98.86828041496385,0.0,0.0,97.04919836529392,99.81138006916063,100.0,0.0,98.49713926438227
TPK1_HUMAN_Weile_2017,fly_memory,13,95.22162841873624,0.0,0.0,90.78277271298334,95.22162841873624,0.0,0.0,93.00220056585978,99.15121031122288,100.0,0.0,95.78198679660485,99.5284501729016,100.0,0.0,97.98610499842817
TPK1_HUMAN_Weile_2017,fly_best_tested,13,99.0883370009431,100.0,0.0,96.50864508016348,99.0883370009431,100.0,0.0,97.79849104055327,99.0883370009431,100.0,0.0,98.44341402074816,99.119773656083,100.0,0.0,98.83986167871737
TPK1_HUMAN_Weile_2017,zs_mm_150M,13,98.93115372524363,0.0,0.0,96.18861993083934,98.93115372524363,0.0,0.0,97.55988682804146,98.93115372524363,0.0,0.0,98.24552027664252,99.90569003458032,100.0,100.0,99.10965105312792
TPK1_HUMAN_Weile_2017,zs_wt_150M,13,98.93115372524363,0.0,0.0,96.53945300220056,98.93115372524363,0.0,0.0,97.73530336372207,99.71707010374097,100.0,0.0,98.3764539453002,99.71707010374097,100.0,0.0,99.18082364036466
TPK1_HUMAN_Weile_2017,zs_wt_650M,13,98.80540710468406,0.0,0.0,90.61552970763913,98.80540710468406,0.0,0.0,94.7104684061616,98.83684375982395,0.0,0.0,96.76721156868909,99.9685633448601,100.0,100.0,98.53046211883056
TPK1_HUMAN_Weile_2017,zs_mm_8M,13,98.89971707010375,0.0,0.0,93.19270669600758,98.89971707010375,0.0,0.0,96.04621188305566,98.89971707010375,0.0,0.0,97.47296447657969,99.74850675888085,100.0,0.0,98.71197736560826
TPK1_HUMAN_Weile_2017,zs_wt_8M,13,98.89971707010375,0.0,0.0,93.4787802577806,98.89971707010375,0.0,0.0,96.18924866394217,99.0569003458032,100.0,0.0,97.57041810751335,99.74850675888085,100.0,0.0,98.77403332285444
TPK1_HUMAN_Weile_2017,random_search,14,97.04495441685005,0.0,0.0,87.81263753536625,99.0569003458032,100.0,0.0,92.48915435397676,99.0569003458032,100.0,0.0,95.77302734988996,99.74850675888085,100.0,0.0,98.01584407419048
TPK1_HUMAN_Weile_2017,random_walk,14,95.22162841873624,0.0,0.0,80.03961018547626,98.86828041496385,0.0,0.0,88.32348318138948,98.86828041496385,0.0,0.0,93.59588179817666,99.02546369066332,100.0,0.0,96.8375982395473
TPK1_HUMAN_Weile_2017,greedy_local,14,99.93712668972022,100.0,100.0,91.18076076705442,99.93712668972022,100.0,100.0,95.55894372838728,99.93712668972022,100.0,100.0,97.74803520905374,99.93712668972022,100.0,100.0,99.06149009745361
TPK1_HUMAN_Weile_2017,regevo,14,99.74850675888085,100.0,0.0,95.30399245520275,99.74850675888085,100.0,0.0,97.52624960704179,99.74850675888085,100.0,0.0,98.63737818296133,99.74850675888085,100.0,0.0,99.30405532851304
TPK1_HUMAN_Weile_2017,gpbo_ei,14,97.64225086450801,0.0,0.0,92.0044011317196,97.64225086450801,0.0,0.0,94.8233259981138,99.9685633448601,100.0,100.0,97.14822382898457,100.0,100.0,100.0,98.84093052499212
TPK1_HUMAN_Weile_2017,adalead_graph,14,99.0883370009431,100.0,0.0,90.25337944042757,99.0883370009431,100.0,0.0,94.67085822068529,99.9685633448601,100.0,100.0,97.07041810751335,99.9685633448601,100.0,100.0,98.80930524992138
TPK1_HUMAN_Weile_2017,fly,14,98.52247720842503,0.0,0.0,86.7287016661427,98.52247720842503,0.0,0.0,92.62558943728389,98.52247720842503,0.0,0.0,95.57403332285445,99.46557686262182,100.0,0.0,97.55812637535367
TPK1_HUMAN_Weile_2017,fly_memory,14,97.54794089908833,0.0,0.0,83.54731216598553,98.99402703552342,0.0,0.0,90.90914806664573,99.27695693178246,100.0,0.0,95.01807607670544,99.62276013832128,100.0,0.0,97.64325683747249
TPK1_HUMAN_Weile_2017,fly_best_tested,14,97.17070103740961,0.0,0.0,92.10814209368122,98.89971707010375,0.0,0.0,94.84093052499215,99.59132348318138,100.0,0.0,97.10892801005974,99.65419679346118,100.0,0.0,98.61156868909148
TPK1_HUMAN_Weile_2017,zs_mm_150M,14,98.93115372524363,0.0,0.0,96.18861993083934,98.93115372524363,0.0,0.0,97.55988682804146,98.93115372524363,0.0,0.0,98.24552027664252,99.90569003458032,100.0,100.0,99.10965105312792
TPK1_HUMAN_Weile_2017,zs_wt_150M,14,98.93115372524363,0.0,0.0,96.53945300220056,98.93115372524363,0.0,0.0,97.73530336372207,99.71707010374097,100.0,0.0,98.3764539453002,99.71707010374097,100.0,0.0,99.18082364036466
TPK1_HUMAN_Weile_2017,zs_wt_650M,14,98.80540710468406,0.0,0.0,90.61552970763913,98.80540710468406,0.0,0.0,94.7104684061616,98.83684375982395,0.0,0.0,96.76721156868909,99.9685633448601,100.0,100.0,98.53046211883056
TPK1_HUMAN_Weile_2017,zs_mm_8M,14,98.89971707010375,0.0,0.0,93.19270669600758,98.89971707010375,0.0,0.0,96.04621188305566,98.89971707010375,0.0,0.0,97.47296447657969,99.74850675888085,100.0,0.0,98.71197736560826
TPK1_HUMAN_Weile_2017,zs_wt_8M,14,98.89971707010375,0.0,0.0,93.4787802577806,98.89971707010375,0.0,0.0,96.18924866394217,99.0569003458032,100.0,0.0,97.57041810751335,99.74850675888085,100.0,0.0,98.77403332285444
TPK1_HUMAN_Weile_2017,random_search,15,94.81295190191764,0.0,0.0,92.7085822068532,99.87425337944043,100.0,0.0,96.27192706696013,99.87425337944043,100.0,0.0,98.07309022320027,99.9685633448601,100.0,100.0,99.15982395473122
TPK1_HUMAN_Weile_2017,random_walk,15,98.71109713926438,0.0,0.0,97.09210939955989,98.86828041496385,0.0,0.0,97.93146809179503,99.81138006916063,100.0,0.0,98.84784658912291,100.0,100.0,100.0,99.49537881169442
TPK1_HUMAN_Weile_2017,greedy_local,15,98.49104055328513,0.0,0.0,89.91260609871111,99.81138006916063,100.0,0.0,94.3828984596039,99.81138006916063,100.0,0.0,97.09713926438224,99.81138006916063,100.0,0.0,98.72568374724928
TPK1_HUMAN_Weile_2017,regevo,15,99.0883370009431,100.0,0.0,98.16787173844703,99.84281672430053,100.0,0.0,98.9600754479723,99.84281672430053,100.0,0.0,99.40144608613642,100.0,100.0,100.0,99.7524049041182
TPK1_HUMAN_Weile_2017,gpbo_ei,15,99.74850675888085,100.0,0.0,95.39578748821124,99.74850675888085,100.0,0.0,97.57214712354602,99.74850675888085,100.0,0.0,98.66032694121344,100.0,100.0,100.0,99.46111285759194
TPK1_HUMAN_Weile_2017,adalead_graph,15,99.21408362150267,100.0,0.0,96.49984281672431,99.21408362150267,100.0,0.0,97.85696321911345,99.21408362150267,100.0,0.0,98.53552342030807,99.74850675888085,100.0,0.0,99.15976108142091
TPK1_HUMAN_Weile_2017,fly,15,99.62276013832128,100.0,0.0,96.74944985853509,99.62276013832128,100.0,0.0,98.1861049984282,99.81138006916063,100.0,0.0,98.97610814209366,99.81138006916063,100.0,0.0,99.47727129833386
TPK1_HUMAN_Weile_2017,fly_memory,15,99.74850675888085,100.0,0.0,97.24237661112856,99.74850675888085,100.0,0.0,98.49544168500469,99.74850675888085,100.0,0.0,99.12197422194278,99.93712668972022,100.0,100.0,99.51336057843446
TPK1_HUMAN_Weile_2017,fly_best_tested,15,97.17070103740961,0.0,0.0,95.58314995284499,99.0569003458032,100.0,0.0,96.81703866708585,99.0569003458032,100.0,0.0,97.93696950644451,99.0569003458032,100.0,0.0,98.60892801005973
TPK1_HUMAN_Weile_2017,zs_mm_150M,15,98.93115372524363,0.0,0.0,96.18861993083934,98.93115372524363,0.0,0.0,97.55988682804146,98.93115372524363,0.0,0.0,98.24552027664252,99.90569003458032,100.0,100.0,99.10965105312792
TPK1_HUMAN_Weile_2017,zs_wt_150M,15,98.93115372524363,0.0,0.0,96.53945300220056,98.93115372524363,0.0,0.0,97.73530336372207,99.71707010374097,100.0,0.0,98.3764539453002,99.71707010374097,100.0,0.0,99.18082364036466
TPK1_HUMAN_Weile_2017,zs_wt_650M,15,98.80540710468406,0.0,0.0,90.61552970763913,98.80540710468406,0.0,0.0,94.7104684061616,98.83684375982395,0.0,0.0,96.76721156868909,99.9685633448601,100.0,100.0,98.53046211883056
TPK1_HUMAN_Weile_2017,zs_mm_8M,15,98.89971707010375,0.0,0.0,93.19270669600758,98.89971707010375,0.0,0.0,96.04621188305566,98.89971707010375,0.0,0.0,97.47296447657969,99.74850675888085,100.0,0.0,98.71197736560826
TPK1_HUMAN_Weile_2017,zs_wt_8M,15,98.89971707010375,0.0,0.0,93.4787802577806,98.89971707010375,0.0,0.0,96.18924866394217,99.0569003458032,100.0,0.0,97.57041810751335,99.74850675888085,100.0,0.0,98.77403332285444
TPK1_HUMAN_Weile_2017,random_search,16,99.30839358692235,100.0,0.0,95.69946557686264,99.30839358692235,100.0,0.0,97.50392958189245,99.30839358692235,100.0,0.0,98.40616158440741,99.30839358692235,100.0,0.0,98.94750078591638
TPK1_HUMAN_Weile_2017,random_walk,16,94.62433197107828,0.0,0.0,90.60546997799435,97.17070103740961,0.0,0.0,93.4467148695379,99.81138006916063,100.0,0.0,96.3154668343288,99.90569003458032,100.0,100.0,98.41810751336057
TPK1_HUMAN_Weile_2017,greedy_local,16,97.76799748506758,0.0,0.0,94.93995598868281,97.76799748506758,0.0,0.0,96.35397673687515,98.11380069160641,0.0,0.0,97.18374724929268,99.9685633448601,100.0,100.0,98.44243948443886
TPK1_HUMAN_Weile_2017,regevo,16,98.55391386356492,0.0,0.0,94.27601383212827,98.55391386356492,0.0,0.0,96.41496384784661,99.62276013832128,100.0,0.0,97.76595410248352,99.93712668972022,100.0,100.0,99.03973593209683
TPK1_HUMAN_Weile_2017,gpbo_ei,16,99.81138006916063,100.0,0.0,93.17321596982082,99.81138006916063,100.0,0.0,96.4922980194907,99.93712668972022,100.0,100.0,98.1669286387928,100.0,100.0,100.0,99.26211883055642
TPK1_HUMAN_Weile_2017,adalead_graph,16,98.14523734674631,0.0,0.0,85.7296447657969,98.93115372524363,0.0,0.0,92.2832442628104,99.74850675888085,100.0,0.0,95.72980194907261,99.84281672430053,100.0,0.0,98.15668028921722
TPK1_HUMAN_Weile_2017,fly,16,94.9701351776171,0.0,0.0,86.9198365293933,98.86828041496385,0.0,0.0,92.50424394844384,98.86828041496385,0.0,0.0,95.68626218170385,99.18264696636278,100.0,0.0,97.65055014146495
TPK1_HUMAN_Weile_2017,fly_memory,16,99.84281672430053,100.0,0.0,96.05092738132666,99.84281672430053,100.0,0.0,97.94687205281356,99.84281672430053,100.0,0.0,98.89484438855706,99.84281672430053,100.0,0.0,99.46362779000314
TPK1_HUMAN_Weile_2017,fly_best_tested,16,95.19019176359636,0.0,0.0,93.31342345174473,98.86828041496385,0.0,0.0,95.45677459918261,99.0569003458032,100.0,0.0,97.17761710154038,99.81138006916063,100.0,0.0,98.65526563973592
TPK1_HUMAN_Weile_2017,zs_mm_150M,16,98.93115372524363,0.0,0.0,96.18861993083934,98.93115372524363,0.0,0.0,97.55988682804146,98.93115372524363,0.0,0.0,98.24552027664252,99.90569003458032,100.0,100.0,99.10965105312792
TPK1_HUMAN_Weile_2017,zs_wt_150M,16,98.93115372524363,0.0,0.0,96.53945300220056,98.93115372524363,0.0,0.0,97.73530336372207,99.71707010374097,100.0,0.0,98.3764539453002,99.71707010374097,100.0,0.0,99.18082364036466
TPK1_HUMAN_Weile_2017,zs_wt_650M,16,98.80540710468406,0.0,0.0,90.61552970763913,98.80540710468406,0.0,0.0,94.7104684061616,98.83684375982395,0.0,0.0,96.76721156868909,99.9685633448601,100.0,100.0,98.53046211883056
TPK1_HUMAN_Weile_2017,zs_mm_8M,16,98.89971707010375,0.0,0.0,93.19270669600758,98.89971707010375,0.0,0.0,96.04621188305566,98.89971707010375,0.0,0.0,97.47296447657969,99.74850675888085,100.0,0.0,98.71197736560826
TPK1_HUMAN_Weile_2017,zs_wt_8M,16,98.89971707010375,0.0,0.0,93.4787802577806,98.89971707010375,0.0,0.0,96.18924866394217,99.0569003458032,100.0,0.0,97.57041810751335,99.74850675888085,100.0,0.0,98.77403332285444
TPK1_HUMAN_Weile_2017,random_search,17,99.68563344860107,100.0,0.0,85.57560515561143,99.68563344860107,100.0,0.0,92.63061930210628,99.9685633448601,100.0,100.0,96.19915121031121,99.9685633448601,100.0,100.0,98.46079849104053
TPK1_HUMAN_Weile_2017,random_walk,17,99.84281672430053,100.0,0.0,99.84281672430056,99.84281672430053,100.0,0.0,99.84281672430052,99.84281672430053,100.0,0.0,99.84281672430053,99.84281672430053,100.0,0.0,99.84281672430053
TPK1_HUMAN_Weile_2017,greedy_local,17,99.84281672430053,100.0,0.0,99.84281672430056,99.84281672430053,100.0,0.0,99.84281672430052,100.0,100.0,100.0,99.86560829927696,100.0,100.0,100.0,99.94624331971077
TPK1_HUMAN_Weile_2017,regevo,17,99.84281672430053,100.0,0.0,99.84281672430056,99.84281672430053,100.0,0.0,99.84281672430052,99.84281672430053,100.0,0.0,99.84281672430053,99.84281672430053,100.0,0.0,99.84281672430053
TPK1_HUMAN_Weile_2017,gpbo_ei,17,99.84281672430053,100.0,0.0,99.84281672430056,99.84281672430053,100.0,0.0,99.84281672430052,99.84281672430053,100.0,0.0,99.84281672430053,100.0,100.0,100.0,99.89688777114115
TPK1_HUMAN_Weile_2017,adalead_graph,17,99.84281672430053,100.0,0.0,99.84281672430056,99.84281672430053,100.0,0.0,99.84281672430052,99.84281672430053,100.0,0.0,99.84281672430053,99.84281672430053,100.0,0.0,99.84281672430053
TPK1_HUMAN_Weile_2017,fly,17,99.84281672430053,100.0,0.0,99.84281672430056,99.84281672430053,100.0,0.0,99.84281672430052,99.84281672430053,100.0,0.0,99.84281672430053,99.90569003458032,100.0,100.0,99.87324740647594
TPK1_HUMAN_Weile_2017,fly_memory,17,99.84281672430053,100.0,0.0,99.84281672430056,99.84281672430053,100.0,0.0,99.84281672430052,99.84281672430053,100.0,0.0,99.84281672430053,99.84281672430053,100.0,0.0,99.84281672430053
TPK1_HUMAN_Weile_2017,fly_best_tested,17,99.84281672430053,100.0,0.0,99.84281672430056,99.84281672430053,100.0,0.0,99.84281672430052,99.84281672430053,100.0,0.0,99.84281672430053,99.84281672430053,100.0,0.0,99.84281672430053
TPK1_HUMAN_Weile_2017,zs_mm_150M,17,98.93115372524363,0.0,0.0,96.18861993083934,98.93115372524363,0.0,0.0,97.55988682804146,98.93115372524363,0.0,0.0,98.24552027664252,99.90569003458032,100.0,100.0,99.10965105312792
TPK1_HUMAN_Weile_2017,zs_wt_150M,17,98.93115372524363,0.0,0.0,96.53945300220056,98.93115372524363,0.0,0.0,97.73530336372207,99.71707010374097,100.0,0.0,98.3764539453002,99.71707010374097,100.0,0.0,99.18082364036466
TPK1_HUMAN_Weile_2017,zs_wt_650M,17,98.80540710468406,0.0,0.0,90.61552970763913,98.80540710468406,0.0,0.0,94.7104684061616,98.83684375982395,0.0,0.0,96.76721156868909,99.9685633448601,100.0,100.0,98.53046211883056
TPK1_HUMAN_Weile_2017,zs_mm_8M,17,98.89971707010375,0.0,0.0,93.19270669600758,98.89971707010375,0.0,0.0,96.04621188305566,98.89971707010375,0.0,0.0,97.47296447657969,99.74850675888085,100.0,0.0,98.71197736560826
TPK1_HUMAN_Weile_2017,zs_wt_8M,17,98.89971707010375,0.0,0.0,93.4787802577806,98.89971707010375,0.0,0.0,96.18924866394217,99.0569003458032,100.0,0.0,97.57041810751335,99.74850675888085,100.0,0.0,98.77403332285444
TPK1_HUMAN_Weile_2017,random_search,18,99.37126689720213,100.0,0.0,96.74944985853504,99.37126689720213,100.0,0.0,98.06035837786858,99.90569003458032,100.0,100.0,98.95897516504243,99.90569003458032,100.0,100.0,99.52700408676517
TPK1_HUMAN_Weile_2017,random_walk,18,99.27695693178246,100.0,0.0,98.34517447343602,99.27695693178246,100.0,0.0,98.81106570260923,99.27695693178246,100.0,0.0,99.04401131719584,99.81138006916063,100.0,0.0,99.4491040553285
TPK1_HUMAN_Weile_2017,greedy_local,18,99.27695693178246,100.0,0.0,89.3266268469035,99.27695693178246,100.0,0.0,94.30179188934297,99.65419679346118,100.0,0.0,96.94781515246777,99.74850675888085,100.0,0.0,98.62577805721472
TPK1_HUMAN_Weile_2017,regevo,18,95.75605155611443,0.0,0.0,92.11442942470921,99.5598868280415,100.0,0.0,94.98773970449544,99.5598868280415,100.0,0.0,97.27381326626848,100.0,100.0,100.0,98.76076705438541
TPK1_HUMAN_Weile_2017,gpbo_ei,18,98.86828041496385,0.0,0.0,95.06193021062559,98.86828041496385,0.0,0.0,96.96510531279469,99.9685633448601,100.0,100.0,98.43382584093051,100.0,100.0,100.0,99.37019805092737
TPK1_HUMAN_Weile_2017,adalead_graph,18,97.7365608299277,0.0,0.0,92.08299276956932,97.7365608299277,0.0,0.0,94.90977679974853,99.9685633448601,100.0,100.0,97.36104998428168,99.9685633448601,100.0,100.0,98.92555800062871
TPK1_HUMAN_Weile_2017,fly,18,93.99559886828041,0.0,0.0,89.72650110028293,98.96259038038353,0.0,0.0,93.90317510216916,99.0569003458032,100.0,0.0,96.45111600125745,100.0,100.0,100.0,98.31411505815781
TPK1_HUMAN_Weile_2017,fly_memory,18,98.55391386356492,0.0,0.0,91.7346746306193,98.55391386356492,0.0,0.0,95.1442942470921,98.86828041496385,0.0,0.0,96.8553913863565,99.74850675888085,100.0,0.0,98.40553285130463
TPK1_HUMAN_Weile_2017,fly_best_tested,18,96.51053127947186,0.0,0.0,91.19836529393272,97.17070103740961,0.0,0.0,94.04589751650424,98.96259038038353,0.0,0.0,95.62621817038664,99.18264696636278,100.0,0.0,97.75083307136121
TPK1_HUMAN_Weile_2017,zs_mm_150M,18,98.93115372524363,0.0,0.0,96.18861993083934,98.93115372524363,0.0,0.0,97.55988682804146,98.93115372524363,0.0,0.0,98.24552027664252,99.90569003458032,100.0,100.0,99.10965105312792
TPK1_HUMAN_Weile_2017,zs_wt_150M,18,98.93115372524363,0.0,0.0,96.53945300220056,98.93115372524363,0.0,0.0,97.73530336372207,99.71707010374097,100.0,0.0,98.3764539453002,99.71707010374097,100.0,0.0,99.18082364036466
TPK1_HUMAN_Weile_2017,zs_wt_650M,18,98.80540710468406,0.0,0.0,90.61552970763913,98.80540710468406,0.0,0.0,94.7104684061616,98.83684375982395,0.0,0.0,96.76721156868909,99.9685633448601,100.0,100.0,98.53046211883056
TPK1_HUMAN_Weile_2017,zs_mm_8M,18,98.89971707010375,0.0,0.0,93.19270669600758,98.89971707010375,0.0,0.0,96.04621188305566,98.89971707010375,0.0,0.0,97.47296447657969,99.74850675888085,100.0,0.0,98.71197736560826
TPK1_HUMAN_Weile_2017,zs_wt_8M,18,98.89971707010375,0.0,0.0,93.4787802577806,98.89971707010375,0.0,0.0,96.18924866394217,99.0569003458032,100.0,0.0,97.57041810751335,99.74850675888085,100.0,0.0,98.77403332285444
TPK1_HUMAN_Weile_2017,random_search,19,98.49104055328513,0.0,0.0,93.2134548883999,98.49104055328513,0.0,0.0,95.85224772084246,100.0,100.0,100.0,97.50361521534109,100.0,100.0,100.0,99.00144608613643
TPK1_HUMAN_Weile_2017,random_walk,19,99.81138006916063,100.0,0.0,96.08047783715813,99.81138006916063,100.0,0.0,97.94592895315937,99.81138006916063,100.0,0.0,98.87865451115998,99.81138006916063,100.0,0.0,99.43828984596036
TPK1_HUMAN_Weile_2017,greedy_local,19,98.52247720842503,0.0,0.0,93.15938384155925,98.96259038038353,0.0,0.0,95.95976108142098,99.65419679346118,100.0,0.0,97.64445143036781,99.81138006916063,100.0,0.0,98.93329141779314
TPK1_HUMAN_Weile_2017,regevo,19,97.64225086450801,0.0,0.0,85.80446400502987,98.86828041496385,0.0,0.0,92.29959132348314,99.62276013832128,100.0,0.0,95.91590694750079,99.81138006916063,100.0,0.0,98.23231688148381
TPK1_HUMAN_Weile_2017,gpbo_ei,19,99.21408362150267,100.0,0.0,94.88337000943102,99.21408362150267,100.0,0.0,97.04872681546682,99.74850675888085,100.0,0.0,98.20088022634394,100.0,100.0,100.0,99.27752279157497
TPK1_HUMAN_Weile_2017,adalead_graph,19,99.15121031122288,100.0,0.0,94.32379754794088,99.15121031122288,100.0,0.0,96.73750392958195,99.65419679346118,100.0,0.0,97.9468720528136,99.84281672430053,100.0,0.0,99.02540081735305
TPK1_HUMAN_Weile_2017,fly,19,98.52247720842503,0.0,0.0,97.16818610499843,98.52247720842503,0.0,0.0,97.84533165671175,99.21408362150267,100.0,0.0,98.48821125432254,99.84281672430053,100.0,0.0,99.2230116315624
TPK1_HUMAN_Weile_2017,fly_memory,19,98.52247720842503,0.0,0.0,96.33762967620245,98.52247720842503,0.0,0.0,97.43005344231376,99.90569003458032,100.0,100.0,98.36010688462747,99.90569003458032,100.0,100.0,99.28745677459918
TPK1_HUMAN_Weile_2017,fly_best_tested,19,99.81138006916063,100.0,0.0,97.31090851933354,99.81138006916063,100.0,0.0,98.56114429424706,99.81138006916063,100.0,0.0,99.18626218170382,99.81138006916063,100.0,0.0,99.56133291417791
TPK1_HUMAN_Weile_2017,zs_mm_150M,19,98.93115372524363,0.0,0.0,96.18861993083934,98.93115372524363,0.0,0.0,97.55988682804146,98.93115372524363,0.0,0.0,98.24552027664252,99.90569003458032,100.0,100.0,99.10965105312792
TPK1_HUMAN_Weile_2017,zs_wt_150M,19,98.93115372524363,0.0,0.0,96.53945300220056,98.93115372524363,0.0,0.0,97.73530336372207,99.71707010374097,100.0,0.0,98.3764539453002,99.71707010374097,100.0,0.0,99.18082364036466
TPK1_HUMAN_Weile_2017,zs_wt_650M,19,98.80540710468406,0.0,0.0,90.61552970763913,98.80540710468406,0.0,0.0,94.7104684061616,98.83684375982395,0.0,0.0,96.76721156868909,99.9685633448601,100.0,100.0,98.53046211883056
TPK1_HUMAN_Weile_2017,zs_mm_8M,19,98.89971707010375,0.0,0.0,93.19270669600758,98.89971707010375,0.0,0.0,96.04621188305566,98.89971707010375,0.0,0.0,97.47296447657969,99.74850675888085,100.0,0.0,98.71197736560826
TPK1_HUMAN_Weile_2017,zs_wt_8M,19,98.89971707010375,0.0,0.0,93.4787802577806,98.89971707010375,0.0,0.0,96.18924866394217,99.0569003458032,100.0,0.0,97.57041810751335,99.74850675888085,100.0,0.0,98.77403332285444
MLAC_ECOLI_MacRae_2023,random_search,0,98.07836286498627,0.0,0.0,89.43548789618166,98.77714000499127,0.0,0.0,94.07137509358621,99.60069877714001,100.0,0.0,96.741327676566,99.97504367357125,100.0,100.0,98.62730222111303
MLAC_ECOLI_MacRae_2023,random_walk,0,99.1514849014225,100.0,0.0,95.62116296481159,99.1514849014225,100.0,0.0,97.386323933117,99.1514849014225,100.0,0.0,98.26890441726975,99.25131020713751,100.0,0.0,98.82919890192161
MLAC_ECOLI_MacRae_2023,greedy_local,0,96.30646368854505,0.0,0.0,89.30621412528075,96.30646368854505,0.0,0.0,92.80633890691288,99.1514849014225,100.0,0.0,95.97891190416769,99.92513102071375,100.0,100.0,98.19036685799848
MLAC_ECOLI_MacRae_2023,regevo,0,99.8502620414275,100.0,0.0,93.50037434489644,99.8502620414275,100.0,0.0,96.67531819316197,99.900174694285,100.0,100.0,98.2810082355877,99.900174694285,100.0,100.0,99.25250811080608
MLAC_ECOLI_MacRae_2023,gpbo_ei,0,98.42775143498876,0.0,0.0,95.38158223109556,98.42775143498876,0.0,0.0,96.90466683304216,99.72548040928375,100.0,0.0,98.07836286498626,99.72548040928375,100.0,0.0,99.06663339156475
MLAC_ECOLI_MacRae_2023,adalead_graph,0,99.101572248565,100.0,0.0,91.03319191415027,99.101572248565,100.0,0.0,95.06738208135761,99.57574245071126,100.0,0.0,97.26466184177688,99.900174694285,100.0,100.0,98.81911654604441
MLAC_ECOLI_MacRae_2023,fly,0,98.52757674070376,0.0,0.0,87.0042425754929,99.82530571499875,100.0,0.0,93.0124781632144,99.82530571499875,100.0,0.0,96.41889193910654,99.82530571499875,100.0,0.0,98.46274020464186
MLAC_ECOLI_MacRae_2023,fly_memory,0,99.1514849014225,100.0,0.0,87.56825555278265,99.1514849014225,100.0,0.0,93.35987022710253,99.1514849014225,100.0,0.0,96.25567756426251,99.1514849014225,100.0,0.0,97.9931619665585
MLAC_ECOLI_MacRae_2023,fly_best_tested,0,98.40279510856001,0.0,0.0,94.82505615173444,98.47766408784626,0.0,0.0,96.61692038931865,98.47766408784626,0.0,0.0,97.54729223858244,99.72548040928375,100.0,0.0,98.81427501871724
MLAC_ECOLI_MacRae_2023,zs_mm_150M,0,96.20663838283005,0.0,0.0,88.682305964562,98.65235837284752,0.0,0.0,93.64287496880458,98.65235837284752,0.0,0.0,96.14761667082607,99.92513102071375,100.0,100.0,98.20718742201149
MLAC_ECOLI_MacRae_2023,zs_wt_150M,0,96.20663838283005,0.0,0.0,88.79460943349139,98.65235837284752,0.0,0.0,93.01422510606437,98.65235837284752,0.0,0.0,95.83329173945596,99.8502620414275,100.0,0.0,98.01108060893438
MLAC_ECOLI_MacRae_2023,zs_wt_650M,0,97.42949837783878,0.0,0.0,94.5710007486898,97.95358123284252,0.0,0.0,96.08410282006489,99.55078612428251,100.0,0.0,97.58584976291488,99.8502620414275,100.0,0.0,98.87501871724479
MLAC_ECOLI_MacRae_2023,zs_mm_8M,0,99.62565510356876,100.0,0.0,98.36336411280259,99.62565510356876,100.0,0.0,98.99450960818571,99.80034938857,100.0,0.0,99.36860494135264,99.92513102071375,100.0,100.0,99.70102320938356
MLAC_ECOLI_MacRae_2023,zs_wt_8M,0,99.62565510356876,100.0,0.0,98.20014973795857,99.80034938857,100.0,0.0,98.96705764911403,99.92513102071375,100.0,100.0,99.41427501871723,99.92513102071375,100.0,100.0,99.72078861991511
MLAC_ECOLI_MacRae_2023,random_search,1,99.42600449213876,100.0,0.0,89.03269278762164,99.42600449213876,100.0,0.0,94.22934863988023,99.42600449213876,100.0,0.0,96.82767656600949,99.700524082855,100.0,0.0,98.44352383329175
MLAC_ECOLI_MacRae_2023,random_walk,1,99.25131020713751,100.0,0.0,93.37459445969552,99.25131020713751,100.0,0.0,96.3129523334165,99.62565510356876,100.0,0.0,97.81582231095582,99.62565510356876,100.0,0.0,98.90172198652358
MLAC_ECOLI_MacRae_2023,greedy_local,1,94.11030696281507,0.0,0.0,66.85550286997754,99.30122285999501,100.0,0.0,82.87072622909908,99.30122285999501,100.0,0.0,91.08597454454706,99.87521836785625,100.0,0.0,96.17928624906416
MLAC_ECOLI_MacRae_2023,regevo,1,98.92687796356377,0.0,0.0,95.03718492637883,98.92687796356377,0.0,0.0,96.98203144497133,99.60069877714001,100.0,0.0,98.17669079111556,99.900174694285,100.0,100.0,99.20898427751433
MLAC_ECOLI_MacRae_2023,gpbo_ei,1,96.3314200149738,0.0,0.0,92.22211130521586,96.75567756426254,0.0,0.0,94.36585974544545,99.92513102071375,100.0,100.0,96.50985774893935,99.92513102071375,100.0,100.0,98.55902171200397
MLAC_ECOLI_MacRae_2023,adalead_graph,1,97.85375592712752,0.0,0.0,92.9877714000499,97.92862490641377,0.0,0.0,95.42800099825303,98.87696531070627,0.0,0.0,97.02121287746442,99.82530571499875,100.0,0.0,98.6236086848016
MLAC_ECOLI_MacRae_2023,fly,1,96.60593960569004,0.0,0.0,89.31969054155226,96.70576491140504,0.0,0.0,92.97978537559273,99.25131020713751,100.0,0.0,95.97304716745695,99.25131020713751,100.0,0.0,97.94000499126528
MLAC_ECOLI_MacRae_2023,fly_memory,1,98.52757674070376,0.0,0.0,93.17793860743699,99.62565510356876,100.0,0.0,96.06139256301476,99.62565510356876,100.0,0.0,97.84352383329174,99.92513102071375,100.0,100.0,98.91879211380085
MLAC_ECOLI_MacRae_2023,fly_best_tested,1,97.57923633641128,0.0,0.0,85.96106813077117,99.62565510356876,100.0,0.0,92.15897179935118,99.62565510356876,100.0,0.0,95.89231345145996,99.8502620414275,100.0,0.0,98.26259046668329
MLAC_ECOLI_MacRae_2023,zs_mm_150M,1,96.20663838283005,0.0,0.0,88.682305964562,98.65235837284752,0.0,0.0,93.64287496880458,98.65235837284752,0.0,0.0,96.14761667082607,99.92513102071375,100.0,100.0,98.20718742201149
MLAC_ECOLI_MacRae_2023,zs_wt_150M,1,96.20663838283005,0.0,0.0,88.79460943349139,98.65235837284752,0.0,0.0,93.01422510606437,98.65235837284752,0.0,0.0,95.83329173945596,99.8502620414275,100.0,0.0,98.01108060893438
MLAC_ECOLI_MacRae_2023,zs_wt_650M,1,97.42949837783878,0.0,0.0,94.5710007486898,97.95358123284252,0.0,0.0,96.08410282006489,99.55078612428251,100.0,0.0,97.58584976291488,99.8502620414275,100.0,0.0,98.87501871724479
MLAC_ECOLI_MacRae_2023,zs_mm_8M,1,99.62565510356876,100.0,0.0,98.36336411280259,99.62565510356876,100.0,0.0,98.99450960818571,99.80034938857,100.0,0.0,99.36860494135264,99.92513102071375,100.0,100.0,99.70102320938356
MLAC_ECOLI_MacRae_2023,zs_wt_8M,1,99.62565510356876,100.0,0.0,98.20014973795857,99.80034938857,100.0,0.0,98.96705764911403,99.92513102071375,100.0,100.0,99.41427501871723,99.92513102071375,100.0,100.0,99.72078861991511
MLAC_ECOLI_MacRae_2023,random_search,2,99.37609183928126,100.0,0.0,93.34614424756674,99.37609183928126,100.0,0.0,96.36111804342403,99.37609183928126,100.0,0.0,97.86860494135264,99.87521836785625,100.0,0.0,98.98173196905418
MLAC_ECOLI_MacRae_2023,random_walk,2,99.25131020713751,100.0,0.0,96.28849513351632,99.25131020713751,100.0,0.0,97.76990267032691,99.25131020713751,100.0,0.0,98.51060643873221,99.55078612428251,100.0,0.0,98.98018467681557
MLAC_ECOLI_MacRae_2023,greedy_local,2,98.82705265784877,0.0,0.0,96.63788370351885,98.82705265784877,0.0,0.0,97.73246818068381,98.85200898427752,0.0,0.0,98.28337908659847,99.92513102071375,100.0,100.0,99.22550536561016
MLAC_ECOLI_MacRae_2023,regevo,2,99.57574245071126,100.0,0.0,93.66758173196904,99.900174694285,100.0,100.0,96.71699525829797,99.900174694285,100.0,100.0,98.30858497629147,99.900174694285,100.0,100.0,99.26353880708758
MLAC_ECOLI_MacRae_2023,gpbo_ei,2,99.92513102071375,100.0,100.0,98.00299475917146,99.92513102071375,100.0,100.0,98.96406288994261,99.92513102071375,100.0,100.0,99.44459695532817,99.92513102071375,100.0,100.0,99.7329173945595
MLAC_ECOLI_MacRae_2023,adalead_graph,2,99.87521836785625,100.0,0.0,93.11504866483652,99.87521836785625,100.0,0.0,96.49513351634643,99.900174694285,100.0,100.0,98.18629897679062,99.900174694285,100.0,100.0,99.21462440728723
MLAC_ECOLI_MacRae_2023,fly,2,97.45445470426753,0.0,0.0,87.54379835288248,99.101572248565,100.0,0.0,93.25680059895183,99.1514849014225,100.0,0.0,96.20289493386574,99.62565510356876,100.0,0.0,98.19855253306713
MLAC_ECOLI_MacRae_2023,fly_memory,2,98.42775143498876,0.0,0.0,91.92163713501374,98.42775143498876,0.0,0.0,95.17469428500124,98.85200898427752,0.0,0.0,96.8750935862241,100.0,100.0,100.0,98.70870975792363
MLAC_ECOLI_MacRae_2023,fly_best_tested,2,98.47766408784626,0.0,0.0,94.51559770401796,99.900174694285,100.0,100.0,96.89368604941352,99.900174694285,100.0,100.0,98.39693037184925,99.9500873471425,100.0,100.0,99.31395058647365
MLAC_ECOLI_MacRae_2023,zs_mm_150M,2,96.20663838283005,0.0,0.0,88.682305964562,98.65235837284752,0.0,0.0,93.64287496880458,98.65235837284752,0.0,0.0,96.14761667082607,99.92513102071375,100.0,100.0,98.20718742201149
MLAC_ECOLI_MacRae_2023,zs_wt_150M,2,96.20663838283005,0.0,0.0,88.79460943349139,98.65235837284752,0.0,0.0,93.01422510606437,98.65235837284752,0.0,0.0,95.83329173945596,99.8502620414275,100.0,0.0,98.01108060893438
MLAC_ECOLI_MacRae_2023,zs_wt_650M,2,97.42949837783878,0.0,0.0,94.5710007486898,97.95358123284252,0.0,0.0,96.08410282006489,99.55078612428251,100.0,0.0,97.58584976291488,99.8502620414275,100.0,0.0,98.87501871724479
MLAC_ECOLI_MacRae_2023,zs_mm_8M,2,99.62565510356876,100.0,0.0,98.36336411280259,99.62565510356876,100.0,0.0,98.99450960818571,99.80034938857,100.0,0.0,99.36860494135264,99.92513102071375,100.0,100.0,99.70102320938356
MLAC_ECOLI_MacRae_2023,zs_wt_8M,2,99.62565510356876,100.0,0.0,98.20014973795857,99.80034938857,100.0,0.0,98.96705764911403,99.92513102071375,100.0,100.0,99.41427501871723,99.92513102071375,100.0,100.0,99.72078861991511
MLAC_ECOLI_MacRae_2023,random_search,3,99.80034938857,100.0,0.0,97.52533067132518,99.80034938857,100.0,0.0,98.66284002994759,99.80034938857,100.0,0.0,99.23159470925879,99.80034938857,100.0,0.0,99.5728475168455
MLAC_ECOLI_MacRae_2023,random_walk,3,87.24731719490892,0.0,0.0,62.95532817569256,98.85200898427752,0.0,0.0,78.11429997504369,99.25131020713751,100.0,0.0,88.5710007486898,99.97504367357125,100.0,100.0,95.24062889942601
MLAC_ECOLI_MacRae_2023,greedy_local,3,92.88744696780634,0.0,0.0,69.61417519341153,97.37958572498128,0.0,0.0,81.73920638881957,99.55078612428251,100.0,0.0,90.46044422261042,99.97504367357125,100.0,100.0,96.05395557773896
MLAC_ECOLI_MacRae_2023,regevo,3,99.67556775642625,100.0,0.0,90.76416271524832,99.67556775642625,100.0,0.0,95.21986523583732,99.67556775642625,100.0,0.0,97.44771649613178,99.8502620414275,100.0,0.0,98.83963064636886
MLAC_ECOLI_MacRae_2023,gpbo_ei,3,99.900174694285,100.0,100.0,89.11504866483654,99.900174694285,100.0,100.0,94.50761167956074,99.900174694285,100.0,100.0,97.20389318692287,99.900174694285,100.0,100.0,98.82166209134014
MLAC_ECOLI_MacRae_2023,adalead_graph,3,99.87521836785625,100.0,0.0,91.85375592712751,99.87521836785625,100.0,0.0,95.86448714749193,99.87521836785625,100.0,0.0,97.86985275767407,99.87521836785625,100.0,0.0,99.07307212378338
MLAC_ECOLI_MacRae_2023,fly,3,87.24731719490892,0.0,0.0,73.21736960319443,98.52757674070376,0.0,0.0,84.4132767656601,98.80209633142002,0.0,0.0,91.52807586723235,99.65061142999751,100.0,0.0,96.218567506863
MLAC_ECOLI_MacRae_2023,fly_memory,3,92.96231594709259,0.0,0.0,64.69378587471924,97.55428000998253,0.0,0.0,79.20638881956579,99.25131020713751,100.0,0.0,89.10157224856502,99.25131020713751,100.0,0.0,95.19141502370852
MLAC_ECOLI_MacRae_2023,fly_best_tested,3,95.60768654854006,0.0,0.0,67.19440978287997,99.25131020713751,100.0,0.0,83.07711504866484,99.25131020713751,100.0,0.0,91.16421262790118,100.0,100.0,100.0,96.35188420264538
MLAC_ECOLI_MacRae_2023,zs_mm_150M,3,96.20663838283005,0.0,0.0,88.682305964562,98.65235837284752,0.0,0.0,93.64287496880458,98.65235837284752,0.0,0.0,96.14761667082607,99.92513102071375,100.0,100.0,98.20718742201149
MLAC_ECOLI_MacRae_2023,zs_wt_150M,3,96.20663838283005,0.0,0.0,88.79460943349139,98.65235837284752,0.0,0.0,93.01422510606437,98.65235837284752,0.0,0.0,95.83329173945596,99.8502620414275,100.0,0.0,98.01108060893438
MLAC_ECOLI_MacRae_2023,zs_wt_650M,3,97.42949837783878,0.0,0.0,94.5710007486898,97.95358123284252,0.0,0.0,96.08410282006489,99.55078612428251,100.0,0.0,97.58584976291488,99.8502620414275,100.0,0.0,98.87501871724479
MLAC_ECOLI_MacRae_2023,zs_mm_8M,3,99.62565510356876,100.0,0.0,98.36336411280259,99.62565510356876,100.0,0.0,98.99450960818571,99.80034938857,100.0,0.0,99.36860494135264,99.92513102071375,100.0,100.0,99.70102320938356
MLAC_ECOLI_MacRae_2023,zs_wt_8M,3,99.62565510356876,100.0,0.0,98.20014973795857,99.80034938857,100.0,0.0,98.96705764911403,99.92513102071375,100.0,100.0,99.41427501871723,99.92513102071375,100.0,100.0,99.72078861991511
MLAC_ECOLI_MacRae_2023,random_search,4,99.52582979785376,100.0,0.0,92.50711255303219,99.80034938857,100.0,0.0,96.1152982281008,99.80034938857,100.0,0.0,97.95782380833539,99.97504367357125,100.0,100.0,99.10491639630645
MLAC_ECOLI_MacRae_2023,random_walk,4,90.94085350636387,0.0,0.0,88.7466932867482,90.94085350636387,0.0,0.0,89.84377339655599,99.9500873471425,100.0,100.0,93.38233092088845,99.9500873471425,100.0,100.0,97.32298477664087
MLAC_ECOLI_MacRae_2023,greedy_local,4,98.80209633142002,0.0,0.0,88.45270776141751,99.8502620414275,100.0,0.0,93.77140004991263,99.8502620414275,100.0,0.0,96.81083104567006,99.8502620414275,100.0,0.0,98.63448964312451
MLAC_ECOLI_MacRae_2023,regevo,4,99.60069877714001,100.0,0.0,92.55902171200398,99.60069877714001,100.0,0.0,96.07986024457199,99.60069877714001,100.0,0.0,97.84027951085602,99.60069877714001,100.0,0.0,98.8965310706264
MLAC_ECOLI_MacRae_2023,gpbo_ei,4,99.57574245071126,100.0,0.0,88.8060893436486,99.57574245071126,100.0,0.0,94.19091589717995,99.57574245071126,100.0,0.0,96.88332917394558,99.92513102071375,100.0,100.0,98.62385824806587
MLAC_ECOLI_MacRae_2023,adalead_graph,4,98.40279510856001,0.0,0.0,90.5705016221612,98.40279510856001,0.0,0.0,94.48664836536064,98.87696531070627,0.0,0.0,96.44946343898177,99.900174694285,100.0,100.0,98.43773396556024
MLAC_ECOLI_MacRae_2023,fly,4,98.80209633142002,0.0,0.0,90.88545046169203,98.80209633142002,0.0,0.0,94.84377339655599,98.80209633142002,0.0,0.0,96.82293486398801,99.62565510356876,100.0,0.0,98.20314449713001
MLAC_ECOLI_MacRae_2023,fly_memory,4,97.85375592712752,0.0,0.0,90.44072872473171,97.85375592712752,0.0,0.0,94.14724232592964,99.101572248565,100.0,0.0,96.55952083853255,99.62565510356876,100.0,0.0,98.25680059895181
MLAC_ECOLI_MacRae_2023,fly_best_tested,4,96.30646368854505,0.0,0.0,84.1791864237584,97.65410531569754,0.0,0.0,90.26977788869478,99.57574245071126,100.0,0.0,94.91315198402793,100.0,100.0,100.0,97.84731719490891
MLAC_ECOLI_MacRae_2023,zs_mm_150M,4,96.20663838283005,0.0,0.0,88.682305964562,98.65235837284752,0.0,0.0,93.64287496880458,98.65235837284752,0.0,0.0,96.14761667082607,99.92513102071375,100.0,100.0,98.20718742201149
MLAC_ECOLI_MacRae_2023,zs_wt_150M,4,96.20663838283005,0.0,0.0,88.79460943349139,98.65235837284752,0.0,0.0,93.01422510606437,98.65235837284752,0.0,0.0,95.83329173945596,99.8502620414275,100.0,0.0,98.01108060893438
MLAC_ECOLI_MacRae_2023,zs_wt_650M,4,97.42949837783878,0.0,0.0,94.5710007486898,97.95358123284252,0.0,0.0,96.08410282006489,99.55078612428251,100.0,0.0,97.58584976291488,99.8502620414275,100.0,0.0,98.87501871724479
MLAC_ECOLI_MacRae_2023,zs_mm_8M,4,99.62565510356876,100.0,0.0,98.36336411280259,99.62565510356876,100.0,0.0,98.99450960818571,99.80034938857,100.0,0.0,99.36860494135264,99.92513102071375,100.0,100.0,99.70102320938356
MLAC_ECOLI_MacRae_2023,zs_wt_8M,4,99.62565510356876,100.0,0.0,98.20014973795857,99.80034938857,100.0,0.0,98.96705764911403,99.92513102071375,100.0,100.0,99.41427501871723,99.92513102071375,100.0,100.0,99.72078861991511
MLAC_ECOLI_MacRae_2023,random_search,5,97.0301971549788,0.0,0.0,91.82879960069879,99.47591714499626,100.0,0.0,95.35887197404546,99.87521836785625,100.0,0.0,97.48527576740703,99.900174694285,100.0,100.0,98.92697778886946
MLAC_ECOLI_MacRae_2023,random_walk,5,92.83753431494884,0.0,0.0,89.23334165210879,99.62565510356876,100.0,0.0,94.32468180683806,99.62565510356876,100.0,0.0,96.97516845520339,99.62565510356876,100.0,0.0,98.56546044422261
MLAC_ECOLI_MacRae_2023,greedy_local,5,96.60593960569004,0.0,0.0,93.18991764412276,98.87696531070627,0.0,0.0,94.94334913900676,99.20139755428,100.0,0.0,96.98153231844273,99.72548040928375,100.0,0.0,98.54824057898676
MLAC_ECOLI_MacRae_2023,regevo,5,98.55253306713252,0.0,0.0,97.60069877714002,99.72548040928375,100.0,0.0,98.33466433740959,99.72548040928375,100.0,0.0,99.03007237334667,99.72548040928375,100.0,0.0,99.44731719490892
MLAC_ECOLI_MacRae_2023,gpbo_ei,5,99.57574245071126,100.0,0.0,96.47317194908908,99.57574245071126,100.0,0.0,98.02445719990018,99.57574245071126,100.0,0.0,98.8000998253057,99.72548040928375,100.0,0.0,99.33885700024956
MLAC_ECOLI_MacRae_2023,adalead_graph,5,99.101572248565,100.0,0.0,96.3239331170452,99.72548040928375,100.0,0.0,97.84377339655606,99.72548040928375,100.0,0.0,98.78462690291988,99.92513102071375,100.0,100.0,99.46653356625902
MLAC_ECOLI_MacRae_2023,fly,5,99.25131020713751,100.0,0.0,96.62740204641875,99.25131020713751,100.0,0.0,97.93935612677811,99.62565510356876,100.0,0.0,98.73196905415523,99.62565510356876,100.0,0.0,99.26818068380334
MLAC_ECOLI_MacRae_2023,fly_memory,5,98.25305714998753,0.0,0.0,96.35737459445969,99.1514849014225,100.0,0.0,97.42201147991014,99.62565510356876,100.0,0.0,98.40291989019217,99.900174694285,100.0,100.0,99.28699775393059
MLAC_ECOLI_MacRae_2023,fly_best_tested,5,98.25305714998753,0.0,0.0,96.33990516595958,98.25305714998753,0.0,0.0,97.29648115797357,99.72548040928375,100.0,0.0,98.29161467431993,99.72548040928375,100.0,0.0,99.15193411529822
MLAC_ECOLI_MacRae_2023,zs_mm_150M,5,96.20663838283005,0.0,0.0,88.682305964562,98.65235837284752,0.0,0.0,93.64287496880458,98.65235837284752,0.0,0.0,96.14761667082607,99.92513102071375,100.0,100.0,98.20718742201149
MLAC_ECOLI_MacRae_2023,zs_wt_150M,5,96.20663838283005,0.0,0.0,88.79460943349139,98.65235837284752,0.0,0.0,93.01422510606437,98.65235837284752,0.0,0.0,95.83329173945596,99.8502620414275,100.0,0.0,98.01108060893438
MLAC_ECOLI_MacRae_2023,zs_wt_650M,5,97.42949837783878,0.0,0.0,94.5710007486898,97.95358123284252,0.0,0.0,96.08410282006489,99.55078612428251,100.0,0.0,97.58584976291488,99.8502620414275,100.0,0.0,98.87501871724479
MLAC_ECOLI_MacRae_2023,zs_mm_8M,5,99.62565510356876,100.0,0.0,98.36336411280259,99.62565510356876,100.0,0.0,98.99450960818571,99.80034938857,100.0,0.0,99.36860494135264,99.92513102071375,100.0,100.0,99.70102320938356
MLAC_ECOLI_MacRae_2023,zs_wt_8M,5,99.62565510356876,100.0,0.0,98.20014973795857,99.80034938857,100.0,0.0,98.96705764911403,99.92513102071375,100.0,100.0,99.41427501871723,99.92513102071375,100.0,100.0,99.72078861991511
MLAC_ECOLI_MacRae_2023,random_search,6,96.3813326678313,0.0,0.0,88.70027451959069,96.3813326678313,0.0,0.0,92.54080359371102,99.9500873471425,100.0,100.0,95.44085350636385,99.9500873471425,100.0,100.0,98.14639381083104
MLAC_ECOLI_MacRae_2023,random_walk,6,96.83054654354879,0.0,0.0,94.42625405540304,99.25131020713751,100.0,0.0,96.23359121537307,99.62565510356876,100.0,0.0,97.89967556775642,100.0,100.0,100.0,99.08949338657351
MLAC_ECOLI_MacRae_2023,greedy_local,6,98.87696531070627,0.0,0.0,91.27277264786625,98.87696531070627,0.0,0.0,95.07486897928625,98.87696531070627,0.0,0.0,96.97591714499626,100.0,100.0,100.0,98.7544297479411
MLAC_ECOLI_MacRae_2023,regevo,6,98.82705265784877,0.0,0.0,92.58647367107564,99.25131020713751,100.0,0.0,95.90616421262789,99.82530571499875,100.0,0.0,97.59882705265784,99.92513102071375,100.0,100.0,98.97983528824555
MLAC_ECOLI_MacRae_2023,gpbo_ei,6,97.42949837783878,0.0,0.0,93.4614424756676,98.07836286498627,0.0,0.0,95.59470925879708,99.72548040928375,100.0,0.0,97.61068130771149,99.80034938857,100.0,0.0,98.88240578986775
MLAC_ECOLI_MacRae_2023,adalead_graph,6,98.47766408784626,0.0,0.0,96.21462440728723,99.60069877714001,100.0,0.0,97.64936361367607,99.67556775642625,100.0,0.0,98.64636885450463,99.67556775642625,100.0,0.0,99.26388819565761
MLAC_ECOLI_MacRae_2023,fly,6,97.95358123284252,0.0,0.0,96.83254304966307,97.95358123284252,0.0,0.0,97.39306214125283,99.62565510356876,100.0,0.0,98.23346643374094,99.92513102071375,100.0,100.0,99.1956575992014
MLAC_ECOLI_MacRae_2023,fly_memory,6,96.95532817569254,0.0,0.0,83.68555028699775,97.13002246069378,0.0,0.0,90.39031694534562,99.900174694285,100.0,100.0,94.57062640379336,99.900174694285,100.0,100.0,97.76835537808833
MLAC_ECOLI_MacRae_2023,fly_best_tested,6,92.88744696780634,0.0,0.0,87.15697529323684,99.1514849014225,100.0,0.0,92.62939855253302,99.67556775642625,100.0,0.0,95.9638133266783,99.67556775642625,100.0,0.0,98.19086598452708
MLAC_ECOLI_MacRae_2023,zs_mm_150M,6,96.20663838283005,0.0,0.0,88.682305964562,98.65235837284752,0.0,0.0,93.64287496880458,98.65235837284752,0.0,0.0,96.14761667082607,99.92513102071375,100.0,100.0,98.20718742201149
MLAC_ECOLI_MacRae_2023,zs_wt_150M,6,96.20663838283005,0.0,0.0,88.79460943349139,98.65235837284752,0.0,0.0,93.01422510606437,98.65235837284752,0.0,0.0,95.83329173945596,99.8502620414275,100.0,0.0,98.01108060893438
MLAC_ECOLI_MacRae_2023,zs_wt_650M,6,97.42949837783878,0.0,0.0,94.5710007486898,97.95358123284252,0.0,0.0,96.08410282006489,99.55078612428251,100.0,0.0,97.58584976291488,99.8502620414275,100.0,0.0,98.87501871724479
MLAC_ECOLI_MacRae_2023,zs_mm_8M,6,99.62565510356876,100.0,0.0,98.36336411280259,99.62565510356876,100.0,0.0,98.99450960818571,99.80034938857,100.0,0.0,99.36860494135264,99.92513102071375,100.0,100.0,99.70102320938356
MLAC_ECOLI_MacRae_2023,zs_wt_8M,6,99.62565510356876,100.0,0.0,98.20014973795857,99.80034938857,100.0,0.0,98.96705764911403,99.92513102071375,100.0,100.0,99.41427501871723,99.92513102071375,100.0,100.0,99.72078861991511
MLAC_ECOLI_MacRae_2023,random_search,7,96.3314200149738,0.0,0.0,88.842026453706,98.95183428999252,0.0,0.0,92.743948090841,98.95183428999252,0.0,0.0,95.84789119041677,99.17644122785126,100.0,0.0,97.77224856501125
MLAC_ECOLI_MacRae_2023,random_walk,7,98.47766408784626,0.0,0.0,91.53980534065386,99.27626653356626,100.0,0.0,95.32418268030948,99.62565510356876,100.0,0.0,97.46269029198902,99.82530571499875,100.0,0.0,98.83194409782881
MLAC_ECOLI_MacRae_2023,greedy_local,7,98.32792612927378,0.0,0.0,94.30396805590219,98.32792612927378,0.0,0.0,96.31594709258798,99.42600449213876,100.0,0.0,97.6129273770901,99.65061142999751,100.0,0.0,98.74704267531821
MLAC_ECOLI_MacRae_2023,regevo,7,99.25131020713751,100.0,0.0,90.32343399051659,99.25131020713751,100.0,0.0,94.78737209882703,99.67556775642625,100.0,0.0,97.09321187921138,99.8502620414275,100.0,0.0,98.68979286249066
MLAC_ECOLI_MacRae_2023,gpbo_ei,7,99.72548040928375,100.0,0.0,93.16046917893684,99.72548040928375,100.0,0.0,96.44297479411033,99.72548040928375,100.0,0.0,98.08422760169702,99.72548040928375,100.0,0.0,99.06897928624906
MLAC_ECOLI_MacRae_2023,adalead_graph,7,99.57574245071126,100.0,0.0,94.49213875717491,99.57574245071126,100.0,0.0,97.03394060394312,99.8502620414275,100.0,0.0,98.42288495133515,99.8502620414275,100.0,0.0,99.27931120539056
MLAC_ECOLI_MacRae_2023,fly,7,99.27626653356626,100.0,0.0,90.77065136011977,99.60069877714001,100.0,0.0,95.12078861991515,99.60069877714001,100.0,0.0,97.36074369852759,99.900174694285,100.0,100.0,98.76521088095834
MLAC_ECOLI_MacRae_2023,fly_memory,7,98.32792612927378,0.0,0.0,97.21637135013727,98.32792612927378,0.0,0.0,97.77214873970551,99.101572248565,100.0,0.0,98.07711504866484,99.8502620414275,100.0,0.0,98.75248315447965
MLAC_ECOLI_MacRae_2023,fly_best_tested,7,98.32792612927378,0.0,0.0,97.65210880958324,98.32792612927378,0.0,0.0,97.99001746942851,99.101572248565,100.0,0.0,98.1976541053157,99.7504367357125,100.0,0.0,98.94649363613675
MLAC_ECOLI_MacRae_2023,zs_mm_150M,7,96.20663838283005,0.0,0.0,88.682305964562,98.65235837284752,0.0,0.0,93.64287496880458,98.65235837284752,0.0,0.0,96.14761667082607,99.92513102071375,100.0,100.0,98.20718742201149
MLAC_ECOLI_MacRae_2023,zs_wt_150M,7,96.20663838283005,0.0,0.0,88.79460943349139,98.65235837284752,0.0,0.0,93.01422510606437,98.65235837284752,0.0,0.0,95.83329173945596,99.8502620414275,100.0,0.0,98.01108060893438
MLAC_ECOLI_MacRae_2023,zs_wt_650M,7,97.42949837783878,0.0,0.0,94.5710007486898,97.95358123284252,0.0,0.0,96.08410282006489,99.55078612428251,100.0,0.0,97.58584976291488,99.8502620414275,100.0,0.0,98.87501871724479
MLAC_ECOLI_MacRae_2023,zs_mm_8M,7,99.62565510356876,100.0,0.0,98.36336411280259,99.62565510356876,100.0,0.0,98.99450960818571,99.80034938857,100.0,0.0,99.36860494135264,99.92513102071375,100.0,100.0,99.70102320938356
MLAC_ECOLI_MacRae_2023,zs_wt_8M,7,99.62565510356876,100.0,0.0,98.20014973795857,99.80034938857,100.0,0.0,98.96705764911403,99.92513102071375,100.0,100.0,99.41427501871723,99.92513102071375,100.0,100.0,99.72078861991511
MLAC_ECOLI_MacRae_2023,random_search,8,100.0,100.0,100.0,90.51360119790367,100.0,100.0,100.0,95.25680059895186,100.0,100.0,100.0,97.62840029947593,100.0,100.0,100.0,99.05136011979036
MLAC_ECOLI_MacRae_2023,random_walk,8,96.90541552283504,0.0,0.0,92.23658597454454,96.90541552283504,0.0,0.0,94.5710007486898,97.95358123284252,0.0,0.0,95.9740454205141,99.900174694285,100.0,100.0,97.982830047417
MLAC_ECOLI_MacRae_2023,greedy_local,8,96.20663838283005,0.0,0.0,91.85325680059896,98.47766408784626,0.0,0.0,94.7566758173197,98.47766408784626,0.0,0.0,96.61716995258298,99.82530571499875,100.0,0.0,98.11140504117795
MLAC_ECOLI_MacRae_2023,regevo,8,98.65235837284752,0.0,0.0,96.36785625155979,98.65235837284752,0.0,0.0,97.5101073122036,99.87521836785625,100.0,0.0,98.68043424007985,99.87521836785625,100.0,0.0,99.39730471674568
MLAC_ECOLI_MacRae_2023,gpbo_ei,8,98.35288245570253,0.0,0.0,90.39281257798852,98.35288245570253,0.0,0.0,94.37284751684558,98.35288245570253,0.0,0.0,96.36286498627403,99.67556775642625,100.0,0.0,98.05046169203894
MLAC_ECOLI_MacRae_2023,adalead_graph,8,98.50262041427501,0.0,0.0,89.10257050162218,99.82530571499875,100.0,0.0,93.98777140004994,99.82530571499875,100.0,0.0,96.90653855752433,99.8502620414275,100.0,0.0,98.66194160219614
MLAC_ECOLI_MacRae_2023,fly,8,99.60069877714001,100.0,0.0,84.4851509857749,99.60069877714001,100.0,0.0,92.04292488145745,99.62565510356876,100.0,0.0,95.82630396805591,99.62565510356876,100.0,0.0,98.10591464936361
MLAC_ECOLI_MacRae_2023,fly_memory,8,99.101572248565,100.0,0.0,92.02994759171452,99.101572248565,100.0,0.0,95.56575992013975,99.1514849014225,100.0,0.0,97.35413027202395,99.62565510356876,100.0,0.0,98.58522585475416
MLAC_ECOLI_MacRae_2023,fly_best_tested,8,97.85375592712752,0.0,0.0,90.97878712253554,98.52757674070376,0.0,0.0,94.65210880958324,99.8502620414275,100.0,0.0,97.17481906663339,99.8502620414275,100.0,0.0,98.78008485150984
MLAC_ECOLI_MacRae_2023,zs_mm_150M,8,96.20663838283005,0.0,0.0,88.682305964562,98.65235837284752,0.0,0.0,93.64287496880458,98.65235837284752,0.0,0.0,96.14761667082607,99.92513102071375,100.0,100.0,98.20718742201149
MLAC_ECOLI_MacRae_2023,zs_wt_150M,8,96.20663838283005,0.0,0.0,88.79460943349139,98.65235837284752,0.0,0.0,93.01422510606437,98.65235837284752,0.0,0.0,95.83329173945596,99.8502620414275,100.0,0.0,98.01108060893438
MLAC_ECOLI_MacRae_2023,zs_wt_650M,8,97.42949837783878,0.0,0.0,94.5710007486898,97.95358123284252,0.0,0.0,96.08410282006489,99.55078612428251,100.0,0.0,97.58584976291488,99.8502620414275,100.0,0.0,98.87501871724479
MLAC_ECOLI_MacRae_2023,zs_mm_8M,8,99.62565510356876,100.0,0.0,98.36336411280259,99.62565510356876,100.0,0.0,98.99450960818571,99.80034938857,100.0,0.0,99.36860494135264,99.92513102071375,100.0,100.0,99.70102320938356
MLAC_ECOLI_MacRae_2023,zs_wt_8M,8,99.62565510356876,100.0,0.0,98.20014973795857,99.80034938857,100.0,0.0,98.96705764911403,99.92513102071375,100.0,100.0,99.41427501871723,99.92513102071375,100.0,100.0,99.72078861991511
MLAC_ECOLI_MacRae_2023,random_search,9,99.1514849014225,100.0,0.0,91.8128275517844,99.7504367357125,100.0,0.0,95.66184177689043,99.7504367357125,100.0,0.0,97.70613925630147,99.9500873471425,100.0,100.0,99.0273521337659
MLAC_ECOLI_MacRae_2023,random_walk,9,95.80733715997005,0.0,0.0,84.66932867481908,99.17644122785126,100.0,0.0,91.82181182929872,99.27626653356626,100.0,0.0,95.50311954080358,99.35113551285251,100.0,0.0,97.80069877713998
MLAC_ECOLI_MacRae_2023,greedy_local,9,96.20663838283005,0.0,0.0,86.95482904916395,99.900174694285,100.0,100.0,92.28125779885202,99.900174694285,100.0,100.0,96.0907162465685,99.97504367357125,100.0,100.0,98.38312952333415
MLAC_ECOLI_MacRae_2023,regevo,9,97.90366857998502,0.0,0.0,87.51185425505366,99.60069877714001,100.0,0.0,93.281257798852,99.67556775642625,100.0,0.0,96.47541801846768,99.87521836785625,100.0,0.0,98.43024706763165
MLAC_ECOLI_MacRae_2023,gpbo_ei,9,86.77314699276266,0.0,0.0,83.76241577239831,97.47941103069628,0.0,0.0,90.34839031694533,99.101572248565,100.0,0.0,94.09271275268281,99.92513102071375,100.0,100.0,97.49333666084351
MLAC_ECOLI_MacRae_2023,adalead_graph,9,99.92513102071375,100.0,100.0,97.89019216371351,99.92513102071375,100.0,100.0,98.90766159221364,99.92513102071375,100.0,100.0,99.41639630646367,99.92513102071375,100.0,100.0,99.72163713501371
MLAC_ECOLI_MacRae_2023,fly,9,99.25131020713751,100.0,0.0,93.28475168455203,99.25131020713751,100.0,0.0,96.26803094584477,99.55078612428251,100.0,0.0,97.83304217619167,99.55078612428251,100.0,0.0,98.86368854504616
MLAC_ECOLI_MacRae_2023,fly_memory,9,95.08360369353632,0.0,0.0,82.66234090341901,99.25131020713751,100.0,0.0,90.95682555527824,99.25131020713751,100.0,0.0,95.10406788120788,100.0,100.0,100.0,97.99820314449714
MLAC_ECOLI_MacRae_2023,fly_best_tested,9,99.1514849014225,100.0,0.0,89.16296481157977,99.1514849014225,100.0,0.0,94.15722485650109,99.8502620414275,100.0,0.0,96.9338657349638,99.8502620414275,100.0,0.0,98.68370351884201
MLAC_ECOLI_MacRae_2023,zs_mm_150M,9,96.20663838283005,0.0,0.0,88.682305964562,98.65235837284752,0.0,0.0,93.64287496880458,98.65235837284752,0.0,0.0,96.14761667082607,99.92513102071375,100.0,100.0,98.20718742201149
MLAC_ECOLI_MacRae_2023,zs_wt_150M,9,96.20663838283005,0.0,0.0,88.79460943349139,98.65235837284752,0.0,0.0,93.01422510606437,98.65235837284752,0.0,0.0,95.83329173945596,99.8502620414275,100.0,0.0,98.01108060893438
MLAC_ECOLI_MacRae_2023,zs_wt_650M,9,97.42949837783878,0.0,0.0,94.5710007486898,97.95358123284252,0.0,0.0,96.08410282006489,99.55078612428251,100.0,0.0,97.58584976291488,99.8502620414275,100.0,0.0,98.87501871724479
MLAC_ECOLI_MacRae_2023,zs_mm_8M,9,99.62565510356876,100.0,0.0,98.36336411280259,99.62565510356876,100.0,0.0,98.99450960818571,99.80034938857,100.0,0.0,99.36860494135264,99.92513102071375,100.0,100.0,99.70102320938356
MLAC_ECOLI_MacRae_2023,zs_wt_8M,9,99.62565510356876,100.0,0.0,98.20014973795857,99.80034938857,100.0,0.0,98.96705764911403,99.92513102071375,100.0,100.0,99.41427501871723,99.92513102071375,100.0,100.0,99.72078861991511
MLAC_ECOLI_MacRae_2023,random_search,10,99.22635388070876,100.0,0.0,87.79635637634142,99.22635388070876,100.0,0.0,93.5113551285251,99.7504367357125,100.0,0.0,96.52345894684302,99.77539306214125,100.0,0.0,98.47357125031196
MLAC_ECOLI_MacRae_2023,random_walk,10,98.52757674070376,0.0,0.0,96.3154479660594,98.52757674070376,0.0,0.0,97.4215123533816,99.82530571499875,100.0,0.0,98.5650112303469,99.82530571499875,100.0,0.0,99.32118792113799
MLAC_ECOLI_MacRae_2023,greedy_local,10,99.8502620414275,100.0,0.0,98.4911405041178,99.8502620414275,100.0,0.0,99.17070127277265,99.8502620414275,100.0,0.0,99.51048165710006,99.8502620414275,100.0,0.0,99.71434988769651
MLAC_ECOLI_MacRae_2023,regevo,10,98.72722735213377,0.0,0.0,96.11779386074369,99.101572248565,100.0,0.0,97.56476166708258,99.101572248565,100.0,0.0,98.33316695782382,99.72548040928375,100.0,0.0,98.96640878462689
MLAC_ECOLI_MacRae_2023,gpbo_ei,10,98.67731469927627,0.0,0.0,95.57574245071126,98.67731469927627,0.0,0.0,97.12652857499376,98.67731469927627,0.0,0.0,97.901921637135,99.92513102071375,100.0,100.0,99.03374095333167
MLAC_ECOLI_MacRae_2023,adalead_graph,10,99.57574245071126,100.0,0.0,97.0636386323933,99.57574245071126,100.0,0.0,98.3196905415523,99.8502620414275,100.0,0.0,99.03556276516096,99.8502620414275,100.0,0.0,99.52438233092089
MLAC_ECOLI_MacRae_2023,fly,10,98.52757674070376,0.0,0.0,95.45395557773894,99.62565510356876,100.0,0.0,97.28724731719494,99.62565510356876,100.0,0.0,98.45645121038184,99.62565510356876,100.0,0.0,99.15797354629399
MLAC_ECOLI_MacRae_2023,fly_memory,10,98.32792612927378,0.0,0.0,94.34439730471675,98.32792612927378,0.0,0.0,96.33616171699526,99.57574245071126,100.0,0.0,97.93224357374595,99.8502620414275,100.0,0.0,98.91944097828798
MLAC_ECOLI_MacRae_2023,fly_best_tested,10,99.80034938857,100.0,0.0,96.89892687796353,99.80034938857,100.0,0.0,98.34963813326677,99.80034938857,100.0,0.0,99.07499376091837,99.80034938857,100.0,0.0,99.51020713750934
MLAC_ECOLI_MacRae_2023,zs_mm_150M,10,96.20663838283005,0.0,0.0,88.682305964562,98.65235837284752,0.0,0.0,93.64287496880458,98.65235837284752,0.0,0.0,96.14761667082607,99.92513102071375,100.0,100.0,98.20718742201149
MLAC_ECOLI_MacRae_2023,zs_wt_150M,10,96.20663838283005,0.0,0.0,88.79460943349139,98.65235837284752,0.0,0.0,93.01422510606437,98.65235837284752,0.0,0.0,95.83329173945596,99.8502620414275,100.0,0.0,98.01108060893438
MLAC_ECOLI_MacRae_2023,zs_wt_650M,10,97.42949837783878,0.0,0.0,94.5710007486898,97.95358123284252,0.0,0.0,96.08410282006489,99.55078612428251,100.0,0.0,97.58584976291488,99.8502620414275,100.0,0.0,98.87501871724479
MLAC_ECOLI_MacRae_2023,zs_mm_8M,10,99.62565510356876,100.0,0.0,98.36336411280259,99.62565510356876,100.0,0.0,98.99450960818571,99.80034938857,100.0,0.0,99.36860494135264,99.92513102071375,100.0,100.0,99.70102320938356
MLAC_ECOLI_MacRae_2023,zs_wt_8M,10,99.62565510356876,100.0,0.0,98.20014973795857,99.80034938857,100.0,0.0,98.96705764911403,99.92513102071375,100.0,100.0,99.41427501871723,99.92513102071375,100.0,100.0,99.72078861991511
MLAC_ECOLI_MacRae_2023,random_search,11,95.2832543049663,0.0,0.0,92.68380334414775,98.45270776141751,0.0,0.0,95.22710257050163,99.35113551285251,100.0,0.0,97.10943349139005,99.97504367357125,100.0,100.0,98.67541801846767
MLAC_ECOLI_MacRae_2023,random_walk,11,97.85375592712752,0.0,0.0,87.52632892438233,98.52757674070376,0.0,0.0,92.86523583728474,99.32617918642376,100.0,0.0,95.90404292488147,99.62565510356876,100.0,0.0,98.05914649363616
MLAC_ECOLI_MacRae_2023,greedy_local,11,98.80209633142002,0.0,0.0,93.4250062390816,98.80209633142002,0.0,0.0,96.11355128525078,99.60069877714001,100.0,0.0,97.6899176441228,99.80034938857,100.0,0.0,98.85909658098329
MLAC_ECOLI_MacRae_2023,regevo,11,99.82530571499875,100.0,0.0,94.28400299475918,99.82530571499875,100.0,0.0,97.05465435487899,99.82530571499875,100.0,0.0,98.43998003493886,99.8502620414275,100.0,0.0,99.28500124781631
MLAC_ECOLI_MacRae_2023,gpbo_ei,11,96.50611429997504,0.0,0.0,93.58173196905415,98.85200898427752,0.0,0.0,96.12503119540801,99.101572248565,100.0,0.0,97.52969802845023,99.57574245071126,100.0,0.0,98.74309957574243
MLAC_ECOLI_MacRae_2023,adalead_graph,11,94.11030696281507,0.0,0.0,88.03244322435738,99.8502620414275,100.0,0.0,93.07886199151484,99.92513102071375,100.0,100.0,96.49737958572496,99.92513102071375,100.0,100.0,98.55403044671822
MLAC_ECOLI_MacRae_2023,fly,11,95.53281756925381,0.0,0.0,93.26029448465187,95.53281756925381,0.0,0.0,94.39655602695282,99.1514849014225,100.0,0.0,95.5436735712503,99.1514849014225,100.0,0.0,97.70836036935361
MLAC_ECOLI_MacRae_2023,fly_memory,11,93.58622410781133,0.0,0.0,89.7499376091839,95.2832543049663,0.0,0.0,92.31295233341649,98.82705265784877,0.0,0.0,95.22560519091589,99.62565510356876,100.0,0.0,97.79056650860991
MLAC_ECOLI_MacRae_2023,fly_best_tested,11,98.32792612927378,0.0,0.0,93.05165959570753,98.32792612927378,0.0,0.0,95.68979286249065,99.1514849014225,100.0,0.0,97.36011979036684,100.0,100.0,100.0,98.65215872223607
MLAC_ECOLI_MacRae_2023,zs_mm_150M,11,96.20663838283005,0.0,0.0,88.682305964562,98.65235837284752,0.0,0.0,93.64287496880458,98.65235837284752,0.0,0.0,96.14761667082607,99.92513102071375,100.0,100.0,98.20718742201149
MLAC_ECOLI_MacRae_2023,zs_wt_150M,11,96.20663838283005,0.0,0.0,88.79460943349139,98.65235837284752,0.0,0.0,93.01422510606437,98.65235837284752,0.0,0.0,95.83329173945596,99.8502620414275,100.0,0.0,98.01108060893438
MLAC_ECOLI_MacRae_2023,zs_wt_650M,11,97.42949837783878,0.0,0.0,94.5710007486898,97.95358123284252,0.0,0.0,96.08410282006489,99.55078612428251,100.0,0.0,97.58584976291488,99.8502620414275,100.0,0.0,98.87501871724479
MLAC_ECOLI_MacRae_2023,zs_mm_8M,11,99.62565510356876,100.0,0.0,98.36336411280259,99.62565510356876,100.0,0.0,98.99450960818571,99.80034938857,100.0,0.0,99.36860494135264,99.92513102071375,100.0,100.0,99.70102320938356
MLAC_ECOLI_MacRae_2023,zs_wt_8M,11,99.62565510356876,100.0,0.0,98.20014973795857,99.80034938857,100.0,0.0,98.96705764911403,99.92513102071375,100.0,100.0,99.41427501871723,99.92513102071375,100.0,100.0,99.72078861991511
MLAC_ECOLI_MacRae_2023,random_search,12,97.95358123284252,0.0,0.0,93.82031444971298,99.55078612428251,100.0,0.0,96.31819316196656,99.55078612428251,100.0,0.0,97.93448964312452,99.55078612428251,100.0,0.0,98.90426753181929
MLAC_ECOLI_MacRae_2023,random_walk,12,58.297978537559274,0.0,0.0,50.66932867481907,98.25305714998753,0.0,0.0,69.62116296481157,99.27626653356626,100.0,0.0,84.22111305215873,99.7504367357125,100.0,0.0,93.50441726977789
MLAC_ECOLI_MacRae_2023,greedy_local,12,94.73421512353382,0.0,0.0,52.70127277264787,97.70401796855504,0.0,0.0,75.11355128525084,99.1514849014225,100.0,0.0,87.0818567506863,99.62565510356876,100.0,0.0,94.56800598951833
MLAC_ECOLI_MacRae_2023,regevo,12,95.25829797853756,0.0,0.0,91.33266783129523,98.35288245570253,0.0,0.0,94.53331669578242,99.72548040928375,100.0,0.0,96.90978287996008,99.72548040928375,100.0,0.0,98.59920139755428
MLAC_ECOLI_MacRae_2023,gpbo_ei,12,99.65061142999751,100.0,0.0,95.62715248315446,99.65061142999751,100.0,0.0,97.63888195657599,99.67556775642625,100.0,0.0,98.65660094834043,99.67556775642625,100.0,0.0,99.26798103319193
MLAC_ECOLI_MacRae_2023,adalead_graph,12,99.8502620414275,100.0,0.0,94.16920389318693,99.8502620414275,100.0,0.0,97.00973296730722,99.8502620414275,100.0,0.0,98.42999750436735,99.8502620414275,100.0,0.0,99.28215622660343
MLAC_ECOLI_MacRae_2023,fly,12,92.61292737709009,0.0,0.0,71.92712752682806,98.67731469927627,0.0,0.0,84.21063139505864,98.67731469927627,0.0,0.0,91.44397304716746,99.80034938857,100.0,0.0,96.27047666583478
MLAC_ECOLI_MacRae_2023,fly_memory,12,87.24731719490892,0.0,0.0,73.94609433491391,99.55078612428251,100.0,0.0,84.32018966808084,99.900174694285,100.0,100.0,92.02033940603943,99.900174694285,100.0,100.0,96.74824057898677
MLAC_ECOLI_MacRae_2023,fly_best_tested,12,90.19216371350137,0.0,0.0,58.07137509358623,98.67731469927627,0.0,0.0,78.20663838283006,98.67731469927627,0.0,0.0,88.44197654105315,99.27626653356626,100.0,0.0,94.72817569253804
MLAC_ECOLI_MacRae_2023,zs_mm_150M,12,96.20663838283005,0.0,0.0,88.682305964562,98.65235837284752,0.0,0.0,93.64287496880458,98.65235837284752,0.0,0.0,96.14761667082607,99.92513102071375,100.0,100.0,98.20718742201149
MLAC_ECOLI_MacRae_2023,zs_wt_150M,12,96.20663838283005,0.0,0.0,88.79460943349139,98.65235837284752,0.0,0.0,93.01422510606437,98.65235837284752,0.0,0.0,95.83329173945596,99.8502620414275,100.0,0.0,98.01108060893438
MLAC_ECOLI_MacRae_2023,zs_wt_650M,12,97.42949837783878,0.0,0.0,94.5710007486898,97.95358123284252,0.0,0.0,96.08410282006489,99.55078612428251,100.0,0.0,97.58584976291488,99.8502620414275,100.0,0.0,98.87501871724479
MLAC_ECOLI_MacRae_2023,zs_mm_8M,12,99.62565510356876,100.0,0.0,98.36336411280259,99.62565510356876,100.0,0.0,98.99450960818571,99.80034938857,100.0,0.0,99.36860494135264,99.92513102071375,100.0,100.0,99.70102320938356
MLAC_ECOLI_MacRae_2023,zs_wt_8M,12,99.62565510356876,100.0,0.0,98.20014973795857,99.80034938857,100.0,0.0,98.96705764911403,99.92513102071375,100.0,100.0,99.41427501871723,99.92513102071375,100.0,100.0,99.72078861991511
MLAC_ECOLI_MacRae_2023,random_search,13,99.27626653356626,100.0,0.0,94.52558023458947,99.8502620414275,100.0,0.0,97.10182181182928,99.8502620414275,100.0,0.0,98.47604192662838,99.8502620414275,100.0,0.0,99.30057399550785
MLAC_ECOLI_MacRae_2023,random_walk,13,98.40279510856001,0.0,0.0,90.12927377090091,98.40279510856001,0.0,0.0,94.26603443973049,99.17644122785126,100.0,0.0,96.43885700024956,99.17644122785126,100.0,0.0,98.08140753681057
MLAC_ECOLI_MacRae_2023,greedy_local,13,99.20139755428,100.0,0.0,93.57674070376841,99.37609183928126,100.0,0.0,96.3978038432743,99.65061142999751,100.0,0.0,97.97479411030697,99.72548040928375,100.0,0.0,98.99960069877716
MLAC_ECOLI_MacRae_2023,regevo,13,99.80034938857,100.0,0.0,96.08235587721487,99.80034938857,100.0,0.0,97.94135263289243,99.80034938857,100.0,0.0,98.8708510107312,99.900174694285,100.0,100.0,99.44991265285748
MLAC_ECOLI_MacRae_2023,gpbo_ei,13,97.90366857998502,0.0,0.0,92.38582480658846,98.40279510856001,0.0,0.0,95.33441477414526,99.92513102071375,100.0,100.0,97.31769403543797,99.92513102071375,100.0,100.0,98.88215622660341
MLAC_ECOLI_MacRae_2023,adalead_graph,13,99.35113551285251,100.0,0.0,94.86398802096329,99.35113551285251,100.0,0.0,97.10756176690789,99.57574245071126,100.0,0.0,98.31133017219865,99.900174694285,100.0,100.0,99.22810082355875
MLAC_ECOLI_MacRae_2023,fly,13,97.08010980783628,0.0,0.0,91.4873970551535,98.05340653855752,0.0,0.0,94.4397304716746,98.77714000499127,0.0,0.0,96.44160219615671,99.62565510356876,100.0,0.0,98.10596456201645
MLAC_ECOLI_MacRae_2023,fly_memory,13,94.30995757424508,0.0,0.0,90.59346144247567,94.30995757424508,0.0,0.0,92.4517095083604,99.101572248565,100.0,0.0,94.65385575243326,99.32617918642376,100.0,0.0,97.39915148490142
MLAC_ECOLI_MacRae_2023,fly_best_tested,13,98.62740204641877,0.0,0.0,95.9940104816571,99.9500873471425,100.0,100.0,97.62815073621161,99.9500873471425,100.0,100.0,98.78911904167704,99.9500873471425,100.0,100.0,99.48570002495632
MLAC_ECOLI_MacRae_2023,zs_mm_150M,13,96.20663838283005,0.0,0.0,88.682305964562,98.65235837284752,0.0,0.0,93.64287496880458,98.65235837284752,0.0,0.0,96.14761667082607,99.92513102071375,100.0,100.0,98.20718742201149
MLAC_ECOLI_MacRae_2023,zs_wt_150M,13,96.20663838283005,0.0,0.0,88.79460943349139,98.65235837284752,0.0,0.0,93.01422510606437,98.65235837284752,0.0,0.0,95.83329173945596,99.8502620414275,100.0,0.0,98.01108060893438
MLAC_ECOLI_MacRae_2023,zs_wt_650M,13,97.42949837783878,0.0,0.0,94.5710007486898,97.95358123284252,0.0,0.0,96.08410282006489,99.55078612428251,100.0,0.0,97.58584976291488,99.8502620414275,100.0,0.0,98.87501871724479
MLAC_ECOLI_MacRae_2023,zs_mm_8M,13,99.62565510356876,100.0,0.0,98.36336411280259,99.62565510356876,100.0,0.0,98.99450960818571,99.80034938857,100.0,0.0,99.36860494135264,99.92513102071375,100.0,100.0,99.70102320938356
MLAC_ECOLI_MacRae_2023,zs_wt_8M,13,99.62565510356876,100.0,0.0,98.20014973795857,99.80034938857,100.0,0.0,98.96705764911403,99.92513102071375,100.0,100.0,99.41427501871723,99.92513102071375,100.0,100.0,99.72078861991511
MLAC_ECOLI_MacRae_2023,random_search,14,96.78063389069129,0.0,0.0,92.27801347641628,97.55428000998253,0.0,0.0,94.54554529573248,99.02670326927876,100.0,0.0,96.22148739705516,99.80034938857,100.0,0.0,98.29708010980782
MLAC_ECOLI_MacRae_2023,random_walk,14,98.85200898427752,0.0,0.0,98.83204392313452,98.85200898427752,0.0,0.0,98.84202645370598,99.72548040928375,100.0,0.0,99.08522585475417,99.900174694285,100.0,100.0,99.55907162465684
MLAC_ECOLI_MacRae_2023,greedy_local,14,99.700524082855,100.0,0.0,99.23833291739454,99.700524082855,100.0,0.0,99.46942850012479,99.900174694285,100.0,100.0,99.678812078862,99.900174694285,100.0,100.0,99.81162964811578
MLAC_ECOLI_MacRae_2023,regevo,14,99.52582979785376,100.0,0.0,98.77514349887697,99.92513102071375,100.0,100.0,99.32617918642376,99.92513102071375,100.0,100.0,99.62565510356872,99.92513102071375,100.0,100.0,99.80534065385572
MLAC_ECOLI_MacRae_2023,gpbo_ei,14,98.72722735213377,0.0,0.0,98.72722735213378,98.72722735213377,0.0,0.0,98.72722735213378,99.92513102071375,100.0,100.0,99.05066134265034,99.92513102071375,100.0,100.0,99.57534314948838
MLAC_ECOLI_MacRae_2023,adalead_graph,14,98.72722735213377,0.0,0.0,98.72722735213378,99.92513102071375,100.0,100.0,99.254304966309,99.92513102071375,100.0,100.0,99.58971799351133,99.92513102071375,100.0,100.0,99.79096580983277
MLAC_ECOLI_MacRae_2023,fly,14,98.85200898427752,0.0,0.0,98.78961816820565,98.85200898427752,0.0,0.0,98.82081357624156,98.85200898427752,0.0,0.0,98.83641128025957,100.0,100.0,100.0,99.11619665585226
MLAC_ECOLI_MacRae_2023,fly_memory,14,98.85200898427752,0.0,0.0,98.83703518842027,99.62565510356876,100.0,0.0,99.0766159221363,99.62565510356876,100.0,0.0,99.35113551285252,99.900174694285,100.0,100.0,99.58008485150987
MLAC_ECOLI_MacRae_2023,fly_best_tested,14,98.85200898427752,0.0,0.0,98.81707012727726,99.1514849014225,100.0,0.0,98.83753431494883,99.1514849014225,100.0,0.0,98.99450960818567,99.62565510356876,100.0,0.0,99.36211629648116
MLAC_ECOLI_MacRae_2023,zs_mm_150M,14,96.20663838283005,0.0,0.0,88.682305964562,98.65235837284752,0.0,0.0,93.64287496880458,98.65235837284752,0.0,0.0,96.14761667082607,99.92513102071375,100.0,100.0,98.20718742201149
MLAC_ECOLI_MacRae_2023,zs_wt_150M,14,96.20663838283005,0.0,0.0,88.79460943349139,98.65235837284752,0.0,0.0,93.01422510606437,98.65235837284752,0.0,0.0,95.83329173945596,99.8502620414275,100.0,0.0,98.01108060893438
MLAC_ECOLI_MacRae_2023,zs_wt_650M,14,97.42949837783878,0.0,0.0,94.5710007486898,97.95358123284252,0.0,0.0,96.08410282006489,99.55078612428251,100.0,0.0,97.58584976291488,99.8502620414275,100.0,0.0,98.87501871724479
MLAC_ECOLI_MacRae_2023,zs_mm_8M,14,99.62565510356876,100.0,0.0,98.36336411280259,99.62565510356876,100.0,0.0,98.99450960818571,99.80034938857,100.0,0.0,99.36860494135264,99.92513102071375,100.0,100.0,99.70102320938356
MLAC_ECOLI_MacRae_2023,zs_wt_8M,14,99.62565510356876,100.0,0.0,98.20014973795857,99.80034938857,100.0,0.0,98.96705764911403,99.92513102071375,100.0,100.0,99.41427501871723,99.92513102071375,100.0,100.0,99.72078861991511
MLAC_ECOLI_MacRae_2023,random_search,15,99.101572248565,100.0,0.0,94.04142750187174,99.45096081856751,100.0,0.0,96.65385575243323,99.82530571499875,100.0,0.0,98.10107312203644,99.82530571499875,100.0,0.0,99.1356126778138
MLAC_ECOLI_MacRae_2023,random_walk,15,98.85200898427752,0.0,0.0,86.82505615173449,98.85200898427752,0.0,0.0,92.83853256800597,98.85200898427752,0.0,0.0,95.84527077614177,99.92513102071375,100.0,100.0,97.85180933366608
MLAC_ECOLI_MacRae_2023,greedy_local,15,98.85200898427752,0.0,0.0,92.54454704267533,99.87521836785625,100.0,0.0,96.05640129772901,99.87521836785625,100.0,0.0,97.96580983279262,99.900174694285,100.0,100.0,99.122236086848
MLAC_ECOLI_MacRae_2023,regevo,15,97.55428000998253,0.0,0.0,92.39281257798855,98.65235837284752,0.0,0.0,95.41277763913149,99.67556775642625,100.0,0.0,97.2538058397804,99.92513102071375,100.0,100.0,98.82365859745445
MLAC_ECOLI_MacRae_2023,gpbo_ei,15,99.92513102071375,100.0,100.0,93.45695033691041,99.92513102071375,100.0,100.0,96.6910406788121,99.92513102071375,100.0,100.0,98.3080858497629,99.92513102071375,100.0,100.0,99.2783129523334
MLAC_ECOLI_MacRae_2023,adalead_graph,15,99.700524082855,100.0,0.0,95.66009483404042,99.900174694285,100.0,100.0,97.7461941602196,99.900174694285,100.0,100.0,98.82318442725229,99.900174694285,100.0,100.0,99.46937858747191
MLAC_ECOLI_MacRae_2023,fly,15,98.85200898427752,0.0,0.0,95.23633641128026,98.85200898427752,0.0,0.0,97.04417269777885,98.85200898427752,0.0,0.0,97.9480908410282,99.27626653356626,100.0,0.0,98.58991764412279
MLAC_ECOLI_MacRae_2023,fly_memory,15,98.85200898427752,0.0,0.0,93.60069877714002,99.25131020713751,100.0,0.0,96.29024207636634,99.900174694285,100.0,100.0,97.8433990516596,99.900174694285,100.0,100.0,99.07746443723482
MLAC_ECOLI_MacRae_2023,fly_best_tested,15,98.85200898427752,0.0,0.0,93.97654105315699,99.60069877714001,100.0,0.0,96.42924881457449,99.62565510356876,100.0,0.0,98.01909158971802,99.72548040928375,100.0,0.0,99.00918392812576
MLAC_ECOLI_MacRae_2023,zs_mm_150M,15,96.20663838283005,0.0,0.0,88.682305964562,98.65235837284752,0.0,0.0,93.64287496880458,98.65235837284752,0.0,0.0,96.14761667082607,99.92513102071375,100.0,100.0,98.20718742201149
MLAC_ECOLI_MacRae_2023,zs_wt_150M,15,96.20663838283005,0.0,0.0,88.79460943349139,98.65235837284752,0.0,0.0,93.01422510606437,98.65235837284752,0.0,0.0,95.83329173945596,99.8502620414275,100.0,0.0,98.01108060893438
MLAC_ECOLI_MacRae_2023,zs_wt_650M,15,97.42949837783878,0.0,0.0,94.5710007486898,97.95358123284252,0.0,0.0,96.08410282006489,99.55078612428251,100.0,0.0,97.58584976291488,99.8502620414275,100.0,0.0,98.87501871724479
MLAC_ECOLI_MacRae_2023,zs_mm_8M,15,99.62565510356876,100.0,0.0,98.36336411280259,99.62565510356876,100.0,0.0,98.99450960818571,99.80034938857,100.0,0.0,99.36860494135264,99.92513102071375,100.0,100.0,99.70102320938356
MLAC_ECOLI_MacRae_2023,zs_wt_8M,15,99.62565510356876,100.0,0.0,98.20014973795857,99.80034938857,100.0,0.0,98.96705764911403,99.92513102071375,100.0,100.0,99.41427501871723,99.92513102071375,100.0,100.0,99.72078861991511
MLAC_ECOLI_MacRae_2023,random_search,16,96.1816820564013,0.0,0.0,88.68480159720488,96.65585225854754,0.0,0.0,92.6181682056401,97.35462939855253,0.0,0.0,94.9289992513102,99.8502620414275,100.0,0.0,97.79690541552283
MLAC_ECOLI_MacRae_2023,random_walk,16,97.13002246069378,0.0,0.0,92.91040678812078,99.87521836785625,100.0,0.0,96.05939605690045,99.87521836785625,100.0,0.0,97.96730721237833,99.87521836785625,100.0,0.0,99.11205390566508
MLAC_ECOLI_MacRae_2023,greedy_local,16,98.40279510856001,0.0,0.0,95.14050411779384,98.40279510856001,0.0,0.0,96.77164961317696,99.27626653356626,100.0,0.0,97.99775393062141,99.97504367357125,100.0,100.0,99.05705016221611
MLAC_ECOLI_MacRae_2023,regevo,16,98.42775143498876,0.0,0.0,89.9121537309708,98.42775143498876,0.0,0.0,94.16995258297979,99.101572248565,100.0,0.0,96.57174943848266,99.67556775642625,100.0,0.0,98.2592962315947
MLAC_ECOLI_MacRae_2023,gpbo_ei,16,98.07836286498627,0.0,0.0,97.26029448465187,98.40279510856001,0.0,0.0,97.81532318442727,99.50087347142501,100.0,0.0,98.284751684552,99.80034938857,100.0,0.0,99.14379835288244
MLAC_ECOLI_MacRae_2023,adalead_graph,16,99.72548040928375,100.0,0.0,98.68180683803342,99.72548040928375,100.0,0.0,99.2036436236586,99.72548040928375,100.0,0.0,99.46456201647118,99.72548040928375,100.0,0.0,99.62111305215873
MLAC_ECOLI_MacRae_2023,fly,16,98.40279510856001,0.0,0.0,96.49213875717493,99.25131020713751,100.0,0.0,97.71899176441224,99.25131020713751,100.0,0.0,98.4851509857749,99.8502620414275,100.0,0.0,99.08265535313203
MLAC_ECOLI_MacRae_2023,fly_memory,16,98.40279510856001,0.0,0.0,94.3653606189169,98.40279510856001,0.0,0.0,96.38407786373847,98.40279510856001,0.0,0.0,97.39343648614923,99.57574245071126,100.0,0.0,98.46019465934613
MLAC_ECOLI_MacRae_2023,fly_best_tested,16,98.40279510856001,0.0,0.0,96.54903918143245,98.40279510856001,0.0,0.0,97.47591714499627,99.87521836785625,100.0,0.0,98.35700024956326,99.87521836785625,100.0,0.0,99.26793112053906
MLAC_ECOLI_MacRae_2023,zs_mm_150M,16,96.20663838283005,0.0,0.0,88.682305964562,98.65235837284752,0.0,0.0,93.64287496880458,98.65235837284752,0.0,0.0,96.14761667082607,99.92513102071375,100.0,100.0,98.20718742201149
MLAC_ECOLI_MacRae_2023,zs_wt_150M,16,96.20663838283005,0.0,0.0,88.79460943349139,98.65235837284752,0.0,0.0,93.01422510606437,98.65235837284752,0.0,0.0,95.83329173945596,99.8502620414275,100.0,0.0,98.01108060893438
MLAC_ECOLI_MacRae_2023,zs_wt_650M,16,97.42949837783878,0.0,0.0,94.5710007486898,97.95358123284252,0.0,0.0,96.08410282006489,99.55078612428251,100.0,0.0,97.58584976291488,99.8502620414275,100.0,0.0,98.87501871724479
MLAC_ECOLI_MacRae_2023,zs_mm_8M,16,99.62565510356876,100.0,0.0,98.36336411280259,99.62565510356876,100.0,0.0,98.99450960818571,99.80034938857,100.0,0.0,99.36860494135264,99.92513102071375,100.0,100.0,99.70102320938356
MLAC_ECOLI_MacRae_2023,zs_wt_8M,16,99.62565510356876,100.0,0.0,98.20014973795857,99.80034938857,100.0,0.0,98.96705764911403,99.92513102071375,100.0,100.0,99.41427501871723,99.92513102071375,100.0,100.0,99.72078861991511
MLAC_ECOLI_MacRae_2023,random_search,17,99.52582979785376,100.0,0.0,85.00424257549288,99.52582979785376,100.0,0.0,92.26503618667331,99.52582979785376,100.0,0.0,95.89543299226352,99.52582979785376,100.0,0.0,98.07367107561767
MLAC_ECOLI_MacRae_2023,random_walk,17,99.62565510356876,100.0,0.0,94.14075368105816,99.62565510356876,100.0,0.0,96.88320439231349,99.62565510356876,100.0,0.0,98.2544297479411,99.900174694285,100.0,100.0,99.20898427751435
MLAC_ECOLI_MacRae_2023,greedy_local,17,95.03369104067882,0.0,0.0,91.42051410032444,96.25655103568755,0.0,0.0,93.55727476915399,99.8502620414275,100.0,0.0,96.48689792862491,99.8502620414275,100.0,0.0,98.50491639630647
MLAC_ECOLI_MacRae_2023,regevo,17,99.60069877714001,100.0,0.0,94.78013476416271,99.60069877714001,100.0,0.0,97.19041677065135,99.67556775642625,100.0,0.0,98.41689543299228,99.67556775642625,100.0,0.0,99.17209882705266
MLAC_ECOLI_MacRae_2023,gpbo_ei,17,98.87696531070627,0.0,0.0,93.07112553032195,98.87696531070627,0.0,0.0,95.97404542051412,98.87696531070627,0.0,0.0,97.42550536561019,99.67556775642625,100.0,0.0,98.66433740953332
MLAC_ECOLI_MacRae_2023,adalead_graph,17,97.85375592712752,0.0,0.0,91.20139755427999,99.87521836785625,100.0,0.0,94.79036685799852,99.87521836785625,100.0,0.0,97.33279261292736,99.900174694285,100.0,100.0,98.85944596955328
MLAC_ECOLI_MacRae_2023,fly,17,99.62565510356876,100.0,0.0,93.63264287496881,99.62565510356876,100.0,0.0,96.62914898926881,99.62565510356876,100.0,0.0,98.12740204641878,99.67556775642625,100.0,0.0,99.04821562266035
MLAC_ECOLI_MacRae_2023,fly_memory,17,98.25305714998753,0.0,0.0,90.76765660094834,99.0516595957075,100.0,0.0,94.51834289992513,99.8502620414275,100.0,0.0,97.1843024706763,99.8502620414275,100.0,0.0,98.78387821312702
MLAC_ECOLI_MacRae_2023,fly_best_tested,17,99.27626653356626,100.0,0.0,88.44771649613176,99.27626653356626,100.0,0.0,93.86199151484905,99.8502620414275,100.0,0.0,96.8188170701273,99.8502620414275,100.0,0.0,98.63768405290742
MLAC_ECOLI_MacRae_2023,zs_mm_150M,17,96.20663838283005,0.0,0.0,88.682305964562,98.65235837284752,0.0,0.0,93.64287496880458,98.65235837284752,0.0,0.0,96.14761667082607,99.92513102071375,100.0,100.0,98.20718742201149
MLAC_ECOLI_MacRae_2023,zs_wt_150M,17,96.20663838283005,0.0,0.0,88.79460943349139,98.65235837284752,0.0,0.0,93.01422510606437,98.65235837284752,0.0,0.0,95.83329173945596,99.8502620414275,100.0,0.0,98.01108060893438
MLAC_ECOLI_MacRae_2023,zs_wt_650M,17,97.42949837783878,0.0,0.0,94.5710007486898,97.95358123284252,0.0,0.0,96.08410282006489,99.55078612428251,100.0,0.0,97.58584976291488,99.8502620414275,100.0,0.0,98.87501871724479
MLAC_ECOLI_MacRae_2023,zs_mm_8M,17,99.62565510356876,100.0,0.0,98.36336411280259,99.62565510356876,100.0,0.0,98.99450960818571,99.80034938857,100.0,0.0,99.36860494135264,99.92513102071375,100.0,100.0,99.70102320938356
MLAC_ECOLI_MacRae_2023,zs_wt_8M,17,99.62565510356876,100.0,0.0,98.20014973795857,99.80034938857,100.0,0.0,98.96705764911403,99.92513102071375,100.0,100.0,99.41427501871723,99.92513102071375,100.0,100.0,99.72078861991511
MLAC_ECOLI_MacRae_2023,random_search,18,99.17644122785126,100.0,0.0,93.46044422261043,99.17644122785126,100.0,0.0,96.31844272523085,99.17644122785126,100.0,0.0,97.74744197654105,99.17644122785126,100.0,0.0,98.60484152732717
MLAC_ECOLI_MacRae_2023,random_walk,18,58.297978537559274,0.0,0.0,49.14898926877963,98.67731469927627,0.0,0.0,71.60419266284003,98.67731469927627,0.0,0.0,85.14075368105814,99.27626653356626,100.0,0.0,93.57105066134264
MLAC_ECOLI_MacRae_2023,greedy_local,18,97.13002246069378,0.0,0.0,72.54155228350388,99.12652857499376,100.0,0.0,85.03543798352882,99.8502620414275,100.0,0.0,92.28175692538058,99.900174694285,100.0,100.0,96.84112802595456
MLAC_ECOLI_MacRae_2023,regevo,18,99.9500873471425,100.0,100.0,97.63214374844021,99.9500873471425,100.0,100.0,98.79111554779136,99.9500873471425,100.0,100.0,99.37060144746692,99.9500873471425,100.0,100.0,99.71829298727226
MLAC_ECOLI_MacRae_2023,gpbo_ei,18,97.25480409283753,0.0,0.0,91.26678312952332,97.47941103069628,0.0,0.0,94.33940603943098,99.101572248565,100.0,0.0,96.36411280259546,99.67556775642625,100.0,0.0,98.10107312203644
MLAC_ECOLI_MacRae_2023,adalead_graph,18,99.35113551285251,100.0,0.0,94.80908410282005,99.35113551285251,100.0,0.0,97.08010980783627,99.35113551285251,100.0,0.0,98.2156226603444,99.8502620414275,100.0,0.0,99.18243074619414
MLAC_ECOLI_MacRae_2023,fly,18,88.0958322934864,0.0,0.0,69.28025954579485,97.55428000998253,0.0,0.0,80.07811330172203,98.40279510856001,0.0,0.0,89.08397803843276,99.60069877714001,100.0,0.0,95.15892188669825
MLAC_ECOLI_MacRae_2023,fly_memory,18,92.28849513351635,0.0,0.0,70.68430247067631,99.60069877714001,100.0,0.0,83.91190416770652,99.60069877714001,100.0,0.0,91.75630147242327,99.60069877714001,100.0,0.0,96.46293985525331
MLAC_ECOLI_MacRae_2023,fly_best_tested,18,99.77539306214125,100.0,0.0,65.7184926378837,99.8502620414275,100.0,0.0,82.77763913151985,99.8502620414275,100.0,0.0,91.31395058647368,99.9500873471425,100.0,100.0,96.44252558023459
MLAC_ECOLI_MacRae_2023,zs_mm_150M,18,96.20663838283005,0.0,0.0,88.682305964562,98.65235837284752,0.0,0.0,93.64287496880458,98.65235837284752,0.0,0.0,96.14761667082607,99.92513102071375,100.0,100.0,98.20718742201149
MLAC_ECOLI_MacRae_2023,zs_wt_150M,18,96.20663838283005,0.0,0.0,88.79460943349139,98.65235837284752,0.0,0.0,93.01422510606437,98.65235837284752,0.0,0.0,95.83329173945596,99.8502620414275,100.0,0.0,98.01108060893438
MLAC_ECOLI_MacRae_2023,zs_wt_650M,18,97.42949837783878,0.0,0.0,94.5710007486898,97.95358123284252,0.0,0.0,96.08410282006489,99.55078612428251,100.0,0.0,97.58584976291488,99.8502620414275,100.0,0.0,98.87501871724479
MLAC_ECOLI_MacRae_2023,zs_mm_8M,18,99.62565510356876,100.0,0.0,98.36336411280259,99.62565510356876,100.0,0.0,98.99450960818571,99.80034938857,100.0,0.0,99.36860494135264,99.92513102071375,100.0,100.0,99.70102320938356
MLAC_ECOLI_MacRae_2023,zs_wt_8M,18,99.62565510356876,100.0,0.0,98.20014973795857,99.80034938857,100.0,0.0,98.96705764911403,99.92513102071375,100.0,100.0,99.41427501871723,99.92513102071375,100.0,100.0,99.72078861991511
MLAC_ECOLI_MacRae_2023,random_search,19,93.51135512852508,0.0,0.0,92.06089343648615,98.62740204641877,0.0,0.0,93.29772897429501,99.97504367357125,100.0,100.0,96.5969553281757,99.97504367357125,100.0,100.0,98.62380833541303
MLAC_ECOLI_MacRae_2023,random_walk,19,99.62565510356876,100.0,0.0,94.21612178687298,99.62565510356876,100.0,0.0,96.92088844522091,99.62565510356876,100.0,0.0,98.27327177439481,99.9500873471425,100.0,100.0,99.16451210381832
MLAC_ECOLI_MacRae_2023,greedy_local,19,96.05690042425755,0.0,0.0,94.54804092837534,97.70401796855504,0.0,0.0,95.73621162964814,99.62565510356876,100.0,0.0,97.19091589717995,99.900174694285,100.0,100.0,98.69403543798353
MLAC_ECOLI_MacRae_2023,regevo,19,97.80384327427002,0.0,0.0,93.94908909408532,99.30122285999501,100.0,0.0,95.92138757174942,99.8502620414275,100.0,0.0,97.75131020713751,99.87521836785625,100.0,0.0,99.02186174195158
MLAC_ECOLI_MacRae_2023,gpbo_ei,19,99.7504367357125,100.0,0.0,97.23334165210879,99.7504367357125,100.0,0.0,98.49188919391065,99.7504367357125,100.0,0.0,99.12116296481157,99.92513102071375,100.0,100.0,99.55328175692539
MLAC_ECOLI_MacRae_2023,adalead_graph,19,98.22810082355878,0.0,0.0,95.31070626403793,98.50262041427501,0.0,0.0,96.78312952333414,99.42600449213876,100.0,0.0,97.93424007986025,99.57574245071126,100.0,0.0,98.86703269278765
MLAC_ECOLI_MacRae_2023,fly,19,98.40279510856001,0.0,0.0,89.53980534065386,98.40279510856001,0.0,0.0,93.97130022460696,98.97679061642127,0.0,0.0,96.21861741951584,99.60069877714001,100.0,0.0,98.2366358871974
MLAC_ECOLI_MacRae_2023,fly_memory,19,92.4132767656601,0.0,0.0,86.45021212877465,92.4132767656601,0.0,0.0,89.43174444721735,99.25131020713751,100.0,0.0,93.08522585475417,99.25131020713751,100.0,0.0,96.78487646618419
MLAC_ECOLI_MacRae_2023,fly_best_tested,19,99.37609183928126,100.0,0.0,95.95308210631393,99.37609183928126,100.0,0.0,97.66458697279762,99.900174694285,100.0,100.0,98.62290990766158,99.900174694285,100.0,100.0,99.38926877963563
MLAC_ECOLI_MacRae_2023,zs_mm_150M,19,96.20663838283005,0.0,0.0,88.682305964562,98.65235837284752,0.0,0.0,93.64287496880458,98.65235837284752,0.0,0.0,96.14761667082607,99.92513102071375,100.0,100.0,98.20718742201149
MLAC_ECOLI_MacRae_2023,zs_wt_150M,19,96.20663838283005,0.0,0.0,88.79460943349139,98.65235837284752,0.0,0.0,93.01422510606437,98.65235837284752,0.0,0.0,95.83329173945596,99.8502620414275,100.0,0.0,98.01108060893438
MLAC_ECOLI_MacRae_2023,zs_wt_650M,19,97.42949837783878,0.0,0.0,94.5710007486898,97.95358123284252,0.0,0.0,96.08410282006489,99.55078612428251,100.0,0.0,97.58584976291488,99.8502620414275,100.0,0.0,98.87501871724479
MLAC_ECOLI_MacRae_2023,zs_mm_8M,19,99.62565510356876,100.0,0.0,98.36336411280259,99.62565510356876,100.0,0.0,98.99450960818571,99.80034938857,100.0,0.0,99.36860494135264,99.92513102071375,100.0,100.0,99.70102320938356
MLAC_ECOLI_MacRae_2023,zs_wt_8M,19,99.62565510356876,100.0,0.0,98.20014973795857,99.80034938857,100.0,0.0,98.96705764911403,99.92513102071375,100.0,100.0,99.41427501871723,99.92513102071375,100.0,100.0,99.72078861991511
KKA2_KLEPN_Melnikov_2014,random_search,0,98.91129032258064,0.0,0.0,98.91129032258063,99.61693548387096,100.0,0.0,99.15120967741936,99.61693548387096,100.0,0.0,99.38407258064515,99.71774193548387,100.0,0.0,99.56713709677419
KKA2_KLEPN_Melnikov_2014,random_walk,0,99.11290322580645,100.0,0.0,96.69072580645162,99.11290322580645,100.0,0.0,97.90181451612905,99.23387096774194,100.0,0.0,98.5678427419355,99.71774193548387,100.0,0.0,99.24528225806453
KKA2_KLEPN_Melnikov_2014,greedy_local,0,96.63306451612904,0.0,0.0,95.25604838709678,97.27822580645162,0.0,0.0,95.97681451612901,97.58064516129032,0.0,0.0,96.63659274193549,99.93951612903226,100.0,100.0,98.16661290322581
KKA2_KLEPN_Melnikov_2014,regevo,0,99.23387096774194,100.0,0.0,93.34838709677419,99.23387096774194,100.0,0.0,96.29112903225808,99.49596774193549,100.0,0.0,97.8607862903226,99.87903225806451,100.0,0.0,99.03915322580646
KKA2_KLEPN_Melnikov_2014,gpbo_ei,0,98.48790322580645,0.0,0.0,90.22822580645163,99.61693548387096,100.0,0.0,94.82096774193549,99.65725806451613,100.0,0.0,97.22762096774193,99.95967741935483,100.0,100.0,98.79850806451613
KKA2_KLEPN_Melnikov_2014,adalead_graph,0,99.51612903225806,100.0,0.0,98.61451612903227,99.51612903225806,100.0,0.0,99.06532258064513,99.51612903225806,100.0,0.0,99.2907258064516,99.87903225806451,100.0,0.0,99.48778225806451
KKA2_KLEPN_Melnikov_2014,fly,0,98.36693548387096,0.0,0.0,97.75604838709678,98.36693548387096,0.0,0.0,98.06149193548386,99.55645161290323,100.0,0.0,98.48780241935481,100.0,100.0,100.0,99.24608870967741
KKA2_KLEPN_Melnikov_2014,fly_memory,0,96.59274193548387,0.0,0.0,94.96411290322584,98.04435483870968,0.0,0.0,96.15584677419359,99.11290322580645,100.0,0.0,97.2016129032258,99.93951612903226,100.0,100.0,98.63495967741936
KKA2_KLEPN_Melnikov_2014,fly_best_tested,0,97.23790322580645,0.0,0.0,95.81491935483871,98.77016129032258,0.0,0.0,96.8328629032258,99.51612903225806,100.0,0.0,97.9991935483871,99.65725806451613,100.0,0.0,98.95875
KKA2_KLEPN_Melnikov_2014,zs_mm_150M,0,99.75806451612904,100.0,0.0,95.41290322580645,99.75806451612904,100.0,0.0,97.58548387096775,99.75806451612904,100.0,0.0,98.6717741935484,99.77822580645162,100.0,0.0,99.33298387096774
KKA2_KLEPN_Melnikov_2014,zs_wt_150M,0,99.75806451612904,100.0,0.0,96.24475806451612,99.75806451612904,100.0,0.0,98.00141129032258,99.75806451612904,100.0,0.0,98.87973790322582,99.77822580645162,100.0,0.0,99.41693548387097
KKA2_KLEPN_Melnikov_2014,zs_wt_650M,0,98.68951612903226,0.0,0.0,96.70645161290324,99.8991935483871,100.0,0.0,97.92782258064511,99.8991935483871,100.0,0.0,98.91350806451612,99.91935483870968,100.0,100.0,99.51004032258064
KKA2_KLEPN_Melnikov_2014,zs_mm_8M,0,98.68951612903226,0.0,0.0,86.4165322580645,98.68951612903226,0.0,0.0,92.55302419354837,98.68951612903226,0.0,0.0,95.6212701612903,99.77822580645162,100.0,0.0,97.94560483870968
KKA2_KLEPN_Melnikov_2014,zs_wt_8M,0,98.68951612903226,0.0,0.0,93.00967741935484,99.75806451612904,100.0,0.0,96.30907258064515,99.75806451612904,100.0,0.0,98.03356854838711,99.77822580645162,100.0,0.0,99.06935483870969
KKA2_KLEPN_Melnikov_2014,random_search,1,97.96370967741936,0.0,0.0,93.06612903225809,99.83870967741936,100.0,0.0,95.74717741935483,99.83870967741936,100.0,0.0,97.79294354838711,99.83870967741936,100.0,0.0,99.02040322580646
KKA2_KLEPN_Melnikov_2014,random_walk,1,96.59274193548387,0.0,0.0,95.07177419354839,99.61693548387096,100.0,0.0,96.56572580645162,99.61693548387096,100.0,0.0,98.09133064516129,99.75806451612904,100.0,0.0,99.06004032258065
KKA2_KLEPN_Melnikov_2014,greedy_local,1,98.77016129032258,0.0,0.0,96.9491935483871,99.0524193548387,100.0,0.0,97.87379032258066,99.8991935483871,100.0,0.0,98.61512096774193,99.8991935483871,100.0,0.0,99.38556451612904
KKA2_KLEPN_Melnikov_2014,regevo,1,99.51612903225806,100.0,0.0,96.53225806451616,99.51612903225806,100.0,0.0,98.02419354838709,99.65725806451613,100.0,0.0,98.83860887096775,99.87903225806451,100.0,0.0,99.46286290322578
KKA2_KLEPN_Melnikov_2014,gpbo_ei,1,98.99193548387096,0.0,0.0,95.67620967741935,98.99193548387096,0.0,0.0,97.33407258064516,99.61693548387096,100.0,0.0,98.35987903225805,100.0,100.0,100.0,99.24709677419355
KKA2_KLEPN_Melnikov_2014,adalead_graph,1,99.57661290322581,100.0,0.0,97.80967741935481,99.57661290322581,100.0,0.0,98.69314516129032,99.57661290322581,100.0,0.0,99.13487903225808,99.79838709677419,100.0,0.0,99.46112903225809
KKA2_KLEPN_Melnikov_2014,fly,1,99.83870967741936,100.0,0.0,94.08266129032258,99.83870967741936,100.0,0.0,96.96068548387093,99.83870967741936,100.0,0.0,98.39969758064515,99.95967741935483,100.0,100.0,99.29866935483871
KKA2_KLEPN_Melnikov_2014,fly_memory,1,99.61693548387096,100.0,0.0,97.25443548387098,99.61693548387096,100.0,0.0,98.43568548387097,99.61693548387096,100.0,0.0,99.02631048387094,99.93951612903226,100.0,100.0,99.53487903225806
KKA2_KLEPN_Melnikov_2014,fly_best_tested,1,99.63709677419355,100.0,0.0,96.73709677419352,99.75806451612904,100.0,0.0,98.21491935483871,99.75806451612904,100.0,0.0,98.98649193548388,100.0,100.0,100.0,99.46822580645163
KKA2_KLEPN_Melnikov_2014,zs_mm_150M,1,99.75806451612904,100.0,0.0,95.41290322580645,99.75806451612904,100.0,0.0,97.58548387096775,99.75806451612904,100.0,0.0,98.6717741935484,99.77822580645162,100.0,0.0,99.33298387096774
KKA2_KLEPN_Melnikov_2014,zs_wt_150M,1,99.75806451612904,100.0,0.0,96.24475806451612,99.75806451612904,100.0,0.0,98.00141129032258,99.75806451612904,100.0,0.0,98.87973790322582,99.77822580645162,100.0,0.0,99.41693548387097
KKA2_KLEPN_Melnikov_2014,zs_wt_650M,1,98.68951612903226,0.0,0.0,96.70645161290324,99.8991935483871,100.0,0.0,97.92782258064511,99.8991935483871,100.0,0.0,98.91350806451612,99.91935483870968,100.0,100.0,99.51004032258064
KKA2_KLEPN_Melnikov_2014,zs_mm_8M,1,98.68951612903226,0.0,0.0,86.4165322580645,98.68951612903226,0.0,0.0,92.55302419354837,98.68951612903226,0.0,0.0,95.6212701612903,99.77822580645162,100.0,0.0,97.94560483870968
KKA2_KLEPN_Melnikov_2014,zs_wt_8M,1,98.68951612903226,0.0,0.0,93.00967741935484,99.75806451612904,100.0,0.0,96.30907258064515,99.75806451612904,100.0,0.0,98.03356854838711,99.77822580645162,100.0,0.0,99.06935483870969
KKA2_KLEPN_Melnikov_2014,random_search,2,98.18548387096774,0.0,0.0,95.25685483870967,98.97177419354838,0.0,0.0,96.89415322580648,99.71774193548387,100.0,0.0,98.0858870967742,99.95967741935483,100.0,100.0,99.08935483870967
KKA2_KLEPN_Melnikov_2014,random_walk,2,96.59274193548387,0.0,0.0,89.23185483870968,99.53629032258064,100.0,0.0,93.8441532258065,99.63709677419355,100.0,0.0,96.69324596774193,99.65725806451613,100.0,0.0,98.46967741935484
KKA2_KLEPN_Melnikov_2014,greedy_local,2,97.1975806451613,0.0,0.0,93.28467741935485,98.34677419354838,0.0,0.0,95.67782258064518,98.34677419354838,0.0,0.0,97.01229838709678,99.75806451612904,100.0,0.0,98.27407258064517
KKA2_KLEPN_Melnikov_2014,regevo,2,96.81451612903226,0.0,0.0,93.83911290322581,99.71774193548387,100.0,0.0,96.77842741935481,99.87903225806451,100.0,0.0,98.25292338709679,99.87903225806451,100.0,0.0,99.2285887096774
KKA2_KLEPN_Melnikov_2014,gpbo_ei,2,98.54838709677419,0.0,0.0,94.51451612903227,99.55645161290323,100.0,0.0,96.87298387096774,99.65725806451613,100.0,0.0,98.25181451612902,100.0,100.0,100.0,99.14467741935482
KKA2_KLEPN_Melnikov_2014,adalead_graph,2,99.61693548387096,100.0,0.0,95.05403225806451,99.61693548387096,100.0,0.0,97.33548387096776,99.6975806451613,100.0,0.0,98.49072580645161,99.87903225806451,100.0,0.0,99.28524193548385
KKA2_KLEPN_Melnikov_2014,fly,2,99.25403225806451,100.0,0.0,95.15967741935484,99.65725806451613,100.0,0.0,97.24717741935487,99.65725806451613,100.0,0.0,98.45221774193547,99.79838709677419,100.0,0.0,99.22649193548386
KKA2_KLEPN_Melnikov_2014,fly_memory,2,97.3991935483871,0.0,0.0,94.8415322580645,97.3991935483871,0.0,0.0,96.12036290322578,99.73790322580645,100.0,0.0,97.14768145161291,100.0,100.0,100.0,98.83181451612903
KKA2_KLEPN_Melnikov_2014,fly_best_tested,2,99.11290322580645,100.0,0.0,92.39112903225809,99.11290322580645,100.0,0.0,95.75201612903227,99.65725806451613,100.0,0.0,97.70463709677419,99.93951612903226,100.0,100.0,98.99645161290321
KKA2_KLEPN_Melnikov_2014,zs_mm_150M,2,99.75806451612904,100.0,0.0,95.41290322580645,99.75806451612904,100.0,0.0,97.58548387096775,99.75806451612904,100.0,0.0,98.6717741935484,99.77822580645162,100.0,0.0,99.33298387096774
KKA2_KLEPN_Melnikov_2014,zs_wt_150M,2,99.75806451612904,100.0,0.0,96.24475806451612,99.75806451612904,100.0,0.0,98.00141129032258,99.75806451612904,100.0,0.0,98.87973790322582,99.77822580645162,100.0,0.0,99.41693548387097
KKA2_KLEPN_Melnikov_2014,zs_wt_650M,2,98.68951612903226,0.0,0.0,96.70645161290324,99.8991935483871,100.0,0.0,97.92782258064511,99.8991935483871,100.0,0.0,98.91350806451612,99.91935483870968,100.0,100.0,99.51004032258064
KKA2_KLEPN_Melnikov_2014,zs_mm_8M,2,98.68951612903226,0.0,0.0,86.4165322580645,98.68951612903226,0.0,0.0,92.55302419354837,98.68951612903226,0.0,0.0,95.6212701612903,99.77822580645162,100.0,0.0,97.94560483870968
KKA2_KLEPN_Melnikov_2014,zs_wt_8M,2,98.68951612903226,0.0,0.0,93.00967741935484,99.75806451612904,100.0,0.0,96.30907258064515,99.75806451612904,100.0,0.0,98.03356854838711,99.77822580645162,100.0,0.0,99.06935483870969
KKA2_KLEPN_Melnikov_2014,random_search,3,97.74193548387096,0.0,0.0,93.54354838709678,99.25403225806451,100.0,0.0,96.0891129032258,99.25403225806451,100.0,0.0,97.67157258064515,99.65725806451613,100.0,0.0,98.75088709677416
KKA2_KLEPN_Melnikov_2014,random_walk,3,99.65725806451613,100.0,0.0,95.6907258064516,99.65725806451613,100.0,0.0,97.6739919354839,99.93951612903226,100.0,100.0,98.76300403225805,99.93951612903226,100.0,100.0,99.46891129032257
KKA2_KLEPN_Melnikov_2014,greedy_local,3,99.53629032258064,100.0,0.0,97.44233870967743,99.63709677419355,100.0,0.0,98.51350806451613,99.63709677419355,100.0,0.0,99.07530241935484,99.79838709677419,100.0,0.0,99.45786290322582
KKA2_KLEPN_Melnikov_2014,regevo,3,99.13306451612904,100.0,0.0,96.89314516129032,99.55645161290323,100.0,0.0,98.1570564516129,99.61693548387096,100.0,0.0,98.88094758064516,99.95967741935483,100.0,100.0,99.37459677419355
KKA2_KLEPN_Melnikov_2014,gpbo_ei,3,99.61693548387096,100.0,0.0,93.88911290322584,99.61693548387096,100.0,0.0,96.75302419354841,99.61693548387096,100.0,0.0,98.18497983870968,100.0,100.0,100.0,99.20056451612903
KKA2_KLEPN_Melnikov_2014,adalead_graph,3,99.19354838709677,100.0,0.0,93.32419354838709,99.51612903225806,100.0,0.0,96.39516129032258,99.51612903225806,100.0,0.0,97.95564516129033,99.97983870967742,100.0,100.0,99.12423387096773
KKA2_KLEPN_Melnikov_2014,fly,3,94.4758064516129,0.0,0.0,88.49032258064516,99.61693548387096,100.0,0.0,92.58387096774193,99.61693548387096,100.0,0.0,96.10040322580645,99.83870967741936,100.0,0.0,98.26024193548388
KKA2_KLEPN_Melnikov_2014,fly_memory,3,97.98387096774194,0.0,0.0,96.42782258064516,98.77016129032258,0.0,0.0,97.37096774193547,98.77016129032258,0.0,0.0,98.07056451612905,99.65725806451613,100.0,0.0,98.67903225806452
KKA2_KLEPN_Melnikov_2014,fly_best_tested,3,99.23387096774194,100.0,0.0,97.54999999999998,99.23387096774194,100.0,0.0,98.39193548387098,99.23387096774194,100.0,0.0,98.81290322580644,99.65725806451613,100.0,0.0,99.11375
KKA2_KLEPN_Melnikov_2014,zs_mm_150M,3,99.75806451612904,100.0,0.0,95.41290322580645,99.75806451612904,100.0,0.0,97.58548387096775,99.75806451612904,100.0,0.0,98.6717741935484,99.77822580645162,100.0,0.0,99.33298387096774
KKA2_KLEPN_Melnikov_2014,zs_wt_150M,3,99.75806451612904,100.0,0.0,96.24475806451612,99.75806451612904,100.0,0.0,98.00141129032258,99.75806451612904,100.0,0.0,98.87973790322582,99.77822580645162,100.0,0.0,99.41693548387097
KKA2_KLEPN_Melnikov_2014,zs_wt_650M,3,98.68951612903226,0.0,0.0,96.70645161290324,99.8991935483871,100.0,0.0,97.92782258064511,99.8991935483871,100.0,0.0,98.91350806451612,99.91935483870968,100.0,100.0,99.51004032258064
KKA2_KLEPN_Melnikov_2014,zs_mm_8M,3,98.68951612903226,0.0,0.0,86.4165322580645,98.68951612903226,0.0,0.0,92.55302419354837,98.68951612903226,0.0,0.0,95.6212701612903,99.77822580645162,100.0,0.0,97.94560483870968
KKA2_KLEPN_Melnikov_2014,zs_wt_8M,3,98.68951612903226,0.0,0.0,93.00967741935484,99.75806451612904,100.0,0.0,96.30907258064515,99.75806451612904,100.0,0.0,98.03356854838711,99.77822580645162,100.0,0.0,99.06935483870969
KKA2_KLEPN_Melnikov_2014,random_search,4,99.39516129032258,100.0,0.0,98.20362903225809,99.39516129032258,100.0,0.0,98.7993951612903,99.61693548387096,100.0,0.0,99.20372983870968,99.61693548387096,100.0,0.0,99.45165322580645
KKA2_KLEPN_Melnikov_2014,random_walk,4,99.71774193548387,100.0,0.0,94.84677419354838,99.71774193548387,100.0,0.0,97.2822580645161,99.73790322580645,100.0,0.0,98.50433467741935,99.77822580645162,100.0,0.0,99.25624999999998
KKA2_KLEPN_Melnikov_2014,greedy_local,4,98.06451612903226,0.0,0.0,91.63790322580644,98.06451612903226,0.0,0.0,94.85120967741932,98.06451612903226,0.0,0.0,96.45786290322577,99.97983870967742,100.0,100.0,98.44528225806448
KKA2_KLEPN_Melnikov_2014,regevo,4,99.55645161290323,100.0,0.0,92.59959677419356,99.61693548387096,100.0,0.0,96.0828629032258,99.61693548387096,100.0,0.0,97.84989919354837,100.0,100.0,100.0,99.01584677419355
KKA2_KLEPN_Melnikov_2014,gpbo_ei,4,98.99193548387096,0.0,0.0,92.59274193548389,98.99193548387096,0.0,0.0,95.79233870967742,100.0,100.0,100.0,97.73820564516129,100.0,100.0,100.0,99.09528225806451
KKA2_KLEPN_Melnikov_2014,adalead_graph,4,98.16532258064517,0.0,0.0,94.7733870967742,98.16532258064517,0.0,0.0,96.46935483870969,98.16532258064517,0.0,0.0,97.3173387096774,100.0,100.0,100.0,98.68552419354837
KKA2_KLEPN_Melnikov_2014,fly,4,99.55645161290323,100.0,0.0,92.12298387096776,100.0,100.0,100.0,96.04818548387098,100.0,100.0,100.0,98.02409274193549,100.0,100.0,100.0,99.2096370967742
KKA2_KLEPN_Melnikov_2014,fly_memory,4,97.3991935483871,0.0,0.0,92.35564516129034,98.0241935483871,0.0,0.0,95.01955645161286,99.61693548387096,100.0,0.0,96.74717741935481,99.6774193548387,100.0,0.0,98.49733870967742
KKA2_KLEPN_Melnikov_2014,fly_best_tested,4,99.25403225806451,100.0,0.0,91.20645161290322,99.25403225806451,100.0,0.0,95.23024193548386,99.63709677419355,100.0,0.0,97.39344758064517,99.83870967741936,100.0,0.0,98.75455645161291
KKA2_KLEPN_Melnikov_2014,zs_mm_150M,4,99.75806451612904,100.0,0.0,95.41290322580645,99.75806451612904,100.0,0.0,97.58548387096775,99.75806451612904,100.0,0.0,98.6717741935484,99.77822580645162,100.0,0.0,99.33298387096774
KKA2_KLEPN_Melnikov_2014,zs_wt_150M,4,99.75806451612904,100.0,0.0,96.24475806451612,99.75806451612904,100.0,0.0,98.00141129032258,99.75806451612904,100.0,0.0,98.87973790322582,99.77822580645162,100.0,0.0,99.41693548387097
KKA2_KLEPN_Melnikov_2014,zs_wt_650M,4,98.68951612903226,0.0,0.0,96.70645161290324,99.8991935483871,100.0,0.0,97.92782258064511,99.8991935483871,100.0,0.0,98.91350806451612,99.91935483870968,100.0,100.0,99.51004032258064
KKA2_KLEPN_Melnikov_2014,zs_mm_8M,4,98.68951612903226,0.0,0.0,86.4165322580645,98.68951612903226,0.0,0.0,92.55302419354837,98.68951612903226,0.0,0.0,95.6212701612903,99.77822580645162,100.0,0.0,97.94560483870968
KKA2_KLEPN_Melnikov_2014,zs_wt_8M,4,98.68951612903226,0.0,0.0,93.00967741935484,99.75806451612904,100.0,0.0,96.30907258064515,99.75806451612904,100.0,0.0,98.03356854838711,99.77822580645162,100.0,0.0,99.06935483870969
KKA2_KLEPN_Melnikov_2014,random_search,5,95.20161290322581,0.0,0.0,94.66854838709676,97.54032258064517,0.0,0.0,95.70241935483875,99.6774193548387,100.0,0.0,97.30756048387097,99.8991935483871,100.0,0.0,98.79467741935485
KKA2_KLEPN_Melnikov_2014,random_walk,5,97.1774193548387,0.0,0.0,93.95040322580645,97.1774193548387,0.0,0.0,95.56391129032258,99.25403225806451,100.0,0.0,97.14969758064515,99.53629032258064,100.0,0.0,98.55512096774191
KKA2_KLEPN_Melnikov_2014,greedy_local,5,99.49596774193549,100.0,0.0,98.01693548387098,99.49596774193549,100.0,0.0,98.75645161290326,99.49596774193549,100.0,0.0,99.12620967741937,99.73790322580645,100.0,0.0,99.48741935483869
KKA2_KLEPN_Melnikov_2014,regevo,5,98.62903225806451,0.0,0.0,96.79395161290321,99.71774193548387,100.0,0.0,97.9510080645161,99.81854838709677,100.0,0.0,98.85756048387098,99.81854838709677,100.0,0.0,99.43415322580645
KKA2_KLEPN_Melnikov_2014,gpbo_ei,5,99.65725806451613,100.0,0.0,94.83830645161288,99.65725806451613,100.0,0.0,97.24778225806455,99.71774193548387,100.0,0.0,98.47822580645163,100.0,100.0,100.0,99.26209677419355
KKA2_KLEPN_Melnikov_2014,adalead_graph,5,98.40725806451613,0.0,0.0,92.9766129032258,99.49596774193549,100.0,0.0,96.025,99.51612903225806,100.0,0.0,97.76965725806451,99.81854838709677,100.0,0.0,98.94395161290323
KKA2_KLEPN_Melnikov_2014,fly,5,99.33467741935483,100.0,0.0,93.88750000000002,99.65725806451613,100.0,0.0,96.64012096774199,99.6774193548387,100.0,0.0,98.15725806451614,99.6774193548387,100.0,0.0,99.06935483870969
KKA2_KLEPN_Melnikov_2014,fly_memory,5,98.77016129032258,0.0,0.0,95.48951612903227,99.79838709677419,100.0,0.0,97.45766129032258,99.79838709677419,100.0,0.0,98.62802419354837,99.79838709677419,100.0,0.0,99.33024193548385
KKA2_KLEPN_Melnikov_2014,fly_best_tested,5,99.79838709677419,100.0,0.0,97.62983870967744,99.79838709677419,100.0,0.0,98.71411290322581,99.79838709677419,100.0,0.0,99.25624999999998,99.79838709677419,100.0,0.0,99.58153225806448
KKA2_KLEPN_Melnikov_2014,zs_mm_150M,5,99.75806451612904,100.0,0.0,95.41290322580645,99.75806451612904,100.0,0.0,97.58548387096775,99.75806451612904,100.0,0.0,98.6717741935484,99.77822580645162,100.0,0.0,99.33298387096774
KKA2_KLEPN_Melnikov_2014,zs_wt_150M,5,99.75806451612904,100.0,0.0,96.24475806451612,99.75806451612904,100.0,0.0,98.00141129032258,99.75806451612904,100.0,0.0,98.87973790322582,99.77822580645162,100.0,0.0,99.41693548387097
KKA2_KLEPN_Melnikov_2014,zs_wt_650M,5,98.68951612903226,0.0,0.0,96.70645161290324,99.8991935483871,100.0,0.0,97.92782258064511,99.8991935483871,100.0,0.0,98.91350806451612,99.91935483870968,100.0,100.0,99.51004032258064
KKA2_KLEPN_Melnikov_2014,zs_mm_8M,5,98.68951612903226,0.0,0.0,86.4165322580645,98.68951612903226,0.0,0.0,92.55302419354837,98.68951612903226,0.0,0.0,95.6212701612903,99.77822580645162,100.0,0.0,97.94560483870968
KKA2_KLEPN_Melnikov_2014,zs_wt_8M,5,98.68951612903226,0.0,0.0,93.00967741935484,99.75806451612904,100.0,0.0,96.30907258064515,99.75806451612904,100.0,0.0,98.03356854838711,99.77822580645162,100.0,0.0,99.06935483870969
KKA2_KLEPN_Melnikov_2014,random_search,6,97.64112903225806,0.0,0.0,87.63750000000002,97.64112903225806,0.0,0.0,92.63931451612902,99.81854838709677,100.0,0.0,95.93104838709678,99.87903225806451,100.0,0.0,98.27467741935484
KKA2_KLEPN_Melnikov_2014,random_walk,6,98.77016129032258,0.0,0.0,93.35080645161291,98.77016129032258,0.0,0.0,96.06048387096773,99.15322580645162,100.0,0.0,97.53598790322582,99.95967741935483,100.0,100.0,98.76282258064516
KKA2_KLEPN_Melnikov_2014,greedy_local,6,96.22983870967742,0.0,0.0,95.47379032258064,99.93951612903226,100.0,100.0,96.6679435483871,99.97983870967742,100.0,100.0,98.31360887096773,99.97983870967742,100.0,100.0,99.31334677419353
KKA2_KLEPN_Melnikov_2014,regevo,6,97.98387096774194,0.0,0.0,92.55362903225803,99.87903225806451,100.0,0.0,96.12540322580644,99.87903225806451,100.0,0.0,98.00221774193547,99.87903225806451,100.0,0.0,99.12830645161289
KKA2_KLEPN_Melnikov_2014,gpbo_ei,6,99.77822580645162,100.0,0.0,96.27741935483871,99.77822580645162,100.0,0.0,98.02782258064512,99.77822580645162,100.0,0.0,98.90302419354838,99.97983870967742,100.0,100.0,99.49387096774193
KKA2_KLEPN_Melnikov_2014,adalead_graph,6,99.6975806451613,100.0,0.0,97.94274193548387,99.6975806451613,100.0,0.0,98.82016129032257,99.6975806451613,100.0,0.0,99.25887096774193,99.95967741935483,100.0,100.0,99.6793548387097
KKA2_KLEPN_Melnikov_2014,fly,6,98.77016129032258,0.0,0.0,93.12862903225806,99.61693548387096,100.0,0.0,96.15987903225806,99.61693548387096,100.0,0.0,97.8884072580645,99.93951612903226,100.0,100.0,98.9790322580645
KKA2_KLEPN_Melnikov_2014,fly_memory,6,97.66129032258064,0.0,0.0,96.66532258064515,97.66129032258064,0.0,0.0,97.16330645161291,99.61693548387096,100.0,0.0,98.26300403225807,99.65725806451613,100.0,0.0,99.08887096774194
KKA2_KLEPN_Melnikov_2014,fly_best_tested,6,96.47177419354838,0.0,0.0,95.4883064516129,98.77016129032258,0.0,0.0,96.6235887096774,99.25403225806451,100.0,0.0,97.74284274193548,99.75806451612904,100.0,0.0,98.85354838709677
KKA2_KLEPN_Melnikov_2014,zs_mm_150M,6,99.75806451612904,100.0,0.0,95.41290322580645,99.75806451612904,100.0,0.0,97.58548387096775,99.75806451612904,100.0,0.0,98.6717741935484,99.77822580645162,100.0,0.0,99.33298387096774
KKA2_KLEPN_Melnikov_2014,zs_wt_150M,6,99.75806451612904,100.0,0.0,96.24475806451612,99.75806451612904,100.0,0.0,98.00141129032258,99.75806451612904,100.0,0.0,98.87973790322582,99.77822580645162,100.0,0.0,99.41693548387097
KKA2_KLEPN_Melnikov_2014,zs_wt_650M,6,98.68951612903226,0.0,0.0,96.70645161290324,99.8991935483871,100.0,0.0,97.92782258064511,99.8991935483871,100.0,0.0,98.91350806451612,99.91935483870968,100.0,100.0,99.51004032258064
KKA2_KLEPN_Melnikov_2014,zs_mm_8M,6,98.68951612903226,0.0,0.0,86.4165322580645,98.68951612903226,0.0,0.0,92.55302419354837,98.68951612903226,0.0,0.0,95.6212701612903,99.77822580645162,100.0,0.0,97.94560483870968
KKA2_KLEPN_Melnikov_2014,zs_wt_8M,6,98.68951612903226,0.0,0.0,93.00967741935484,99.75806451612904,100.0,0.0,96.30907258064515,99.75806451612904,100.0,0.0,98.03356854838711,99.77822580645162,100.0,0.0,99.06935483870969
KKA2_KLEPN_Melnikov_2014,random_search,7,99.29435483870968,100.0,0.0,97.41491935483867,99.29435483870968,100.0,0.0,98.3546370967742,99.93951612903226,100.0,100.0,98.98649193548387,99.93951612903226,100.0,100.0,99.55830645161288
KKA2_KLEPN_Melnikov_2014,random_walk,7,98.0241935483871,0.0,0.0,91.45161290322581,98.0241935483871,0.0,0.0,94.73790322580642,98.77016129032258,0.0,0.0,96.4679435483871,100.0,100.0,100.0,98.42592741935484
KKA2_KLEPN_Melnikov_2014,greedy_local,7,98.0241935483871,0.0,0.0,93.90766129032258,99.63709677419355,100.0,0.0,96.61108870967742,99.77822580645162,100.0,0.0,98.13608870967744,99.77822580645162,100.0,0.0,99.12137096774195
KKA2_KLEPN_Melnikov_2014,regevo,7,96.67338709677419,0.0,0.0,92.09516129032261,99.63709677419355,100.0,0.0,95.65645161290323,99.65725806451613,100.0,0.0,97.65372983870968,100.0,100.0,100.0,98.9079435483871
KKA2_KLEPN_Melnikov_2014,gpbo_ei,7,99.79838709677419,100.0,0.0,98.70806451612906,99.79838709677419,100.0,0.0,99.2532258064516,99.79838709677419,100.0,0.0,99.52580645161288,99.97983870967742,100.0,100.0,99.78370967741934
KKA2_KLEPN_Melnikov_2014,adalead_graph,7,99.75806451612904,100.0,0.0,98.29879032258064,99.8991935483871,100.0,0.0,99.03407258064516,99.8991935483871,100.0,0.0,99.46663306451613,99.8991935483871,100.0,0.0,99.7261693548387
KKA2_KLEPN_Melnikov_2014,fly,7,96.91532258064517,0.0,0.0,93.91733870967742,99.65725806451613,100.0,0.0,95.80020161290325,99.65725806451613,100.0,0.0,97.72872983870965,99.93951612903226,100.0,100.0,98.93883064516127
KKA2_KLEPN_Melnikov_2014,fly_memory,7,99.65725806451613,100.0,0.0,93.99637096774194,99.65725806451613,100.0,0.0,96.82681451612905,99.93951612903226,100.0,100.0,98.31542338709674,99.93951612903226,100.0,100.0,99.28987903225803
KKA2_KLEPN_Melnikov_2014,fly_best_tested,7,97.3991935483871,0.0,0.0,94.11129032258066,97.3991935483871,0.0,0.0,95.75524193548382,97.3991935483871,0.0,0.0,96.57721774193547,100.0,100.0,100.0,98.43701612903224
KKA2_KLEPN_Melnikov_2014,zs_mm_150M,7,99.75806451612904,100.0,0.0,95.41290322580645,99.75806451612904,100.0,0.0,97.58548387096775,99.75806451612904,100.0,0.0,98.6717741935484,99.77822580645162,100.0,0.0,99.33298387096774
KKA2_KLEPN_Melnikov_2014,zs_wt_150M,7,99.75806451612904,100.0,0.0,96.24475806451612,99.75806451612904,100.0,0.0,98.00141129032258,99.75806451612904,100.0,0.0,98.87973790322582,99.77822580645162,100.0,0.0,99.41693548387097
KKA2_KLEPN_Melnikov_2014,zs_wt_650M,7,98.68951612903226,0.0,0.0,96.70645161290324,99.8991935483871,100.0,0.0,97.92782258064511,99.8991935483871,100.0,0.0,98.91350806451612,99.91935483870968,100.0,100.0,99.51004032258064
KKA2_KLEPN_Melnikov_2014,zs_mm_8M,7,98.68951612903226,0.0,0.0,86.4165322580645,98.68951612903226,0.0,0.0,92.55302419354837,98.68951612903226,0.0,0.0,95.6212701612903,99.77822580645162,100.0,0.0,97.94560483870968
KKA2_KLEPN_Melnikov_2014,zs_wt_8M,7,98.68951612903226,0.0,0.0,93.00967741935484,99.75806451612904,100.0,0.0,96.30907258064515,99.75806451612904,100.0,0.0,98.03356854838711,99.77822580645162,100.0,0.0,99.06935483870969
KKA2_KLEPN_Melnikov_2014,random_search,8,97.6008064516129,0.0,0.0,89.62338709677418,99.85887096774194,100.0,0.0,94.4397177419355,99.85887096774194,100.0,0.0,97.14929435483872,99.87903225806451,100.0,0.0,98.7770564516129
KKA2_KLEPN_Melnikov_2014,random_walk,8,99.17338709677419,100.0,0.0,93.42580645161291,99.17338709677419,100.0,0.0,96.29959677419356,99.17338709677419,100.0,0.0,97.73649193548387,99.65725806451613,100.0,0.0,98.84020161290321
KKA2_KLEPN_Melnikov_2014,greedy_local,8,96.63306451612904,0.0,0.0,82.78790322580646,98.77016129032258,0.0,0.0,90.1931451612903,99.93951612903226,100.0,100.0,95.03709677419353,99.95967741935483,100.0,100.0,97.98891129032258
KKA2_KLEPN_Melnikov_2014,regevo,8,99.65725806451613,100.0,0.0,92.05040322580643,99.65725806451613,100.0,0.0,95.85383064516132,99.87903225806451,100.0,0.0,97.86199596774193,99.87903225806451,100.0,0.0,99.07221774193546
KKA2_KLEPN_Melnikov_2014,gpbo_ei,8,99.8991935483871,100.0,0.0,96.4,99.8991935483871,100.0,0.0,98.14959677419351,99.8991935483871,100.0,0.0,99.0243951612903,99.97983870967742,100.0,100.0,99.56350806451613
KKA2_KLEPN_Melnikov_2014,adalead_graph,8,99.91935483870968,100.0,100.0,92.41612903225806,99.91935483870968,100.0,100.0,96.16774193548389,99.91935483870968,100.0,100.0,98.04354838709678,99.91935483870968,100.0,100.0,99.16903225806452
KKA2_KLEPN_Melnikov_2014,fly,8,98.04435483870968,0.0,0.0,85.57540322580644,98.04435483870968,0.0,0.0,91.80987903225807,98.04435483870968,0.0,0.0,94.92711693548387,99.25403225806451,100.0,0.0,97.28616935483873
KKA2_KLEPN_Melnikov_2014,fly_memory,8,97.1774193548387,0.0,0.0,78.4366935483871,97.1774193548387,0.0,0.0,87.8070564516129,99.65725806451613,100.0,0.0,92.9634072580645,99.65725806451613,100.0,0.0,96.97971774193547
KKA2_KLEPN_Melnikov_2014,fly_best_tested,8,97.47983870967742,0.0,0.0,93.89435483870966,99.63709677419355,100.0,0.0,96.19919354838709,99.63709677419355,100.0,0.0,97.91814516129034,99.87903225806451,100.0,0.0,99.085
KKA2_KLEPN_Melnikov_2014,zs_mm_150M,8,99.75806451612904,100.0,0.0,95.41290322580645,99.75806451612904,100.0,0.0,97.58548387096775,99.75806451612904,100.0,0.0,98.6717741935484,99.77822580645162,100.0,0.0,99.33298387096774
KKA2_KLEPN_Melnikov_2014,zs_wt_150M,8,99.75806451612904,100.0,0.0,96.24475806451612,99.75806451612904,100.0,0.0,98.00141129032258,99.75806451612904,100.0,0.0,98.87973790322582,99.77822580645162,100.0,0.0,99.41693548387097
KKA2_KLEPN_Melnikov_2014,zs_wt_650M,8,98.68951612903226,0.0,0.0,96.70645161290324,99.8991935483871,100.0,0.0,97.92782258064511,99.8991935483871,100.0,0.0,98.91350806451612,99.91935483870968,100.0,100.0,99.51004032258064
KKA2_KLEPN_Melnikov_2014,zs_mm_8M,8,98.68951612903226,0.0,0.0,86.4165322580645,98.68951612903226,0.0,0.0,92.55302419354837,98.68951612903226,0.0,0.0,95.6212701612903,99.77822580645162,100.0,0.0,97.94560483870968
KKA2_KLEPN_Melnikov_2014,zs_wt_8M,8,98.68951612903226,0.0,0.0,93.00967741935484,99.75806451612904,100.0,0.0,96.30907258064515,99.75806451612904,100.0,0.0,98.03356854838711,99.77822580645162,100.0,0.0,99.06935483870969
KKA2_KLEPN_Melnikov_2014,random_search,9,98.97177419354838,0.0,0.0,94.43104838709678,98.97177419354838,0.0,0.0,96.70141129032261,99.23387096774194,100.0,0.0,97.92046370967742,99.65725806451613,100.0,0.0,98.88096774193546
KKA2_KLEPN_Melnikov_2014,random_walk,9,99.65725806451613,100.0,0.0,76.48306451612902,99.65725806451613,100.0,0.0,88.07016129032262,99.65725806451613,100.0,0.0,93.86370967741935,99.65725806451613,100.0,0.0,97.33983870967741
KKA2_KLEPN_Melnikov_2014,greedy_local,9,96.67338709677419,0.0,0.0,62.568145161290325,99.11290322580645,100.0,0.0,80.79173387096776,99.11290322580645,100.0,0.0,89.95231854838708,99.65725806451613,100.0,0.0,95.71560483870967
KKA2_KLEPN_Melnikov_2014,regevo,9,99.55645161290323,100.0,0.0,91.87338709677421,99.55645161290323,100.0,0.0,95.7149193548387,99.65725806451613,100.0,0.0,97.6618951612903,100.0,100.0,100.0,99.02185483870967
KKA2_KLEPN_Melnikov_2014,gpbo_ei,9,99.65725806451613,100.0,0.0,96.05120967741934,99.65725806451613,100.0,0.0,97.85423387096776,99.65725806451613,100.0,0.0,98.75574596774193,100.0,100.0,100.0,99.37088709677418
KKA2_KLEPN_Melnikov_2014,adalead_graph,9,98.58870967741936,0.0,0.0,94.15443548387098,98.58870967741936,0.0,0.0,96.37157258064514,99.6975806451613,100.0,0.0,97.88356854838709,99.87903225806451,100.0,0.0,99.06633064516127
KKA2_KLEPN_Melnikov_2014,fly,9,95.40322580645162,0.0,0.0,82.0858870967742,99.65725806451613,100.0,0.0,90.82903225806454,99.65725806451613,100.0,0.0,95.2431451612903,99.87903225806451,100.0,0.0,97.91024193548385
KKA2_KLEPN_Melnikov_2014,fly_memory,9,99.55645161290323,100.0,0.0,89.39637096774193,99.61693548387096,100.0,0.0,94.50423387096777,99.61693548387096,100.0,0.0,97.06058467741936,100.0,100.0,100.0,98.65479838709678
KKA2_KLEPN_Melnikov_2014,fly_best_tested,9,97.1774193548387,0.0,0.0,83.49193548387096,99.65725806451613,100.0,0.0,90.90504032258066,99.81854838709677,100.0,0.0,95.3134072580645,99.81854838709677,100.0,0.0,98.01649193548388
KKA2_KLEPN_Melnikov_2014,zs_mm_150M,9,99.75806451612904,100.0,0.0,95.41290322580645,99.75806451612904,100.0,0.0,97.58548387096775,99.75806451612904,100.0,0.0,98.6717741935484,99.77822580645162,100.0,0.0,99.33298387096774
KKA2_KLEPN_Melnikov_2014,zs_wt_150M,9,99.75806451612904,100.0,0.0,96.24475806451612,99.75806451612904,100.0,0.0,98.00141129032258,99.75806451612904,100.0,0.0,98.87973790322582,99.77822580645162,100.0,0.0,99.41693548387097
KKA2_KLEPN_Melnikov_2014,zs_wt_650M,9,98.68951612903226,0.0,0.0,96.70645161290324,99.8991935483871,100.0,0.0,97.92782258064511,99.8991935483871,100.0,0.0,98.91350806451612,99.91935483870968,100.0,100.0,99.51004032258064
KKA2_KLEPN_Melnikov_2014,zs_mm_8M,9,98.68951612903226,0.0,0.0,86.4165322580645,98.68951612903226,0.0,0.0,92.55302419354837,98.68951612903226,0.0,0.0,95.6212701612903,99.77822580645162,100.0,0.0,97.94560483870968
KKA2_KLEPN_Melnikov_2014,zs_wt_8M,9,98.68951612903226,0.0,0.0,93.00967741935484,99.75806451612904,100.0,0.0,96.30907258064515,99.75806451612904,100.0,0.0,98.03356854838711,99.77822580645162,100.0,0.0,99.06935483870969
KKA2_KLEPN_Melnikov_2014,random_search,10,97.35887096774194,0.0,0.0,96.60120967741936,99.93951612903226,100.0,100.0,97.65100806451613,99.93951612903226,100.0,100.0,98.79526209677418,99.93951612903226,100.0,100.0,99.48181451612902
KKA2_KLEPN_Melnikov_2014,random_walk,10,99.65725806451613,100.0,0.0,89.38548387096775,99.65725806451613,100.0,0.0,94.52137096774197,99.65725806451613,100.0,0.0,97.08931451612902,99.65725806451613,100.0,0.0,98.63008064516127
KKA2_KLEPN_Melnikov_2014,greedy_local,10,99.73790322580645,100.0,0.0,90.7568548387097,99.73790322580645,100.0,0.0,95.24737903225807,99.95967741935483,100.0,100.0,97.50614919354837,99.95967741935483,100.0,100.0,98.97826612903228
KKA2_KLEPN_Melnikov_2014,regevo,10,97.98387096774194,0.0,0.0,94.30362903225804,97.98387096774194,0.0,0.0,96.14375000000001,99.6975806451613,100.0,0.0,97.74737903225805,99.95967741935483,100.0,100.0,98.9982258064516
KKA2_KLEPN_Melnikov_2014,gpbo_ei,10,99.77822580645162,100.0,0.0,93.86451612903227,99.77822580645162,100.0,0.0,96.8213709677419,99.77822580645162,100.0,0.0,98.29979838709679,99.95967741935483,100.0,100.0,99.21697580645163
KKA2_KLEPN_Melnikov_2014,adalead_graph,10,99.95967741935483,100.0,100.0,93.66491935483872,99.95967741935483,100.0,100.0,96.81229838709676,99.95967741935483,100.0,100.0,98.38598790322584,99.95967741935483,100.0,100.0,99.33020161290324
KKA2_KLEPN_Melnikov_2014,fly,10,97.1774193548387,0.0,0.0,91.91814516129034,99.93951612903226,100.0,100.0,94.8516129032258,99.93951612903226,100.0,100.0,97.39556451612901,99.93951612903226,100.0,100.0,98.92193548387094
KKA2_KLEPN_Melnikov_2014,fly_memory,10,90.80645161290323,0.0,0.0,85.12661290322582,99.11290322580645,100.0,0.0,91.56612903225809,99.11290322580645,100.0,0.0,95.33951612903225,99.65725806451613,100.0,0.0,97.87790322580642
KKA2_KLEPN_Melnikov_2014,fly_best_tested,10,99.4758064516129,100.0,0.0,94.66612903225807,99.65725806451613,100.0,0.0,97.16169354838712,99.97983870967742,100.0,100.0,98.50302419354837,99.97983870967742,100.0,100.0,99.3891129032258
KKA2_KLEPN_Melnikov_2014,zs_mm_150M,10,99.75806451612904,100.0,0.0,95.41290322580645,99.75806451612904,100.0,0.0,97.58548387096775,99.75806451612904,100.0,0.0,98.6717741935484,99.77822580645162,100.0,0.0,99.33298387096774
KKA2_KLEPN_Melnikov_2014,zs_wt_150M,10,99.75806451612904,100.0,0.0,96.24475806451612,99.75806451612904,100.0,0.0,98.00141129032258,99.75806451612904,100.0,0.0,98.87973790322582,99.77822580645162,100.0,0.0,99.41693548387097
KKA2_KLEPN_Melnikov_2014,zs_wt_650M,10,98.68951612903226,0.0,0.0,96.70645161290324,99.8991935483871,100.0,0.0,97.92782258064511,99.8991935483871,100.0,0.0,98.91350806451612,99.91935483870968,100.0,100.0,99.51004032258064
KKA2_KLEPN_Melnikov_2014,zs_mm_8M,10,98.68951612903226,0.0,0.0,86.4165322580645,98.68951612903226,0.0,0.0,92.55302419354837,98.68951612903226,0.0,0.0,95.6212701612903,99.77822580645162,100.0,0.0,97.94560483870968
KKA2_KLEPN_Melnikov_2014,zs_wt_8M,10,98.68951612903226,0.0,0.0,93.00967741935484,99.75806451612904,100.0,0.0,96.30907258064515,99.75806451612904,100.0,0.0,98.03356854838711,99.77822580645162,100.0,0.0,99.06935483870969
KKA2_KLEPN_Melnikov_2014,random_search,11,99.41532258064517,100.0,0.0,92.24596774193549,99.41532258064517,100.0,0.0,95.83064516129033,99.59677419354838,100.0,0.0,97.63024193548387,100.0,100.0,100.0,98.84887096774193
KKA2_KLEPN_Melnikov_2014,random_walk,11,96.73387096774194,0.0,0.0,89.98145161290321,99.61693548387096,100.0,0.0,93.72237903225809,99.61693548387096,100.0,0.0,96.6696572580645,99.81854838709677,100.0,0.0,98.49862903225807
KKA2_KLEPN_Melnikov_2014,greedy_local,11,96.29032258064517,0.0,0.0,84.02822580645162,99.73790322580645,100.0,0.0,91.35161290322581,99.73790322580645,100.0,0.0,95.54475806451612,99.77822580645162,100.0,0.0,98.0816935483871
KKA2_KLEPN_Melnikov_2014,regevo,11,99.63709677419355,100.0,0.0,95.61088709677416,99.63709677419355,100.0,0.0,97.62399193548386,100.0,100.0,100.0,98.78296370967742,100.0,100.0,100.0,99.51318548387097
KKA2_KLEPN_Melnikov_2014,gpbo_ei,11,97.27822580645162,0.0,0.0,94.13064516129035,100.0,100.0,100.0,96.84758064516129,100.0,100.0,100.0,98.42379032258064,100.0,100.0,100.0,99.36951612903226
KKA2_KLEPN_Melnikov_2014,adalead_graph,11,97.3991935483871,0.0,0.0,87.17419354838712,99.81854838709677,100.0,0.0,92.76048387096773,99.81854838709677,100.0,0.0,96.28951612903228,99.8991935483871,100.0,0.0,98.45064516129032
KKA2_KLEPN_Melnikov_2014,fly,11,97.98387096774194,0.0,0.0,93.52620967741936,97.98387096774194,0.0,0.0,95.75504032258067,99.25403225806451,100.0,0.0,97.47913306451613,99.83870967741936,100.0,0.0,98.85028225806451
KKA2_KLEPN_Melnikov_2014,fly_memory,11,99.11290322580645,100.0,0.0,93.20201612903227,99.11290322580645,100.0,0.0,96.15745967741935,99.11290322580645,100.0,0.0,97.63518145161288,99.93951612903226,100.0,100.0,98.76423387096773
KKA2_KLEPN_Melnikov_2014,fly_best_tested,11,97.47983870967742,0.0,0.0,94.04274193548386,99.01209677419355,100.0,0.0,96.1078629032258,100.0,100.0,100.0,97.57479838709678,100.0,100.0,100.0,99.02991935483871
KKA2_KLEPN_Melnikov_2014,zs_mm_150M,11,99.75806451612904,100.0,0.0,95.41290322580645,99.75806451612904,100.0,0.0,97.58548387096775,99.75806451612904,100.0,0.0,98.6717741935484,99.77822580645162,100.0,0.0,99.33298387096774
KKA2_KLEPN_Melnikov_2014,zs_wt_150M,11,99.75806451612904,100.0,0.0,96.24475806451612,99.75806451612904,100.0,0.0,98.00141129032258,99.75806451612904,100.0,0.0,98.87973790322582,99.77822580645162,100.0,0.0,99.41693548387097
KKA2_KLEPN_Melnikov_2014,zs_wt_650M,11,98.68951612903226,0.0,0.0,96.70645161290324,99.8991935483871,100.0,0.0,97.92782258064511,99.8991935483871,100.0,0.0,98.91350806451612,99.91935483870968,100.0,100.0,99.51004032258064
KKA2_KLEPN_Melnikov_2014,zs_mm_8M,11,98.68951612903226,0.0,0.0,86.4165322580645,98.68951612903226,0.0,0.0,92.55302419354837,98.68951612903226,0.0,0.0,95.6212701612903,99.77822580645162,100.0,0.0,97.94560483870968
KKA2_KLEPN_Melnikov_2014,zs_wt_8M,11,98.68951612903226,0.0,0.0,93.00967741935484,99.75806451612904,100.0,0.0,96.30907258064515,99.75806451612904,100.0,0.0,98.03356854838711,99.77822580645162,100.0,0.0,99.06935483870969
KKA2_KLEPN_Melnikov_2014,random_search,12,98.83064516129032,0.0,0.0,96.35000000000002,99.65725806451613,100.0,0.0,97.68951612903231,99.65725806451613,100.0,0.0,98.6733870967742,99.81854838709677,100.0,0.0,99.3083870967742
KKA2_KLEPN_Melnikov_2014,random_walk,12,95.9274193548387,0.0,0.0,91.96975806451614,96.875,0.0,0.0,94.1445564516129,99.83870967741936,100.0,0.0,96.92540322580643,99.83870967741936,100.0,0.0,98.67338709677419
KKA2_KLEPN_Melnikov_2014,greedy_local,12,99.93951612903226,100.0,100.0,95.36532258064516,99.93951612903226,100.0,100.0,97.65241935483867,99.95967741935483,100.0,100.0,98.80272177419354,99.95967741935483,100.0,100.0,99.49689516129034
KKA2_KLEPN_Melnikov_2014,regevo,12,97.94354838709677,0.0,0.0,86.83346774193545,99.65725806451613,100.0,0.0,93.00544354838712,99.6975806451613,100.0,0.0,96.3476814516129,99.95967741935483,100.0,100.0,98.44254032258064
KKA2_KLEPN_Melnikov_2014,gpbo_ei,12,95.96774193548387,0.0,0.0,90.54556451612905,99.61693548387096,100.0,0.0,94.23407258064519,99.65725806451613,100.0,0.0,96.92953629032257,100.0,100.0,100.0,98.65391129032258
KKA2_KLEPN_Melnikov_2014,adalead_graph,12,98.99193548387096,0.0,0.0,93.58830645161292,98.99193548387096,0.0,0.0,96.29012096774193,99.81854838709677,100.0,0.0,97.92026209677421,99.87903225806451,100.0,0.0,99.06020161290324
KKA2_KLEPN_Melnikov_2014,fly,12,94.53629032258064,0.0,0.0,88.3290322580645,97.1774193548387,0.0,0.0,91.72318548387096,99.65725806451613,100.0,0.0,95.5626008064516,99.65725806451613,100.0,0.0,98.0193951612903
KKA2_KLEPN_Melnikov_2014,fly_memory,12,99.93951612903226,100.0,100.0,96.49193548387096,99.93951612903226,100.0,100.0,98.21572580645159,99.93951612903226,100.0,100.0,99.07762096774191,99.93951612903226,100.0,100.0,99.59475806451611
KKA2_KLEPN_Melnikov_2014,fly_best_tested,12,99.93951612903226,100.0,100.0,95.67419354838708,99.93951612903226,100.0,100.0,97.80685483870965,99.93951612903226,100.0,100.0,98.87318548387094,99.93951612903226,100.0,100.0,99.51298387096773
KKA2_KLEPN_Melnikov_2014,zs_mm_150M,12,99.75806451612904,100.0,0.0,95.41290322580645,99.75806451612904,100.0,0.0,97.58548387096775,99.75806451612904,100.0,0.0,98.6717741935484,99.77822580645162,100.0,0.0,99.33298387096774
KKA2_KLEPN_Melnikov_2014,zs_wt_150M,12,99.75806451612904,100.0,0.0,96.24475806451612,99.75806451612904,100.0,0.0,98.00141129032258,99.75806451612904,100.0,0.0,98.87973790322582,99.77822580645162,100.0,0.0,99.41693548387097
KKA2_KLEPN_Melnikov_2014,zs_wt_650M,12,98.68951612903226,0.0,0.0,96.70645161290324,99.8991935483871,100.0,0.0,97.92782258064511,99.8991935483871,100.0,0.0,98.91350806451612,99.91935483870968,100.0,100.0,99.51004032258064
KKA2_KLEPN_Melnikov_2014,zs_mm_8M,12,98.68951612903226,0.0,0.0,86.4165322580645,98.68951612903226,0.0,0.0,92.55302419354837,98.68951612903226,0.0,0.0,95.6212701612903,99.77822580645162,100.0,0.0,97.94560483870968
KKA2_KLEPN_Melnikov_2014,zs_wt_8M,12,98.68951612903226,0.0,0.0,93.00967741935484,99.75806451612904,100.0,0.0,96.30907258064515,99.75806451612904,100.0,0.0,98.03356854838711,99.77822580645162,100.0,0.0,99.06935483870969
KKA2_KLEPN_Melnikov_2014,random_search,13,99.75806451612904,100.0,0.0,95.88790322580644,99.75806451612904,100.0,0.0,97.82298387096773,99.8991935483871,100.0,0.0,98.85332661290322,99.8991935483871,100.0,0.0,99.48084677419355
KKA2_KLEPN_Melnikov_2014,random_walk,13,97.31854838709677,0.0,0.0,93.26290322580644,99.83870967741936,100.0,0.0,96.3612903225806,99.83870967741936,100.0,0.0,98.1,99.83870967741936,100.0,0.0,99.14322580645161
KKA2_KLEPN_Melnikov_2014,greedy_local,13,99.65725806451613,100.0,0.0,95.0697580645161,99.65725806451613,100.0,0.0,97.36350806451615,99.65725806451613,100.0,0.0,98.51038306451612,99.65725806451613,100.0,0.0,99.19850806451612
KKA2_KLEPN_Melnikov_2014,regevo,13,99.71774193548387,100.0,0.0,90.17943548387096,99.71774193548387,100.0,0.0,94.94858870967738,99.87903225806451,100.0,0.0,97.3976814516129,99.87903225806451,100.0,0.0,98.88649193548385
KKA2_KLEPN_Melnikov_2014,gpbo_ei,13,98.99193548387096,0.0,0.0,93.45524193548388,99.61693548387096,100.0,0.0,96.46108870967743,99.71774193548387,100.0,0.0,98.07933467741935,99.95967741935483,100.0,100.0,99.16108870967743
KKA2_KLEPN_Melnikov_2014,adalead_graph,13,99.49596774193549,100.0,0.0,93.38104838709678,99.49596774193549,100.0,0.0,96.43850806451614,99.6774193548387,100.0,0.0,98.03729838709678,99.81854838709677,100.0,0.0,99.0572983870968
KKA2_KLEPN_Melnikov_2014,fly,13,97.52016129032258,0.0,0.0,88.5717741935484,97.52016129032258,0.0,0.0,93.04596774193546,99.95967741935483,100.0,100.0,95.76431451612903,99.95967741935483,100.0,100.0,98.28153225806454
KKA2_KLEPN_Melnikov_2014,fly_memory,13,99.65725806451613,100.0,0.0,97.06370967741933,99.65725806451613,100.0,0.0,98.36048387096777,99.65725806451613,100.0,0.0,99.00887096774193,99.65725806451613,100.0,0.0,99.39790322580644
KKA2_KLEPN_Melnikov_2014,fly_best_tested,13,99.13306451612904,100.0,0.0,96.88306451612901,99.13306451612904,100.0,0.0,98.00806451612901,99.25403225806451,100.0,0.0,98.59475806451611,99.71774193548387,100.0,0.0,99.20826612903225
KKA2_KLEPN_Melnikov_2014,zs_mm_150M,13,99.75806451612904,100.0,0.0,95.41290322580645,99.75806451612904,100.0,0.0,97.58548387096775,99.75806451612904,100.0,0.0,98.6717741935484,99.77822580645162,100.0,0.0,99.33298387096774
KKA2_KLEPN_Melnikov_2014,zs_wt_150M,13,99.75806451612904,100.0,0.0,96.24475806451612,99.75806451612904,100.0,0.0,98.00141129032258,99.75806451612904,100.0,0.0,98.87973790322582,99.77822580645162,100.0,0.0,99.41693548387097
KKA2_KLEPN_Melnikov_2014,zs_wt_650M,13,98.68951612903226,0.0,0.0,96.70645161290324,99.8991935483871,100.0,0.0,97.92782258064511,99.8991935483871,100.0,0.0,98.91350806451612,99.91935483870968,100.0,100.0,99.51004032258064
KKA2_KLEPN_Melnikov_2014,zs_mm_8M,13,98.68951612903226,0.0,0.0,86.4165322580645,98.68951612903226,0.0,0.0,92.55302419354837,98.68951612903226,0.0,0.0,95.6212701612903,99.77822580645162,100.0,0.0,97.94560483870968
KKA2_KLEPN_Melnikov_2014,zs_wt_8M,13,98.68951612903226,0.0,0.0,93.00967741935484,99.75806451612904,100.0,0.0,96.30907258064515,99.75806451612904,100.0,0.0,98.03356854838711,99.77822580645162,100.0,0.0,99.06935483870969
KKA2_KLEPN_Melnikov_2014,random_search,14,90.48387096774194,0.0,0.0,82.51088709677418,97.11693548387096,0.0,0.0,88.0858870967742,98.6491935483871,0.0,0.0,92.87530241935482,99.49596774193549,100.0,0.0,96.7105241935484
KKA2_KLEPN_Melnikov_2014,random_walk,14,99.65725806451613,100.0,0.0,94.1217741935484,99.65725806451613,100.0,0.0,96.88951612903227,99.65725806451613,100.0,0.0,98.27338709677417,99.93951612903226,100.0,100.0,99.18217741935482
KKA2_KLEPN_Melnikov_2014,greedy_local,14,99.73790322580645,100.0,0.0,91.63306451612905,99.73790322580645,100.0,0.0,95.68548387096776,99.73790322580645,100.0,0.0,97.71169354838709,99.93951612903226,100.0,100.0,98.93669354838708
KKA2_KLEPN_Melnikov_2014,regevo,14,96.59274193548387,0.0,0.0,90.12096774193549,99.79838709677419,100.0,0.0,93.80987903225808,99.79838709677419,100.0,0.0,96.80413306451612,99.87903225806451,100.0,0.0,98.62891129032256
KKA2_KLEPN_Melnikov_2014,gpbo_ei,14,98.68951612903226,0.0,0.0,91.89717741935485,99.65725806451613,100.0,0.0,95.47721774193549,99.65725806451613,100.0,0.0,97.5672379032258,99.95967741935483,100.0,100.0,98.90141129032257
KKA2_KLEPN_Melnikov_2014,adalead_graph,14,99.31451612903226,100.0,0.0,94.97459677419356,99.31451612903226,100.0,0.0,97.14455645161289,99.61693548387096,100.0,0.0,98.36381048387095,99.87903225806451,100.0,0.0,99.21133064516127
KKA2_KLEPN_Melnikov_2014,fly,14,99.63709677419355,100.0,0.0,88.81209677419352,99.77822580645162,100.0,0.0,94.23870967741932,99.77822580645162,100.0,0.0,97.00846774193549,100.0,100.0,100.0,98.78431451612903
KKA2_KLEPN_Melnikov_2014,fly_memory,14,99.65725806451613,100.0,0.0,95.46008064516128,99.65725806451613,100.0,0.0,97.55866935483873,99.65725806451613,100.0,0.0,98.6079637096774,99.81854838709677,100.0,0.0,99.30237903225806
KKA2_KLEPN_Melnikov_2014,fly_best_tested,14,99.63709677419355,100.0,0.0,90.43790322580645,99.63709677419355,100.0,0.0,95.0375,99.63709677419355,100.0,0.0,97.33729838709678,99.87903225806451,100.0,0.0,98.75520161290324
KKA2_KLEPN_Melnikov_2014,zs_mm_150M,14,99.75806451612904,100.0,0.0,95.41290322580645,99.75806451612904,100.0,0.0,97.58548387096775,99.75806451612904,100.0,0.0,98.6717741935484,99.77822580645162,100.0,0.0,99.33298387096774
KKA2_KLEPN_Melnikov_2014,zs_wt_150M,14,99.75806451612904,100.0,0.0,96.24475806451612,99.75806451612904,100.0,0.0,98.00141129032258,99.75806451612904,100.0,0.0,98.87973790322582,99.77822580645162,100.0,0.0,99.41693548387097
KKA2_KLEPN_Melnikov_2014,zs_wt_650M,14,98.68951612903226,0.0,0.0,96.70645161290324,99.8991935483871,100.0,0.0,97.92782258064511,99.8991935483871,100.0,0.0,98.91350806451612,99.91935483870968,100.0,100.0,99.51004032258064
KKA2_KLEPN_Melnikov_2014,zs_mm_8M,14,98.68951612903226,0.0,0.0,86.4165322580645,98.68951612903226,0.0,0.0,92.55302419354837,98.68951612903226,0.0,0.0,95.6212701612903,99.77822580645162,100.0,0.0,97.94560483870968
KKA2_KLEPN_Melnikov_2014,zs_wt_8M,14,98.68951612903226,0.0,0.0,93.00967741935484,99.75806451612904,100.0,0.0,96.30907258064515,99.75806451612904,100.0,0.0,98.03356854838711,99.77822580645162,100.0,0.0,99.06935483870969
KKA2_KLEPN_Melnikov_2014,random_search,15,99.81854838709677,100.0,0.0,94.36975806451612,99.81854838709677,100.0,0.0,97.09415322580648,99.81854838709677,100.0,0.0,98.45635080645162,99.81854838709677,100.0,0.0,99.27366935483873
KKA2_KLEPN_Melnikov_2014,random_walk,15,96.45161290322581,0.0,0.0,96.17217741935482,96.45161290322581,0.0,0.0,96.31189516129034,99.97983870967742,100.0,100.0,98.06048387096774,99.97983870967742,100.0,100.0,99.21209677419354
KKA2_KLEPN_Melnikov_2014,greedy_local,15,99.93951612903226,100.0,100.0,98.03991935483872,99.93951612903226,100.0,100.0,98.98971774193545,99.93951612903226,100.0,100.0,99.46461693548385,99.93951612903226,100.0,100.0,99.74955645161288
KKA2_KLEPN_Melnikov_2014,regevo,15,98.66935483870968,0.0,0.0,96.80483870967743,99.6774193548387,100.0,0.0,98.24112903225807,99.87903225806451,100.0,0.0,99.04395161290321,99.87903225806451,100.0,0.0,99.54499999999999
KKA2_KLEPN_Melnikov_2014,gpbo_ei,15,97.47983870967742,0.0,0.0,95.56290322580644,98.99193548387096,0.0,0.0,97.20181451612903,99.81854838709677,100.0,0.0,98.46885080645163,99.95967741935483,100.0,100.0,99.28036290322582
KKA2_KLEPN_Melnikov_2014,adalead_graph,15,99.75806451612904,100.0,0.0,97.99032258064516,99.75806451612904,100.0,0.0,98.87419354838708,99.75806451612904,100.0,0.0,99.31612903225806,99.81854838709677,100.0,0.0,99.59060483870968
KKA2_KLEPN_Melnikov_2014,fly,15,99.63709677419355,100.0,0.0,96.71209677419353,99.75806451612904,100.0,0.0,98.21693548387094,99.97983870967742,100.0,100.0,99.04405241935483,99.97983870967742,100.0,100.0,99.60552419354836
KKA2_KLEPN_Melnikov_2014,fly_memory,15,99.61693548387096,100.0,0.0,96.20967741935485,100.0,100.0,100.0,98.03971774193549,100.0,100.0,100.0,99.01985887096775,100.0,100.0,100.0,99.6079435483871
KKA2_KLEPN_Melnikov_2014,fly_best_tested,15,97.1774193548387,0.0,0.0,95.92419354838712,99.4758064516129,100.0,0.0,97.03266129032261,99.61693548387096,100.0,0.0,98.25907258064515,100.0,100.0,100.0,99.27987903225807
KKA2_KLEPN_Melnikov_2014,zs_mm_150M,15,99.75806451612904,100.0,0.0,95.41290322580645,99.75806451612904,100.0,0.0,97.58548387096775,99.75806451612904,100.0,0.0,98.6717741935484,99.77822580645162,100.0,0.0,99.33298387096774
KKA2_KLEPN_Melnikov_2014,zs_wt_150M,15,99.75806451612904,100.0,0.0,96.24475806451612,99.75806451612904,100.0,0.0,98.00141129032258,99.75806451612904,100.0,0.0,98.87973790322582,99.77822580645162,100.0,0.0,99.41693548387097
KKA2_KLEPN_Melnikov_2014,zs_wt_650M,15,98.68951612903226,0.0,0.0,96.70645161290324,99.8991935483871,100.0,0.0,97.92782258064511,99.8991935483871,100.0,0.0,98.91350806451612,99.91935483870968,100.0,100.0,99.51004032258064
KKA2_KLEPN_Melnikov_2014,zs_mm_8M,15,98.68951612903226,0.0,0.0,86.4165322580645,98.68951612903226,0.0,0.0,92.55302419354837,98.68951612903226,0.0,0.0,95.6212701612903,99.77822580645162,100.0,0.0,97.94560483870968
KKA2_KLEPN_Melnikov_2014,zs_wt_8M,15,98.68951612903226,0.0,0.0,93.00967741935484,99.75806451612904,100.0,0.0,96.30907258064515,99.75806451612904,100.0,0.0,98.03356854838711,99.77822580645162,100.0,0.0,99.06935483870969
KKA2_KLEPN_Melnikov_2014,random_search,16,98.32661290322581,0.0,0.0,95.57298387096773,98.32661290322581,0.0,0.0,96.94979838709678,99.87903225806451,100.0,0.0,98.25141129032258,99.87903225806451,100.0,0.0,99.22798387096773
KKA2_KLEPN_Melnikov_2014,random_walk,16,91.20967741935483,0.0,0.0,88.88064516129035,96.16935483870968,0.0,0.0,90.51875000000004,99.63709677419355,100.0,0.0,94.6890120967742,99.93951612903226,100.0,100.0,97.81282258064515
KKA2_KLEPN_Melnikov_2014,greedy_local,16,99.11290322580645,100.0,0.0,86.91491935483873,99.6774193548387,100.0,0.0,93.2453629032258,99.6774193548387,100.0,0.0,96.46139112903224,99.6774193548387,100.0,0.0,98.39100806451614
KKA2_KLEPN_Melnikov_2014,regevo,16,98.4274193548387,0.0,0.0,96.67217741935485,98.4274193548387,0.0,0.0,97.54979838709679,99.61693548387096,100.0,0.0,98.25010080645161,100.0,100.0,100.0,99.29850806451613
KKA2_KLEPN_Melnikov_2014,gpbo_ei,16,99.8991935483871,100.0,0.0,88.44112903225806,99.8991935483871,100.0,0.0,94.17016129032254,99.8991935483871,100.0,0.0,97.03467741935484,100.0,100.0,100.0,98.76649193548387
KKA2_KLEPN_Melnikov_2014,adalead_graph,16,99.63709677419355,100.0,0.0,97.85766129032258,99.63709677419355,100.0,0.0,98.74737903225807,99.63709677419355,100.0,0.0,99.19223790322583,99.87903225806451,100.0,0.0,99.52254032258067
KKA2_KLEPN_Melnikov_2014,fly,16,97.98387096774194,0.0,0.0,86.8891129032258,99.63709677419355,100.0,0.0,92.55221774193548,99.63709677419355,100.0,0.0,96.09465725806453,99.63709677419355,100.0,0.0,98.22012096774195
KKA2_KLEPN_Melnikov_2014,fly_memory,16,99.11290322580645,100.0,0.0,91.70564516129033,99.65725806451613,100.0,0.0,95.46915322580648,99.65725806451613,100.0,0.0,97.56320564516129,99.65725806451613,100.0,0.0,98.81963709677419
KKA2_KLEPN_Melnikov_2014,fly_best_tested,16,97.8225806451613,0.0,0.0,86.41733870967741,100.0,100.0,100.0,92.81149193548386,100.0,100.0,100.0,96.40574596774194,100.0,100.0,100.0,98.56229838709677
KKA2_KLEPN_Melnikov_2014,zs_mm_150M,16,99.75806451612904,100.0,0.0,95.41290322580645,99.75806451612904,100.0,0.0,97.58548387096775,99.75806451612904,100.0,0.0,98.6717741935484,99.77822580645162,100.0,0.0,99.33298387096774
KKA2_KLEPN_Melnikov_2014,zs_wt_150M,16,99.75806451612904,100.0,0.0,96.24475806451612,99.75806451612904,100.0,0.0,98.00141129032258,99.75806451612904,100.0,0.0,98.87973790322582,99.77822580645162,100.0,0.0,99.41693548387097
KKA2_KLEPN_Melnikov_2014,zs_wt_650M,16,98.68951612903226,0.0,0.0,96.70645161290324,99.8991935483871,100.0,0.0,97.92782258064511,99.8991935483871,100.0,0.0,98.91350806451612,99.91935483870968,100.0,100.0,99.51004032258064
KKA2_KLEPN_Melnikov_2014,zs_mm_8M,16,98.68951612903226,0.0,0.0,86.4165322580645,98.68951612903226,0.0,0.0,92.55302419354837,98.68951612903226,0.0,0.0,95.6212701612903,99.77822580645162,100.0,0.0,97.94560483870968
KKA2_KLEPN_Melnikov_2014,zs_wt_8M,16,98.68951612903226,0.0,0.0,93.00967741935484,99.75806451612904,100.0,0.0,96.30907258064515,99.75806451612904,100.0,0.0,98.03356854838711,99.77822580645162,100.0,0.0,99.06935483870969
KKA2_KLEPN_Melnikov_2014,random_search,17,99.17338709677419,100.0,0.0,96.59233870967745,99.51612903225806,100.0,0.0,97.93185483870965,99.51612903225806,100.0,0.0,98.72399193548387,99.73790322580645,100.0,0.0,99.27245967741935
KKA2_KLEPN_Melnikov_2014,random_walk,17,98.04435483870968,0.0,0.0,87.61532258064516,100.0,100.0,100.0,93.35645161290321,100.0,100.0,100.0,96.67822580645161,100.0,100.0,100.0,98.67129032258063
KKA2_KLEPN_Melnikov_2014,greedy_local,17,99.39516129032258,100.0,0.0,89.08870967741936,99.39516129032258,100.0,0.0,94.24193548387095,99.79838709677419,100.0,0.0,96.92651209677419,99.85887096774194,100.0,0.0,98.65024193548385
KKA2_KLEPN_Melnikov_2014,regevo,17,99.55645161290323,100.0,0.0,94.31693548387096,99.55645161290323,100.0,0.0,96.93669354838708,99.6774193548387,100.0,0.0,98.29435483870967,99.87903225806451,100.0,0.0,99.19161290322579
KKA2_KLEPN_Melnikov_2014,gpbo_ei,17,98.99193548387096,0.0,0.0,92.58709677419355,98.99193548387096,0.0,0.0,95.78951612903228,99.71774193548387,100.0,0.0,97.72459677419356,100.0,100.0,100.0,98.96661290322582
KKA2_KLEPN_Melnikov_2014,adalead_graph,17,99.375,100.0,0.0,91.59838709677419,99.375,100.0,0.0,95.48669354838708,99.6975806451613,100.0,0.0,97.57691532258063,99.95967741935483,100.0,100.0,98.86274193548388
KKA2_KLEPN_Melnikov_2014,fly,17,99.63709677419355,100.0,0.0,90.34475806451611,99.63709677419355,100.0,0.0,94.99092741935483,99.63709677419355,100.0,0.0,97.3140120967742,100.0,100.0,100.0,98.76592741935487
KKA2_KLEPN_Melnikov_2014,fly_memory,17,96.06854838709677,0.0,0.0,92.45645161290321,98.77016129032258,0.0,0.0,95.24879032258063,99.65725806451613,100.0,0.0,97.43084677419353,99.83870967741936,100.0,0.0,98.80044354838711
KKA2_KLEPN_Melnikov_2014,fly_best_tested,17,98.77016129032258,0.0,0.0,89.24677419354839,99.65725806451613,100.0,0.0,94.09717741935486,99.65725806451613,100.0,0.0,96.87721774193547,99.65725806451613,100.0,0.0,98.54524193548384
KKA2_KLEPN_Melnikov_2014,zs_mm_150M,17,99.75806451612904,100.0,0.0,95.41290322580645,99.75806451612904,100.0,0.0,97.58548387096775,99.75806451612904,100.0,0.0,98.6717741935484,99.77822580645162,100.0,0.0,99.33298387096774
KKA2_KLEPN_Melnikov_2014,zs_wt_150M,17,99.75806451612904,100.0,0.0,96.24475806451612,99.75806451612904,100.0,0.0,98.00141129032258,99.75806451612904,100.0,0.0,98.87973790322582,99.77822580645162,100.0,0.0,99.41693548387097
KKA2_KLEPN_Melnikov_2014,zs_wt_650M,17,98.68951612903226,0.0,0.0,96.70645161290324,99.8991935483871,100.0,0.0,97.92782258064511,99.8991935483871,100.0,0.0,98.91350806451612,99.91935483870968,100.0,100.0,99.51004032258064
KKA2_KLEPN_Melnikov_2014,zs_mm_8M,17,98.68951612903226,0.0,0.0,86.4165322580645,98.68951612903226,0.0,0.0,92.55302419354837,98.68951612903226,0.0,0.0,95.6212701612903,99.77822580645162,100.0,0.0,97.94560483870968
KKA2_KLEPN_Melnikov_2014,zs_wt_8M,17,98.68951612903226,0.0,0.0,93.00967741935484,99.75806451612904,100.0,0.0,96.30907258064515,99.75806451612904,100.0,0.0,98.03356854838711,99.77822580645162,100.0,0.0,99.06935483870969
KKA2_KLEPN_Melnikov_2014,random_search,18,99.91935483870968,100.0,100.0,95.95766129032258,99.91935483870968,100.0,100.0,97.93850806451614,99.91935483870968,100.0,100.0,98.9289314516129,99.91935483870968,100.0,100.0,99.52318548387098
KKA2_KLEPN_Melnikov_2014,random_walk,18,99.61693548387096,100.0,0.0,95.36008064516129,99.61693548387096,100.0,0.0,97.48850806451614,99.65725806451613,100.0,0.0,98.55514112903225,99.65725806451613,100.0,0.0,99.21641129032258
KKA2_KLEPN_Melnikov_2014,greedy_local,18,99.85887096774194,100.0,0.0,80.14233870967742,99.85887096774194,100.0,0.0,90.00060483870969,99.93951612903226,100.0,100.0,94.95836693548387,99.93951612903226,100.0,100.0,97.94705645161288
KKA2_KLEPN_Melnikov_2014,regevo,18,99.51612903225806,100.0,0.0,94.07459677419357,99.51612903225806,100.0,0.0,96.7953629032258,99.87903225806451,100.0,0.0,98.23195564516129,99.87903225806451,100.0,0.0,99.22020161290321
KKA2_KLEPN_Melnikov_2014,gpbo_ei,18,98.99193548387096,0.0,0.0,92.33548387096776,98.99193548387096,0.0,0.0,95.66370967741936,99.65725806451613,100.0,0.0,97.57610887096773,100.0,100.0,100.0,99.00177419354839
KKA2_KLEPN_Melnikov_2014,adalead_graph,18,99.31451612903226,100.0,0.0,94.7016129032258,99.95967741935483,100.0,100.0,97.18870967741933,99.95967741935483,100.0,100.0,98.5741935483871,99.95967741935483,100.0,100.0,99.40548387096776
KKA2_KLEPN_Melnikov_2014,fly,18,97.21774193548387,0.0,0.0,87.35967741935485,98.00403225806451,0.0,0.0,92.56189516129034,99.93951612903226,100.0,100.0,96.15191532258065,99.93951612903226,100.0,100.0,98.4244758064516
KKA2_KLEPN_Melnikov_2014,fly_memory,18,93.75,0.0,0.0,85.43427419354838,99.63709677419355,100.0,0.0,91.7243951612903,99.77822580645162,100.0,0.0,95.72379032258064,99.77822580645162,100.0,0.0,98.15645161290324
KKA2_KLEPN_Melnikov_2014,fly_best_tested,18,99.49596774193549,100.0,0.0,93.53225806451614,99.49596774193549,100.0,0.0,96.51411290322581,99.49596774193549,100.0,0.0,98.00504032258064,99.93951612903226,100.0,100.0,99.05483870967743
KKA2_KLEPN_Melnikov_2014,zs_mm_150M,18,99.75806451612904,100.0,0.0,95.41290322580645,99.75806451612904,100.0,0.0,97.58548387096775,99.75806451612904,100.0,0.0,98.6717741935484,99.77822580645162,100.0,0.0,99.33298387096774
KKA2_KLEPN_Melnikov_2014,zs_wt_150M,18,99.75806451612904,100.0,0.0,96.24475806451612,99.75806451612904,100.0,0.0,98.00141129032258,99.75806451612904,100.0,0.0,98.87973790322582,99.77822580645162,100.0,0.0,99.41693548387097
KKA2_KLEPN_Melnikov_2014,zs_wt_650M,18,98.68951612903226,0.0,0.0,96.70645161290324,99.8991935483871,100.0,0.0,97.92782258064511,99.8991935483871,100.0,0.0,98.91350806451612,99.91935483870968,100.0,100.0,99.51004032258064
KKA2_KLEPN_Melnikov_2014,zs_mm_8M,18,98.68951612903226,0.0,0.0,86.4165322580645,98.68951612903226,0.0,0.0,92.55302419354837,98.68951612903226,0.0,0.0,95.6212701612903,99.77822580645162,100.0,0.0,97.94560483870968
KKA2_KLEPN_Melnikov_2014,zs_wt_8M,18,98.68951612903226,0.0,0.0,93.00967741935484,99.75806451612904,100.0,0.0,96.30907258064515,99.75806451612904,100.0,0.0,98.03356854838711,99.77822580645162,100.0,0.0,99.06935483870969
KKA2_KLEPN_Melnikov_2014,random_search,19,100.0,100.0,100.0,94.41451612903225,100.0,100.0,100.0,97.20725806451614,100.0,100.0,100.0,98.60362903225807,100.0,100.0,100.0,99.44145161290322
KKA2_KLEPN_Melnikov_2014,random_walk,19,98.4274193548387,0.0,0.0,93.69072580645162,98.77016129032258,0.0,0.0,96.08991935483867,98.91129032258064,0.0,0.0,97.49213709677419,99.97983870967742,100.0,100.0,98.8586693548387
KKA2_KLEPN_Melnikov_2014,greedy_local,19,98.66935483870968,0.0,0.0,84.76370967741936,99.6774193548387,100.0,0.0,92.21048387096772,99.6774193548387,100.0,0.0,95.94395161290322,100.0,100.0,100.0,98.31370967741937
KKA2_KLEPN_Melnikov_2014,regevo,19,96.31048387096774,0.0,0.0,85.93548387096774,98.97177419354838,0.0,0.0,92.01048387096779,99.55645161290323,100.0,0.0,95.68699596774194,99.79838709677419,100.0,0.0,98.05524193548385
KKA2_KLEPN_Melnikov_2014,gpbo_ei,19,99.03225806451613,100.0,0.0,93.33467741935483,99.95967741935483,100.0,100.0,96.36895161290319,99.95967741935483,100.0,100.0,98.16431451612904,100.0,100.0,100.0,99.25298387096775
KKA2_KLEPN_Melnikov_2014,adalead_graph,19,99.6975806451613,100.0,0.0,96.17258064516129,99.6975806451613,100.0,0.0,97.93508064516129,99.87903225806451,100.0,0.0,98.8272177419355,99.95967741935483,100.0,100.0,99.46762096774192
KKA2_KLEPN_Melnikov_2014,fly,19,96.59274193548387,0.0,0.0,89.2451612903226,99.25403225806451,100.0,0.0,93.55604838709677,99.25403225806451,100.0,0.0,96.40504032258065,99.87903225806451,100.0,0.0,98.39209677419355
KKA2_KLEPN_Melnikov_2014,fly_memory,19,99.61693548387096,100.0,0.0,94.65201612903228,99.61693548387096,100.0,0.0,97.13447580645163,99.65725806451613,100.0,0.0,98.37631048387097,99.65725806451613,100.0,0.0,99.14487903225806
KKA2_KLEPN_Melnikov_2014,fly_best_tested,19,99.63709677419355,100.0,0.0,93.58225806451611,99.63709677419355,100.0,0.0,96.60967741935482,99.63709677419355,100.0,0.0,98.12338709677421,99.93951612903226,100.0,100.0,99.18403225806452
KKA2_KLEPN_Melnikov_2014,zs_mm_150M,19,99.75806451612904,100.0,0.0,95.41290322580645,99.75806451612904,100.0,0.0,97.58548387096775,99.75806451612904,100.0,0.0,98.6717741935484,99.77822580645162,100.0,0.0,99.33298387096774
KKA2_KLEPN_Melnikov_2014,zs_wt_150M,19,99.75806451612904,100.0,0.0,96.24475806451612,99.75806451612904,100.0,0.0,98.00141129032258,99.75806451612904,100.0,0.0,98.87973790322582,99.77822580645162,100.0,0.0,99.41693548387097
KKA2_KLEPN_Melnikov_2014,zs_wt_650M,19,98.68951612903226,0.0,0.0,96.70645161290324,99.8991935483871,100.0,0.0,97.92782258064511,99.8991935483871,100.0,0.0,98.91350806451612,99.91935483870968,100.0,100.0,99.51004032258064
KKA2_KLEPN_Melnikov_2014,zs_mm_8M,19,98.68951612903226,0.0,0.0,86.4165322580645,98.68951612903226,0.0,0.0,92.55302419354837,98.68951612903226,0.0,0.0,95.6212701612903,99.77822580645162,100.0,0.0,97.94560483870968
KKA2_KLEPN_Melnikov_2014,zs_wt_8M,19,98.68951612903226,0.0,0.0,93.00967741935484,99.75806451612904,100.0,0.0,96.30907258064515,99.75806451612904,100.0,0.0,98.03356854838711,99.77822580645162,100.0,0.0,99.06935483870969
TPMT_HUMAN_Matreyek_2018,random_search,0,98.93092105263158,0.0,0.0,95.63048245614034,99.09539473684211,100.0,0.0,97.35307017543857,99.36951754385964,100.0,0.0,98.24342105263156,99.86293859649123,100.0,0.0,99.01776315789475
TPMT_HUMAN_Matreyek_2018,random_walk,0,95.0109649122807,0.0,0.0,86.30701754385966,99.89035087719299,100.0,0.0,92.83004385964912,99.89035087719299,100.0,0.0,96.36019736842107,99.97258771929825,100.0,100.0,98.5
TPMT_HUMAN_Matreyek_2018,greedy_local,0,99.01315789473684,100.0,0.0,89.01644736842103,99.01315789473684,100.0,0.0,94.01480263157895,99.01315789473684,100.0,0.0,96.5139802631579,99.97258771929825,100.0,100.0,98.37604166666665
TPMT_HUMAN_Matreyek_2018,regevo,0,94.46271929824562,0.0,0.0,91.29769736842103,99.42434210526316,100.0,0.0,94.46792763157893,99.7532894736842,100.0,0.0,97.02330043859646,99.7532894736842,100.0,0.0,98.6612938596491
TPMT_HUMAN_Matreyek_2018,gpbo_ei,0,100.0,100.0,100.0,94.67160087719297,100.0,100.0,100.0,97.3358004385965,100.0,100.0,100.0,98.66790021929825,100.0,100.0,100.0,99.4671600877193
TPMT_HUMAN_Matreyek_2018,adalead_graph,0,99.45175438596492,100.0,0.0,97.24122807017545,99.45175438596492,100.0,0.0,98.3464912280702,99.83552631578948,100.0,0.0,98.94325657894737,99.83552631578948,100.0,0.0,99.47861842105264
TPMT_HUMAN_Matreyek_2018,fly,0,99.23245614035088,100.0,0.0,95.46052631578948,99.23245614035088,100.0,0.0,97.34649122807019,99.23245614035088,100.0,0.0,98.28947368421053,99.97258771929825,100.0,100.0,99.28453947368422
TPMT_HUMAN_Matreyek_2018,fly_memory,0,95.0109649122807,0.0,0.0,85.93804824561403,98.71162280701755,0.0,0.0,91.39967105263156,99.83552631578948,100.0,0.0,95.42091557017544,99.83552631578948,100.0,0.0,98.06968201754388
TPMT_HUMAN_Matreyek_2018,fly_best_tested,0,96.71052631578948,0.0,0.0,85.13432017543859,98.1907894736842,0.0,0.0,91.26041666666669,99.91776315789474,100.0,100.0,95.08347039473684,99.91776315789474,100.0,100.0,97.9840460526316
TPMT_HUMAN_Matreyek_2018,zs_mm_150M,0,99.01315789473684,100.0,0.0,89.76864035087718,99.01315789473684,100.0,0.0,94.39089912280703,99.80811403508773,100.0,0.0,97.07812500000001,99.9451754385965,100.0,100.0,98.78865131578947
TPMT_HUMAN_Matreyek_2018,zs_wt_150M,0,98.3826754385965,0.0,0.0,88.78782894736841,99.01315789473684,100.0,0.0,93.78700657894737,99.86293859649123,100.0,0.0,96.73081140350878,99.9451754385965,100.0,100.0,98.64610745614034
TPMT_HUMAN_Matreyek_2018,zs_wt_650M,0,98.90350877192982,0.0,0.0,93.80263157894734,99.86293859649123,100.0,0.0,96.7253289473684,99.86293859649123,100.0,0.0,98.29413377192981,99.86293859649123,100.0,0.0,99.23541666666665
TPMT_HUMAN_Matreyek_2018,zs_mm_8M,0,99.86293859649123,100.0,0.0,94.28728070175438,99.86293859649123,100.0,0.0,97.07510964912275,99.86293859649123,100.0,0.0,98.46902412280699,99.86293859649123,100.0,0.0,99.30537280701753
TPMT_HUMAN_Matreyek_2018,zs_wt_8M,0,99.86293859649123,100.0,0.0,94.21491228070175,99.86293859649123,100.0,0.0,97.03892543859645,99.86293859649123,100.0,0.0,98.45093201754385,99.89035087719299,100.0,0.0,99.30076754385964
TPMT_HUMAN_Matreyek_2018,random_search,1,99.45175438596492,100.0,0.0,95.00438596491227,99.45175438596492,100.0,0.0,97.22807017543863,99.45175438596492,100.0,0.0,98.33991228070175,99.86293859649123,100.0,0.0,99.20685307017546
TPMT_HUMAN_Matreyek_2018,random_walk,1,99.15021929824562,100.0,0.0,99.04879385964908,99.42434210526316,100.0,0.0,99.19819078947368,99.97258771929825,100.0,100.0,99.32223135964912,99.97258771929825,100.0,100.0,99.71244517543859
TPMT_HUMAN_Matreyek_2018,greedy_local,1,99.01315789473684,100.0,0.0,99.01315789473684,99.97258771929825,100.0,100.0,99.07072368421053,99.97258771929825,100.0,100.0,99.52165570175438,99.97258771929825,100.0,100.0,99.7922149122807
TPMT_HUMAN_Matreyek_2018,regevo,1,99.01315789473684,100.0,0.0,99.01315789473684,99.01315789473684,100.0,0.0,99.01315789473685,99.01315789473684,100.0,0.0,99.01315789473686,99.91776315789474,100.0,100.0,99.37565789473686
TPMT_HUMAN_Matreyek_2018,gpbo_ei,1,100.0,100.0,100.0,99.74342105263156,100.0,100.0,100.0,99.8717105263158,100.0,100.0,100.0,99.9358552631579,100.0,100.0,100.0,99.97434210526316
TPMT_HUMAN_Matreyek_2018,adalead_graph,1,99.58881578947368,100.0,0.0,99.07072368421049,99.58881578947368,100.0,0.0,99.32976973684208,99.58881578947368,100.0,0.0,99.4592927631579,99.58881578947368,100.0,0.0,99.53700657894737
TPMT_HUMAN_Matreyek_2018,fly,1,99.01315789473684,100.0,0.0,99.01315789473684,99.01315789473684,100.0,0.0,99.01315789473685,99.97258771929825,100.0,100.0,99.17146381578947,99.97258771929825,100.0,100.0,99.65213815789474
TPMT_HUMAN_Matreyek_2018,fly_memory,1,99.01315789473684,100.0,0.0,99.01315789473684,99.01315789473684,100.0,0.0,99.01315789473685,99.83552631578948,100.0,0.0,99.17351973684214,99.97258771929825,100.0,100.0,99.65296052631578
TPMT_HUMAN_Matreyek_2018,fly_best_tested,1,99.01315789473684,100.0,0.0,99.01315789473684,99.01315789473684,100.0,0.0,99.01315789473685,99.61622807017544,100.0,0.0,99.30866228070175,99.97258771929825,100.0,100.0,99.69632675438595
TPMT_HUMAN_Matreyek_2018,zs_mm_150M,1,99.01315789473684,100.0,0.0,89.76864035087718,99.01315789473684,100.0,0.0,94.39089912280703,99.80811403508773,100.0,0.0,97.07812500000001,99.9451754385965,100.0,100.0,98.78865131578947
TPMT_HUMAN_Matreyek_2018,zs_wt_150M,1,98.3826754385965,0.0,0.0,88.78782894736841,99.01315789473684,100.0,0.0,93.78700657894737,99.86293859649123,100.0,0.0,96.73081140350878,99.9451754385965,100.0,100.0,98.64610745614034
TPMT_HUMAN_Matreyek_2018,zs_wt_650M,1,98.90350877192982,0.0,0.0,93.80263157894734,99.86293859649123,100.0,0.0,96.7253289473684,99.86293859649123,100.0,0.0,98.29413377192981,99.86293859649123,100.0,0.0,99.23541666666665
TPMT_HUMAN_Matreyek_2018,zs_mm_8M,1,99.86293859649123,100.0,0.0,94.28728070175438,99.86293859649123,100.0,0.0,97.07510964912275,99.86293859649123,100.0,0.0,98.46902412280699,99.86293859649123,100.0,0.0,99.30537280701753
TPMT_HUMAN_Matreyek_2018,zs_wt_8M,1,99.86293859649123,100.0,0.0,94.21491228070175,99.86293859649123,100.0,0.0,97.03892543859645,99.86293859649123,100.0,0.0,98.45093201754385,99.89035087719299,100.0,0.0,99.30076754385964
TPMT_HUMAN_Matreyek_2018,random_search,2,98.41008771929825,0.0,0.0,92.18585526315792,98.41008771929825,0.0,0.0,95.29797149122801,99.97258771929825,100.0,100.0,96.97245065789474,99.97258771929825,100.0,100.0,98.77253289473683
TPMT_HUMAN_Matreyek_2018,random_walk,2,84.86842105263158,0.0,0.0,82.99835526315788,96.54605263157895,0.0,0.0,86.60827850877189,99.15021929824562,100.0,0.0,92.7360197368421,99.31469298245614,100.0,0.0,96.64243421052632
TPMT_HUMAN_Matreyek_2018,greedy_local,2,99.61622807017544,100.0,0.0,95.70668859649122,99.97258771929825,100.0,100.0,97.672149122807,99.97258771929825,100.0,100.0,98.82236842105263,99.97258771929825,100.0,100.0,99.51249999999999
TPMT_HUMAN_Matreyek_2018,regevo,2,98.93092105263158,0.0,0.0,96.18037280701753,99.58881578947368,100.0,0.0,97.72669956140349,99.58881578947368,100.0,0.0,98.65775767543859,99.83552631578948,100.0,0.0,99.32346491228071
TPMT_HUMAN_Matreyek_2018,gpbo_ei,2,95.42214912280701,0.0,0.0,92.88706140350878,97.36842105263158,0.0,0.0,94.47752192982458,98.62938596491227,0.0,0.0,96.06798245614034,99.36951754385964,100.0,0.0,97.88865131578946
TPMT_HUMAN_Matreyek_2018,adalead_graph,2,99.89035087719299,100.0,0.0,96.72697368421052,99.89035087719299,100.0,0.0,98.30866228070175,99.89035087719299,100.0,0.0,99.09950657894737,100.0,100.0,100.0,99.57993421052632
TPMT_HUMAN_Matreyek_2018,fly,2,98.4375,0.0,0.0,96.45339912280703,99.97258771929825,100.0,100.0,97.99808114035085,99.97258771929825,100.0,100.0,98.98533442982455,99.97258771929825,100.0,100.0,99.57768640350876
TPMT_HUMAN_Matreyek_2018,fly_memory,2,99.50657894736842,100.0,0.0,90.77521929824562,99.50657894736842,100.0,0.0,95.140899122807,99.91776315789474,100.0,100.0,97.49438048245615,99.91776315789474,100.0,100.0,98.94841008771931
TPMT_HUMAN_Matreyek_2018,fly_best_tested,2,99.83552631578948,100.0,0.0,97.44791666666664,99.83552631578948,100.0,0.0,98.64172149122811,99.83552631578948,100.0,0.0,99.23862390350878,99.97258771929825,100.0,100.0,99.66063596491229
TPMT_HUMAN_Matreyek_2018,zs_mm_150M,2,99.01315789473684,100.0,0.0,89.76864035087718,99.01315789473684,100.0,0.0,94.39089912280703,99.80811403508773,100.0,0.0,97.07812500000001,99.9451754385965,100.0,100.0,98.78865131578947
TPMT_HUMAN_Matreyek_2018,zs_wt_150M,2,98.3826754385965,0.0,0.0,88.78782894736841,99.01315789473684,100.0,0.0,93.78700657894737,99.86293859649123,100.0,0.0,96.73081140350878,99.9451754385965,100.0,100.0,98.64610745614034
TPMT_HUMAN_Matreyek_2018,zs_wt_650M,2,98.90350877192982,0.0,0.0,93.80263157894734,99.86293859649123,100.0,0.0,96.7253289473684,99.86293859649123,100.0,0.0,98.29413377192981,99.86293859649123,100.0,0.0,99.23541666666665
TPMT_HUMAN_Matreyek_2018,zs_mm_8M,2,99.86293859649123,100.0,0.0,94.28728070175438,99.86293859649123,100.0,0.0,97.07510964912275,99.86293859649123,100.0,0.0,98.46902412280699,99.86293859649123,100.0,0.0,99.30537280701753
TPMT_HUMAN_Matreyek_2018,zs_wt_8M,2,99.86293859649123,100.0,0.0,94.21491228070175,99.86293859649123,100.0,0.0,97.03892543859645,99.86293859649123,100.0,0.0,98.45093201754385,99.89035087719299,100.0,0.0,99.30076754385964
TPMT_HUMAN_Matreyek_2018,random_search,3,98.62938596491227,0.0,0.0,95.5953947368421,98.62938596491227,0.0,0.0,97.11239035087716,99.0405701754386,100.0,0.0,98.03536184210525,99.67105263157895,100.0,0.0,98.93991228070175
TPMT_HUMAN_Matreyek_2018,random_walk,3,95.09320175438596,0.0,0.0,86.96107456140348,98.7390350877193,0.0,0.0,92.46737938596492,98.7390350877193,0.0,0.0,95.6032072368421,99.78070175438596,100.0,0.0,97.81946271929824
TPMT_HUMAN_Matreyek_2018,greedy_local,3,97.31359649122807,0.0,0.0,81.54934210526316,99.72587719298245,100.0,0.0,90.51699561403511,99.72587719298245,100.0,0.0,95.12143640350878,99.83552631578948,100.0,0.0,97.9049342105263
TPMT_HUMAN_Matreyek_2018,regevo,3,99.20504385964912,100.0,0.0,84.61513157894737,99.91776315789474,100.0,100.0,92.1666666666667,99.91776315789474,100.0,100.0,96.04221491228073,99.91776315789474,100.0,100.0,98.36754385964915
TPMT_HUMAN_Matreyek_2018,gpbo_ei,3,99.0405701754386,100.0,0.0,92.81304824561404,99.0405701754386,100.0,0.0,95.92680921052633,99.0405701754386,100.0,0.0,97.48368969298247,100.0,100.0,100.0,98.60131578947367
TPMT_HUMAN_Matreyek_2018,adalead_graph,3,99.28728070175438,100.0,0.0,94.88103070175443,99.28728070175438,100.0,0.0,97.08415570175437,99.56140350877193,100.0,0.0,98.26521381578947,99.83552631578948,100.0,0.0,99.19862938596492
TPMT_HUMAN_Matreyek_2018,fly,3,95.09320175438596,0.0,0.0,89.49999999999999,99.15021929824562,100.0,0.0,92.66173245614038,99.15021929824562,100.0,0.0,95.90597587719297,99.97258771929825,100.0,100.0,98.05860745614035
TPMT_HUMAN_Matreyek_2018,fly_memory,3,99.97258771929825,100.0,100.0,91.61513157894738,99.97258771929825,100.0,100.0,95.79385964912277,99.97258771929825,100.0,100.0,97.88322368421049,99.97258771929825,100.0,100.0,99.13684210526314
TPMT_HUMAN_Matreyek_2018,fly_best_tested,3,99.47916666666667,100.0,0.0,94.8135964912281,99.47916666666667,100.0,0.0,97.14638157894734,99.47916666666667,100.0,0.0,98.31277412280703,99.91776315789474,100.0,100.0,99.24051535087722
TPMT_HUMAN_Matreyek_2018,zs_mm_150M,3,99.01315789473684,100.0,0.0,89.76864035087718,99.01315789473684,100.0,0.0,94.39089912280703,99.80811403508773,100.0,0.0,97.07812500000001,99.9451754385965,100.0,100.0,98.78865131578947
TPMT_HUMAN_Matreyek_2018,zs_wt_150M,3,98.3826754385965,0.0,0.0,88.78782894736841,99.01315789473684,100.0,0.0,93.78700657894737,99.86293859649123,100.0,0.0,96.73081140350878,99.9451754385965,100.0,100.0,98.64610745614034
TPMT_HUMAN_Matreyek_2018,zs_wt_650M,3,98.90350877192982,0.0,0.0,93.80263157894734,99.86293859649123,100.0,0.0,96.7253289473684,99.86293859649123,100.0,0.0,98.29413377192981,99.86293859649123,100.0,0.0,99.23541666666665
TPMT_HUMAN_Matreyek_2018,zs_mm_8M,3,99.86293859649123,100.0,0.0,94.28728070175438,99.86293859649123,100.0,0.0,97.07510964912275,99.86293859649123,100.0,0.0,98.46902412280699,99.86293859649123,100.0,0.0,99.30537280701753
TPMT_HUMAN_Matreyek_2018,zs_wt_8M,3,99.86293859649123,100.0,0.0,94.21491228070175,99.86293859649123,100.0,0.0,97.03892543859645,99.86293859649123,100.0,0.0,98.45093201754385,99.89035087719299,100.0,0.0,99.30076754385964
TPMT_HUMAN_Matreyek_2018,random_search,4,100.0,100.0,100.0,95.49451754385966,100.0,100.0,100.0,97.74725877192982,100.0,100.0,100.0,98.87362938596492,100.0,100.0,100.0,99.54945175438597
TPMT_HUMAN_Matreyek_2018,random_walk,4,99.83552631578948,100.0,0.0,91.26315789473684,99.83552631578948,100.0,0.0,95.54934210526316,99.83552631578948,100.0,0.0,97.69243421052632,99.86293859649123,100.0,0.0,98.98125000000003
TPMT_HUMAN_Matreyek_2018,greedy_local,4,92.76315789473684,0.0,0.0,81.4281798245614,99.15021929824562,100.0,0.0,90.03371710526316,99.58881578947368,100.0,0.0,94.68407346491227,99.58881578947368,100.0,0.0,97.62691885964912
TPMT_HUMAN_Matreyek_2018,regevo,4,100.0,100.0,100.0,92.40350877192981,100.0,100.0,100.0,96.20175438596492,100.0,100.0,100.0,98.10087719298247,100.0,100.0,100.0,99.24035087719298
TPMT_HUMAN_Matreyek_2018,gpbo_ei,4,96.65570175438596,0.0,0.0,90.79550438596489,96.65570175438596,0.0,0.0,93.72560307017542,98.98574561403508,0.0,0.0,95.28385416666666,99.36951754385964,100.0,0.0,97.57001096491227
TPMT_HUMAN_Matreyek_2018,adalead_graph,4,98.93092105263158,0.0,0.0,94.78125,99.23245614035088,100.0,0.0,96.91337719298247,99.78070175438596,100.0,0.0,98.16337719298244,99.78070175438596,100.0,0.0,99.13377192982455
TPMT_HUMAN_Matreyek_2018,fly,4,90.0219298245614,0.0,0.0,84.84868421052632,99.23245614035088,100.0,0.0,91.30372807017545,99.45175438596492,100.0,0.0,95.31304824561404,99.97258771929825,100.0,100.0,98.00915570175438
TPMT_HUMAN_Matreyek_2018,fly_memory,4,99.12280701754386,100.0,0.0,91.12554824561403,99.12280701754386,100.0,0.0,95.12417763157895,99.3969298245614,100.0,0.0,97.24438048245615,99.97258771929825,100.0,100.0,98.6798245614035
TPMT_HUMAN_Matreyek_2018,fly_best_tested,4,98.54714912280701,0.0,0.0,93.30592105263156,99.23245614035088,100.0,0.0,96.19380482456141,99.23245614035088,100.0,0.0,97.71313048245615,99.97258771929825,100.0,100.0,98.80235745614037
TPMT_HUMAN_Matreyek_2018,zs_mm_150M,4,99.01315789473684,100.0,0.0,89.76864035087718,99.01315789473684,100.0,0.0,94.39089912280703,99.80811403508773,100.0,0.0,97.07812500000001,99.9451754385965,100.0,100.0,98.78865131578947
TPMT_HUMAN_Matreyek_2018,zs_wt_150M,4,98.3826754385965,0.0,0.0,88.78782894736841,99.01315789473684,100.0,0.0,93.78700657894737,99.86293859649123,100.0,0.0,96.73081140350878,99.9451754385965,100.0,100.0,98.64610745614034
TPMT_HUMAN_Matreyek_2018,zs_wt_650M,4,98.90350877192982,0.0,0.0,93.80263157894734,99.86293859649123,100.0,0.0,96.7253289473684,99.86293859649123,100.0,0.0,98.29413377192981,99.86293859649123,100.0,0.0,99.23541666666665
TPMT_HUMAN_Matreyek_2018,zs_mm_8M,4,99.86293859649123,100.0,0.0,94.28728070175438,99.86293859649123,100.0,0.0,97.07510964912275,99.86293859649123,100.0,0.0,98.46902412280699,99.86293859649123,100.0,0.0,99.30537280701753
TPMT_HUMAN_Matreyek_2018,zs_wt_8M,4,99.86293859649123,100.0,0.0,94.21491228070175,99.86293859649123,100.0,0.0,97.03892543859645,99.86293859649123,100.0,0.0,98.45093201754385,99.89035087719299,100.0,0.0,99.30076754385964
TPMT_HUMAN_Matreyek_2018,random_search,5,96.08004385964912,0.0,0.0,92.45997807017544,99.28728070175438,100.0,0.0,95.03974780701752,99.28728070175438,100.0,0.0,97.16351425438596,99.83552631578948,100.0,0.0,98.55707236842103
TPMT_HUMAN_Matreyek_2018,random_walk,5,99.23245614035088,100.0,0.0,98.09868421052633,99.23245614035088,100.0,0.0,98.6655701754386,99.36951754385964,100.0,0.0,98.97368421052633,99.7532894736842,100.0,0.0,99.26337719298247
TPMT_HUMAN_Matreyek_2018,greedy_local,5,99.25986842105263,100.0,0.0,98.73903508771927,99.25986842105263,100.0,0.0,98.99945175438599,99.25986842105263,100.0,0.0,99.12966008771929,99.97258771929825,100.0,100.0,99.54967105263157
TPMT_HUMAN_Matreyek_2018,regevo,5,98.93092105263158,0.0,0.0,96.9780701754386,98.93092105263158,0.0,0.0,97.9544956140351,99.56140350877193,100.0,0.0,98.50890899122805,99.83552631578948,100.0,0.0,99.17571271929826
TPMT_HUMAN_Matreyek_2018,gpbo_ei,5,99.23245614035088,100.0,0.0,98.25328947368423,99.23245614035088,100.0,0.0,98.74287280701756,99.23245614035088,100.0,0.0,98.98766447368422,100.0,100.0,100.0,99.36918859649124
TPMT_HUMAN_Matreyek_2018,adalead_graph,5,99.7532894736842,100.0,0.0,98.5142543859649,99.7532894736842,100.0,0.0,99.13377192982458,99.7532894736842,100.0,0.0,99.44353070175436,100.0,100.0,100.0,99.72510964912279
TPMT_HUMAN_Matreyek_2018,fly,5,98.30043859649123,0.0,0.0,97.90570175438597,98.30043859649123,0.0,0.0,98.10307017543855,99.45175438596492,100.0,0.0,98.61622807017544,99.97258771929825,100.0,100.0,99.41546052631578
TPMT_HUMAN_Matreyek_2018,fly_memory,5,97.34100877192982,0.0,0.0,97.01370614035085,99.23245614035088,100.0,0.0,97.51781798245615,99.23245614035088,100.0,0.0,98.3751370614035,99.58881578947368,100.0,0.0,98.94797149122807
TPMT_HUMAN_Matreyek_2018,fly_best_tested,5,99.42434210526316,100.0,0.0,98.76151315789474,99.45175438596492,100.0,0.0,99.10471491228073,99.45175438596492,100.0,0.0,99.27823464912281,99.91776315789474,100.0,100.0,99.45877192982456
TPMT_HUMAN_Matreyek_2018,zs_mm_150M,5,99.01315789473684,100.0,0.0,89.76864035087718,99.01315789473684,100.0,0.0,94.39089912280703,99.80811403508773,100.0,0.0,97.07812500000001,99.9451754385965,100.0,100.0,98.78865131578947
TPMT_HUMAN_Matreyek_2018,zs_wt_150M,5,98.3826754385965,0.0,0.0,88.78782894736841,99.01315789473684,100.0,0.0,93.78700657894737,99.86293859649123,100.0,0.0,96.73081140350878,99.9451754385965,100.0,100.0,98.64610745614034
TPMT_HUMAN_Matreyek_2018,zs_wt_650M,5,98.90350877192982,0.0,0.0,93.80263157894734,99.86293859649123,100.0,0.0,96.7253289473684,99.86293859649123,100.0,0.0,98.29413377192981,99.86293859649123,100.0,0.0,99.23541666666665
TPMT_HUMAN_Matreyek_2018,zs_mm_8M,5,99.86293859649123,100.0,0.0,94.28728070175438,99.86293859649123,100.0,0.0,97.07510964912275,99.86293859649123,100.0,0.0,98.46902412280699,99.86293859649123,100.0,0.0,99.30537280701753
TPMT_HUMAN_Matreyek_2018,zs_wt_8M,5,99.86293859649123,100.0,0.0,94.21491228070175,99.86293859649123,100.0,0.0,97.03892543859645,99.86293859649123,100.0,0.0,98.45093201754385,99.89035087719299,100.0,0.0,99.30076754385964
TPMT_HUMAN_Matreyek_2018,random_search,6,99.47916666666667,100.0,0.0,95.72587719298248,99.97258771929825,100.0,100.0,97.66666666666663,99.97258771929825,100.0,100.0,98.81962719298244,99.97258771929825,100.0,100.0,99.5114035087719
TPMT_HUMAN_Matreyek_2018,random_walk,6,98.10855263157895,0.0,0.0,93.45723684210526,98.1907894736842,0.0,0.0,95.79523026315793,98.1907894736842,0.0,0.0,96.99300986842103,99.91776315789474,100.0,100.0,97.81940789473683
TPMT_HUMAN_Matreyek_2018,greedy_local,6,95.28508771929825,0.0,0.0,86.01096491228073,97.03947368421052,0.0,0.0,91.49013157894733,99.45175438596492,100.0,0.0,95.27686403508771,99.97258771929825,100.0,100.0,97.98558114035087
TPMT_HUMAN_Matreyek_2018,regevo,6,97.77960526315789,0.0,0.0,90.3733552631579,99.83552631578948,100.0,0.0,94.87828947368423,99.83552631578948,100.0,0.0,97.35690789473685,99.83552631578948,100.0,0.0,98.84407894736844
TPMT_HUMAN_Matreyek_2018,gpbo_ei,6,99.58881578947368,100.0,0.0,96.04331140350877,99.58881578947368,100.0,0.0,97.8160635964912,99.58881578947368,100.0,0.0,98.70243969298244,100.0,100.0,100.0,99.34035087719299
TPMT_HUMAN_Matreyek_2018,adalead_graph,6,98.60197368421052,0.0,0.0,94.58388157894738,99.64364035087719,100.0,0.0,96.60334429824559,99.64364035087719,100.0,0.0,98.12349232456137,99.64364035087719,100.0,0.0,99.03558114035086
TPMT_HUMAN_Matreyek_2018,fly,6,97.31359649122807,0.0,0.0,91.82127192982456,98.4375,0.0,0.0,95.10690789473685,99.15021929824562,100.0,0.0,96.921875,99.83552631578948,100.0,0.0,98.53514254385966
TPMT_HUMAN_Matreyek_2018,fly_memory,6,99.83552631578948,100.0,0.0,91.77796052631578,99.83552631578948,100.0,0.0,95.80674342105267,99.83552631578948,100.0,0.0,97.82113486842107,99.97258771929825,100.0,100.0,99.05773026315792
TPMT_HUMAN_Matreyek_2018,fly_best_tested,6,97.03947368421052,0.0,0.0,91.34320175438597,99.23245614035088,100.0,0.0,94.87116228070175,99.23245614035088,100.0,0.0,97.05180921052632,99.83552631578948,100.0,0.0,98.58815789473685
TPMT_HUMAN_Matreyek_2018,zs_mm_150M,6,99.01315789473684,100.0,0.0,89.76864035087718,99.01315789473684,100.0,0.0,94.39089912280703,99.80811403508773,100.0,0.0,97.07812500000001,99.9451754385965,100.0,100.0,98.78865131578947
TPMT_HUMAN_Matreyek_2018,zs_wt_150M,6,98.3826754385965,0.0,0.0,88.78782894736841,99.01315789473684,100.0,0.0,93.78700657894737,99.86293859649123,100.0,0.0,96.73081140350878,99.9451754385965,100.0,100.0,98.64610745614034
TPMT_HUMAN_Matreyek_2018,zs_wt_650M,6,98.90350877192982,0.0,0.0,93.80263157894734,99.86293859649123,100.0,0.0,96.7253289473684,99.86293859649123,100.0,0.0,98.29413377192981,99.86293859649123,100.0,0.0,99.23541666666665
TPMT_HUMAN_Matreyek_2018,zs_mm_8M,6,99.86293859649123,100.0,0.0,94.28728070175438,99.86293859649123,100.0,0.0,97.07510964912275,99.86293859649123,100.0,0.0,98.46902412280699,99.86293859649123,100.0,0.0,99.30537280701753
TPMT_HUMAN_Matreyek_2018,zs_wt_8M,6,99.86293859649123,100.0,0.0,94.21491228070175,99.86293859649123,100.0,0.0,97.03892543859645,99.86293859649123,100.0,0.0,98.45093201754385,99.89035087719299,100.0,0.0,99.30076754385964
TPMT_HUMAN_Matreyek_2018,random_search,7,98.27302631578948,0.0,0.0,89.14583333333331,99.31469298245614,100.0,0.0,93.97149122807018,99.31469298245614,100.0,0.0,96.64309210526315,99.31469298245614,100.0,0.0,98.24605263157893
TPMT_HUMAN_Matreyek_2018,random_walk,7,96.8201754385965,0.0,0.0,93.26370614035086,98.21820175438596,0.0,0.0,95.15378289473684,99.53399122807018,100.0,0.0,96.7188870614035,99.91776315789474,100.0,100.0,98.51924342105262
TPMT_HUMAN_Matreyek_2018,greedy_local,7,96.32675438596492,0.0,0.0,93.77576754385966,97.36842105263158,0.0,0.0,95.41584429824563,99.45175438596492,100.0,0.0,97.3296326754386,99.97258771929825,100.0,100.0,98.83042763157894
TPMT_HUMAN_Matreyek_2018,regevo,7,98.93092105263158,0.0,0.0,92.08717105263159,99.42434210526316,100.0,0.0,95.51891447368422,99.64364035087719,100.0,0.0,97.47272478070175,99.7532894736842,100.0,0.0,98.82395833333331
TPMT_HUMAN_Matreyek_2018,gpbo_ei,7,98.7390350877193,0.0,0.0,95.4923245614035,98.7390350877193,0.0,0.0,97.11567982456141,100.0,100.0,100.0,98.50740131578947,100.0,100.0,100.0,99.40296052631578
TPMT_HUMAN_Matreyek_2018,adalead_graph,7,94.49013157894737,0.0,0.0,93.5,97.94407894736842,0.0,0.0,95.2516447368421,99.23245614035088,100.0,0.0,97.02946820175438,99.64364035087719,100.0,0.0,98.5436951754386
TPMT_HUMAN_Matreyek_2018,fly,7,99.15021929824562,100.0,0.0,96.96984649122804,99.83552631578948,100.0,0.0,98.17653508771932,99.83552631578948,100.0,0.0,99.00603070175438,99.97258771929825,100.0,100.0,99.52264254385966
TPMT_HUMAN_Matreyek_2018,fly_memory,7,96.54605263157895,0.0,0.0,94.75,99.83552631578948,100.0,0.0,96.55509868421055,99.83552631578948,100.0,0.0,98.1953125,99.89035087719299,100.0,0.0,99.19786184210528
TPMT_HUMAN_Matreyek_2018,fly_best_tested,7,98.93092105263158,0.0,0.0,96.22094298245615,98.93092105263158,0.0,0.0,97.57593201754385,99.45175438596492,100.0,0.0,98.35649671052632,99.83552631578948,100.0,0.0,99.09577850877194
TPMT_HUMAN_Matreyek_2018,zs_mm_150M,7,99.01315789473684,100.0,0.0,89.76864035087718,99.01315789473684,100.0,0.0,94.39089912280703,99.80811403508773,100.0,0.0,97.07812500000001,99.9451754385965,100.0,100.0,98.78865131578947
TPMT_HUMAN_Matreyek_2018,zs_wt_150M,7,98.3826754385965,0.0,0.0,88.78782894736841,99.01315789473684,100.0,0.0,93.78700657894737,99.86293859649123,100.0,0.0,96.73081140350878,99.9451754385965,100.0,100.0,98.64610745614034
TPMT_HUMAN_Matreyek_2018,zs_wt_650M,7,98.90350877192982,0.0,0.0,93.80263157894734,99.86293859649123,100.0,0.0,96.7253289473684,99.86293859649123,100.0,0.0,98.29413377192981,99.86293859649123,100.0,0.0,99.23541666666665
TPMT_HUMAN_Matreyek_2018,zs_mm_8M,7,99.86293859649123,100.0,0.0,94.28728070175438,99.86293859649123,100.0,0.0,97.07510964912275,99.86293859649123,100.0,0.0,98.46902412280699,99.86293859649123,100.0,0.0,99.30537280701753
TPMT_HUMAN_Matreyek_2018,zs_wt_8M,7,99.86293859649123,100.0,0.0,94.21491228070175,99.86293859649123,100.0,0.0,97.03892543859645,99.86293859649123,100.0,0.0,98.45093201754385,99.89035087719299,100.0,0.0,99.30076754385964
TPMT_HUMAN_Matreyek_2018,random_search,8,99.91776315789474,100.0,100.0,99.83552631578951,99.91776315789474,100.0,100.0,99.87664473684214,99.91776315789474,100.0,100.0,99.89720394736844,99.91776315789474,100.0,100.0,99.90953947368425
TPMT_HUMAN_Matreyek_2018,random_walk,8,87.58223684210526,0.0,0.0,82.87609649122807,99.23245614035088,100.0,0.0,89.93174342105266,99.23245614035088,100.0,0.0,94.58209978070175,99.97258771929825,100.0,100.0,97.78382675438596
TPMT_HUMAN_Matreyek_2018,greedy_local,8,96.8201754385965,0.0,0.0,88.33717105263156,98.82127192982456,0.0,0.0,92.73876096491227,99.45175438596492,100.0,0.0,95.86513157894737,99.83552631578948,100.0,0.0,98.03541666666669
TPMT_HUMAN_Matreyek_2018,regevo,8,98.3826754385965,0.0,0.0,93.17160087719297,99.83552631578948,100.0,0.0,96.0871710526316,99.83552631578948,100.0,0.0,97.96134868421053,99.83552631578948,100.0,0.0,99.08585526315792
TPMT_HUMAN_Matreyek_2018,gpbo_ei,8,94.65460526315789,0.0,0.0,89.7143640350877,96.68311403508773,0.0,0.0,92.91474780701756,99.17763157894737,100.0,0.0,95.86307565789474,99.7532894736842,100.0,0.0,97.88125
TPMT_HUMAN_Matreyek_2018,adalead_graph,8,98.46491228070175,0.0,0.0,94.33991228070174,99.36951754385964,100.0,0.0,96.64665570175437,99.78070175438596,100.0,0.0,98.02042214912282,99.78070175438596,100.0,0.0,99.0765899122807
TPMT_HUMAN_Matreyek_2018,fly,8,97.86184210526316,0.0,0.0,80.00109649122808,99.83552631578948,100.0,0.0,89.66392543859652,99.83552631578948,100.0,0.0,94.749725877193,99.97258771929825,100.0,100.0,97.83475877192986
TPMT_HUMAN_Matreyek_2018,fly_memory,8,99.91776315789474,100.0,100.0,77.75438596491227,99.91776315789474,100.0,100.0,88.83607456140355,99.91776315789474,100.0,100.0,94.37691885964915,99.91776315789474,100.0,100.0,97.70142543859652
TPMT_HUMAN_Matreyek_2018,fly_best_tested,8,98.30043859649123,0.0,0.0,67.37664473684212,99.97258771929825,100.0,100.0,83.65789473684208,99.97258771929825,100.0,100.0,91.81524122807015,99.97258771929825,100.0,100.0,96.709649122807
TPMT_HUMAN_Matreyek_2018,zs_mm_150M,8,99.01315789473684,100.0,0.0,89.76864035087718,99.01315789473684,100.0,0.0,94.39089912280703,99.80811403508773,100.0,0.0,97.07812500000001,99.9451754385965,100.0,100.0,98.78865131578947
TPMT_HUMAN_Matreyek_2018,zs_wt_150M,8,98.3826754385965,0.0,0.0,88.78782894736841,99.01315789473684,100.0,0.0,93.78700657894737,99.86293859649123,100.0,0.0,96.73081140350878,99.9451754385965,100.0,100.0,98.64610745614034
TPMT_HUMAN_Matreyek_2018,zs_wt_650M,8,98.90350877192982,0.0,0.0,93.80263157894734,99.86293859649123,100.0,0.0,96.7253289473684,99.86293859649123,100.0,0.0,98.29413377192981,99.86293859649123,100.0,0.0,99.23541666666665
TPMT_HUMAN_Matreyek_2018,zs_mm_8M,8,99.86293859649123,100.0,0.0,94.28728070175438,99.86293859649123,100.0,0.0,97.07510964912275,99.86293859649123,100.0,0.0,98.46902412280699,99.86293859649123,100.0,0.0,99.30537280701753
TPMT_HUMAN_Matreyek_2018,zs_wt_8M,8,99.86293859649123,100.0,0.0,94.21491228070175,99.86293859649123,100.0,0.0,97.03892543859645,99.86293859649123,100.0,0.0,98.45093201754385,99.89035087719299,100.0,0.0,99.30076754385964
TPMT_HUMAN_Matreyek_2018,random_search,9,99.56140350877193,100.0,0.0,98.83223684210526,99.56140350877193,100.0,0.0,99.19682017543855,99.56140350877193,100.0,0.0,99.37911184210526,99.80811403508773,100.0,0.0,99.6231907894737
TPMT_HUMAN_Matreyek_2018,random_walk,9,98.60197368421052,0.0,0.0,90.8623903508772,98.60197368421052,0.0,0.0,94.73218201754383,99.53399122807018,100.0,0.0,97.02124451754385,99.97258771929825,100.0,100.0,98.71688596491228
TPMT_HUMAN_Matreyek_2018,greedy_local,9,96.875,0.0,0.0,83.70339912280703,99.15021929824562,100.0,0.0,91.06277412280704,99.91776315789474,100.0,100.0,95.3904879385965,99.91776315789474,100.0,100.0,98.10685307017546
TPMT_HUMAN_Matreyek_2018,regevo,9,98.02631578947368,0.0,0.0,94.10416666666664,98.02631578947368,0.0,0.0,96.06524122807015,99.64364035087719,100.0,0.0,97.28220942982456,99.83552631578948,100.0,0.0,98.77083333333334
TPMT_HUMAN_Matreyek_2018,gpbo_ei,9,95.94298245614036,0.0,0.0,91.49561403508773,98.3826754385965,0.0,0.0,94.54879385964915,98.3826754385965,0.0,0.0,96.46573464912281,99.17763157894737,100.0,0.0,97.97055921052629
TPMT_HUMAN_Matreyek_2018,adalead_graph,9,99.47916666666667,100.0,0.0,95.57730263157897,99.47916666666667,100.0,0.0,97.52823464912277,99.47916666666667,100.0,0.0,98.50370065789474,100.0,100.0,100.0,99.12757675438598
TPMT_HUMAN_Matreyek_2018,fly,9,99.83552631578948,100.0,0.0,90.18201754385962,99.83552631578948,100.0,0.0,95.00877192982458,99.83552631578948,100.0,0.0,97.42214912280703,99.91776315789474,100.0,100.0,98.89747807017545
TPMT_HUMAN_Matreyek_2018,fly_memory,9,99.83552631578948,100.0,0.0,93.85581140350874,99.83552631578948,100.0,0.0,96.84566885964915,99.91776315789474,100.0,100.0,98.36938048245617,99.91776315789474,100.0,100.0,99.29841008771933
TPMT_HUMAN_Matreyek_2018,fly_best_tested,9,97.36842105263158,0.0,0.0,91.04660087719297,97.36842105263158,0.0,0.0,94.20751096491229,99.23245614035088,100.0,0.0,96.29125548245615,99.45175438596492,100.0,0.0,98.10202850877194
TPMT_HUMAN_Matreyek_2018,zs_mm_150M,9,99.01315789473684,100.0,0.0,89.76864035087718,99.01315789473684,100.0,0.0,94.39089912280703,99.80811403508773,100.0,0.0,97.07812500000001,99.9451754385965,100.0,100.0,98.78865131578947
TPMT_HUMAN_Matreyek_2018,zs_wt_150M,9,98.3826754385965,0.0,0.0,88.78782894736841,99.01315789473684,100.0,0.0,93.78700657894737,99.86293859649123,100.0,0.0,96.73081140350878,99.9451754385965,100.0,100.0,98.64610745614034
TPMT_HUMAN_Matreyek_2018,zs_wt_650M,9,98.90350877192982,0.0,0.0,93.80263157894734,99.86293859649123,100.0,0.0,96.7253289473684,99.86293859649123,100.0,0.0,98.29413377192981,99.86293859649123,100.0,0.0,99.23541666666665
TPMT_HUMAN_Matreyek_2018,zs_mm_8M,9,99.86293859649123,100.0,0.0,94.28728070175438,99.86293859649123,100.0,0.0,97.07510964912275,99.86293859649123,100.0,0.0,98.46902412280699,99.86293859649123,100.0,0.0,99.30537280701753
TPMT_HUMAN_Matreyek_2018,zs_wt_8M,9,99.86293859649123,100.0,0.0,94.21491228070175,99.86293859649123,100.0,0.0,97.03892543859645,99.86293859649123,100.0,0.0,98.45093201754385,99.89035087719299,100.0,0.0,99.30076754385964
TPMT_HUMAN_Matreyek_2018,random_search,10,90.43311403508773,0.0,0.0,88.32236842105263,99.9451754385965,100.0,100.0,92.94490131578952,99.9451754385965,100.0,100.0,96.44503837719297,99.9451754385965,100.0,100.0,98.54512061403507
TPMT_HUMAN_Matreyek_2018,random_walk,10,99.91776315789474,100.0,100.0,95.16228070175438,99.91776315789474,100.0,100.0,97.5400219298246,99.97258771929825,100.0,100.0,98.73656798245615,99.97258771929825,100.0,100.0,99.47817982456141
TPMT_HUMAN_Matreyek_2018,greedy_local,10,99.42434210526316,100.0,0.0,94.9967105263158,99.42434210526316,100.0,0.0,97.21052631578947,99.42434210526316,100.0,0.0,98.3174342105263,99.91776315789474,100.0,100.0,99.15137061403507
TPMT_HUMAN_Matreyek_2018,regevo,10,99.42434210526316,100.0,0.0,90.49122807017545,99.72587719298245,100.0,0.0,95.0301535087719,99.83552631578948,100.0,0.0,97.38843201754385,99.83552631578948,100.0,0.0,98.85668859649124
TPMT_HUMAN_Matreyek_2018,gpbo_ei,10,99.80811403508773,100.0,0.0,95.72039473684212,99.80811403508773,100.0,0.0,97.76425438596496,99.80811403508773,100.0,0.0,98.78618421052636,100.0,100.0,100.0,99.41162280701758
TPMT_HUMAN_Matreyek_2018,adalead_graph,10,99.56140350877193,100.0,0.0,87.44956140350877,100.0,100.0,100.0,93.68092105263156,100.0,100.0,100.0,96.84046052631578,100.0,100.0,100.0,98.73618421052632
TPMT_HUMAN_Matreyek_2018,fly,10,99.47916666666667,100.0,0.0,82.58333333333334,99.47916666666667,100.0,0.0,91.03124999999996,99.7532894736842,100.0,0.0,95.37582236842103,99.91776315789474,100.0,100.0,98.08514254385966
TPMT_HUMAN_Matreyek_2018,fly_memory,10,99.53399122807018,100.0,0.0,96.25822368421055,99.53399122807018,100.0,0.0,97.89610745614034,99.53399122807018,100.0,0.0,98.71504934210523,99.53399122807018,100.0,0.0,99.20641447368419
TPMT_HUMAN_Matreyek_2018,fly_best_tested,10,99.97258771929825,100.0,100.0,96.49122807017545,99.97258771929825,100.0,100.0,98.23190789473679,99.97258771929825,100.0,100.0,99.10224780701752,99.97258771929825,100.0,100.0,99.62445175438596
TPMT_HUMAN_Matreyek_2018,zs_mm_150M,10,99.01315789473684,100.0,0.0,89.76864035087718,99.01315789473684,100.0,0.0,94.39089912280703,99.80811403508773,100.0,0.0,97.07812500000001,99.9451754385965,100.0,100.0,98.78865131578947
TPMT_HUMAN_Matreyek_2018,zs_wt_150M,10,98.3826754385965,0.0,0.0,88.78782894736841,99.01315789473684,100.0,0.0,93.78700657894737,99.86293859649123,100.0,0.0,96.73081140350878,99.9451754385965,100.0,100.0,98.64610745614034
TPMT_HUMAN_Matreyek_2018,zs_wt_650M,10,98.90350877192982,0.0,0.0,93.80263157894734,99.86293859649123,100.0,0.0,96.7253289473684,99.86293859649123,100.0,0.0,98.29413377192981,99.86293859649123,100.0,0.0,99.23541666666665
TPMT_HUMAN_Matreyek_2018,zs_mm_8M,10,99.86293859649123,100.0,0.0,94.28728070175438,99.86293859649123,100.0,0.0,97.07510964912275,99.86293859649123,100.0,0.0,98.46902412280699,99.86293859649123,100.0,0.0,99.30537280701753
TPMT_HUMAN_Matreyek_2018,zs_wt_8M,10,99.86293859649123,100.0,0.0,94.21491228070175,99.86293859649123,100.0,0.0,97.03892543859645,99.86293859649123,100.0,0.0,98.45093201754385,99.89035087719299,100.0,0.0,99.30076754385964
TPMT_HUMAN_Matreyek_2018,random_search,11,97.50548245614036,0.0,0.0,96.62116228070175,98.62938596491227,0.0,0.0,97.24040570175438,100.0,100.0,100.0,98.37349232456141,100.0,100.0,100.0,99.34939692982455
TPMT_HUMAN_Matreyek_2018,random_walk,11,61.348684210526315,0.0,0.0,54.1907894736842,99.23245614035088,100.0,0.0,72.54276315789474,99.23245614035088,100.0,0.0,85.88760964912281,99.97258771929825,100.0,100.0,94.28157894736842
TPMT_HUMAN_Matreyek_2018,greedy_local,11,89.93969298245614,0.0,0.0,65.89309210526315,99.0405701754386,100.0,0.0,81.28371710526316,99.72587719298245,100.0,0.0,90.38514254385962,99.72587719298245,100.0,0.0,95.98958333333331
TPMT_HUMAN_Matreyek_2018,regevo,11,98.93092105263158,0.0,0.0,94.87828947368423,99.3969298245614,100.0,0.0,96.96518640350874,99.3969298245614,100.0,0.0,98.18105811403508,99.91776315789474,100.0,100.0,99.10104166666666
TPMT_HUMAN_Matreyek_2018,gpbo_ei,11,99.0405701754386,100.0,0.0,97.33223684210526,99.0405701754386,100.0,0.0,98.18640350877195,99.0405701754386,100.0,0.0,98.61348684210526,99.36951754385964,100.0,0.0,98.91447368421053
TPMT_HUMAN_Matreyek_2018,adalead_graph,11,99.78070175438596,100.0,0.0,93.58168859649122,99.78070175438596,100.0,0.0,96.68119517543857,99.78070175438596,100.0,0.0,98.23094846491227,99.78070175438596,100.0,0.0,99.16080043859648
TPMT_HUMAN_Matreyek_2018,fly,11,83.7719298245614,0.0,0.0,72.01096491228071,99.83552631578948,100.0,0.0,85.64473684210529,99.83552631578948,100.0,0.0,92.74013157894737,99.83552631578948,100.0,0.0,96.99736842105264
TPMT_HUMAN_Matreyek_2018,fly_memory,11,61.348684210526315,0.0,0.0,59.87499999999999,98.60197368421052,0.0,0.0,78.17680921052633,99.23245614035088,100.0,0.0,88.58127741228071,99.58881578947368,100.0,0.0,95.10098684210526
TPMT_HUMAN_Matreyek_2018,fly_best_tested,11,83.7719298245614,0.0,0.0,62.30043859649123,99.83552631578948,100.0,0.0,80.3426535087719,99.83552631578948,100.0,0.0,90.08908991228071,99.83552631578948,100.0,0.0,95.93695175438599
TPMT_HUMAN_Matreyek_2018,zs_mm_150M,11,99.01315789473684,100.0,0.0,89.76864035087718,99.01315789473684,100.0,0.0,94.39089912280703,99.80811403508773,100.0,0.0,97.07812500000001,99.9451754385965,100.0,100.0,98.78865131578947
TPMT_HUMAN_Matreyek_2018,zs_wt_150M,11,98.3826754385965,0.0,0.0,88.78782894736841,99.01315789473684,100.0,0.0,93.78700657894737,99.86293859649123,100.0,0.0,96.73081140350878,99.9451754385965,100.0,100.0,98.64610745614034
TPMT_HUMAN_Matreyek_2018,zs_wt_650M,11,98.90350877192982,0.0,0.0,93.80263157894734,99.86293859649123,100.0,0.0,96.7253289473684,99.86293859649123,100.0,0.0,98.29413377192981,99.86293859649123,100.0,0.0,99.23541666666665
TPMT_HUMAN_Matreyek_2018,zs_mm_8M,11,99.86293859649123,100.0,0.0,94.28728070175438,99.86293859649123,100.0,0.0,97.07510964912275,99.86293859649123,100.0,0.0,98.46902412280699,99.86293859649123,100.0,0.0,99.30537280701753
TPMT_HUMAN_Matreyek_2018,zs_wt_8M,11,99.86293859649123,100.0,0.0,94.21491228070175,99.86293859649123,100.0,0.0,97.03892543859645,99.86293859649123,100.0,0.0,98.45093201754385,99.89035087719299,100.0,0.0,99.30076754385964
TPMT_HUMAN_Matreyek_2018,random_search,12,96.54605263157895,0.0,0.0,96.54605263157895,99.56140350877193,100.0,0.0,96.6365131578947,99.56140350877193,100.0,0.0,98.09895833333331,100.0,100.0,100.0,99.1080592105263
TPMT_HUMAN_Matreyek_2018,random_walk,12,94.43530701754386,0.0,0.0,94.10910087719297,99.23245614035088,100.0,0.0,95.60581140350878,99.91776315789474,100.0,100.0,97.50822368421053,99.97258771929825,100.0,100.0,98.96907894736844
TPMT_HUMAN_Matreyek_2018,greedy_local,12,98.30043859649123,0.0,0.0,97.52083333333334,98.30043859649123,0.0,0.0,97.91063596491222,98.30043859649123,0.0,0.0,98.10553728070172,99.09539473684211,100.0,0.0,98.64638157894736
TPMT_HUMAN_Matreyek_2018,regevo,12,99.89035087719299,100.0,0.0,96.45614035087718,99.89035087719299,100.0,0.0,98.17324561403508,99.89035087719299,100.0,0.0,99.03179824561404,99.91776315789474,100.0,100.0,99.55635964912281
TPMT_HUMAN_Matreyek_2018,gpbo_ei,12,99.36951754385964,100.0,0.0,98.53179824561403,99.36951754385964,100.0,0.0,98.95065789473679,100.0,100.0,100.0,99.23533442982455,100.0,100.0,100.0,99.69413377192983
TPMT_HUMAN_Matreyek_2018,adalead_graph,12,93.96929824561404,0.0,0.0,93.96929824561407,99.42434210526316,100.0,0.0,95.26452850877196,99.42434210526316,100.0,0.0,97.34443530701756,99.47916666666667,100.0,0.0,98.61584429824562
TPMT_HUMAN_Matreyek_2018,fly,12,99.83552631578948,100.0,0.0,96.74506578947367,99.83552631578948,100.0,0.0,98.29029605263162,99.83552631578948,100.0,0.0,99.06291118421053,99.97258771929825,100.0,100.0,99.60734649122806
TPMT_HUMAN_Matreyek_2018,fly_memory,12,96.65570175438596,0.0,0.0,96.16228070175437,99.23245614035088,100.0,0.0,96.82127192982458,99.83552631578948,100.0,0.0,98.20737390350878,99.89035087719299,100.0,0.0,99.20794956140352
TPMT_HUMAN_Matreyek_2018,fly_best_tested,12,97.45065789473684,0.0,0.0,96.89364035087718,99.23245614035088,100.0,0.0,97.35032894736844,99.23245614035088,100.0,0.0,98.29139254385966,99.97258771929825,100.0,100.0,99.1750548245614
TPMT_HUMAN_Matreyek_2018,zs_mm_150M,12,99.01315789473684,100.0,0.0,89.76864035087718,99.01315789473684,100.0,0.0,94.39089912280703,99.80811403508773,100.0,0.0,97.07812500000001,99.9451754385965,100.0,100.0,98.78865131578947
TPMT_HUMAN_Matreyek_2018,zs_wt_150M,12,98.3826754385965,0.0,0.0,88.78782894736841,99.01315789473684,100.0,0.0,93.78700657894737,99.86293859649123,100.0,0.0,96.73081140350878,99.9451754385965,100.0,100.0,98.64610745614034
TPMT_HUMAN_Matreyek_2018,zs_wt_650M,12,98.90350877192982,0.0,0.0,93.80263157894734,99.86293859649123,100.0,0.0,96.7253289473684,99.86293859649123,100.0,0.0,98.29413377192981,99.86293859649123,100.0,0.0,99.23541666666665
TPMT_HUMAN_Matreyek_2018,zs_mm_8M,12,99.86293859649123,100.0,0.0,94.28728070175438,99.86293859649123,100.0,0.0,97.07510964912275,99.86293859649123,100.0,0.0,98.46902412280699,99.86293859649123,100.0,0.0,99.30537280701753
TPMT_HUMAN_Matreyek_2018,zs_wt_8M,12,99.86293859649123,100.0,0.0,94.21491228070175,99.86293859649123,100.0,0.0,97.03892543859645,99.86293859649123,100.0,0.0,98.45093201754385,99.89035087719299,100.0,0.0,99.30076754385964
TPMT_HUMAN_Matreyek_2018,random_search,13,96.05263157894737,0.0,0.0,93.0811403508772,98.54714912280701,0.0,0.0,94.93640350877195,99.56140350877193,100.0,0.0,96.96422697368422,99.7532894736842,100.0,0.0,98.56129385964911
TPMT_HUMAN_Matreyek_2018,random_walk,13,98.35526315789474,0.0,0.0,92.02686403508774,98.3826754385965,0.0,0.0,95.20093201754389,99.23245614035088,100.0,0.0,97.0467379385965,99.97258771929825,100.0,100.0,98.73453947368421
TPMT_HUMAN_Matreyek_2018,greedy_local,13,98.3826754385965,0.0,0.0,93.81304824561403,98.3826754385965,0.0,0.0,96.0978618421053,99.83552631578948,100.0,0.0,97.67420504385966,99.97258771929825,100.0,100.0,99.02554824561405
TPMT_HUMAN_Matreyek_2018,regevo,13,99.47916666666667,100.0,0.0,93.54714912280703,99.47916666666667,100.0,0.0,96.51315789473679,99.83552631578948,100.0,0.0,98.00685307017542,99.97258771929825,100.0,100.0,99.14764254385966
TPMT_HUMAN_Matreyek_2018,gpbo_ei,13,97.94407894736842,0.0,0.0,91.96436403508771,97.94407894736842,0.0,0.0,94.95422149122807,97.94407894736842,0.0,0.0,96.44915021929825,98.98574561403508,0.0,0.0,97.94610745614034
TPMT_HUMAN_Matreyek_2018,adalead_graph,13,99.23245614035088,100.0,0.0,97.38103070175441,99.23245614035088,100.0,0.0,98.30674342105267,99.23245614035088,100.0,0.0,98.76959978070177,99.42434210526316,100.0,0.0,99.15131578947368
TPMT_HUMAN_Matreyek_2018,fly,13,98.21820175438596,0.0,0.0,94.50219298245612,98.21820175438596,0.0,0.0,96.36019736842103,99.91776315789474,100.0,100.0,97.71408991228071,99.97258771929825,100.0,100.0,99.05197368421054
TPMT_HUMAN_Matreyek_2018,fly_memory,13,99.97258771929825,100.0,100.0,96.78070175438599,99.97258771929825,100.0,100.0,98.37664473684207,99.97258771929825,100.0,100.0,99.17461622807015,99.97258771929825,100.0,100.0,99.65339912280699
TPMT_HUMAN_Matreyek_2018,fly_best_tested,13,95.88815789473684,0.0,0.0,91.23684210526314,97.58771929824562,0.0,0.0,94.39528508771932,99.7532894736842,100.0,0.0,96.84690241228068,99.97258771929825,100.0,100.0,98.67933114035087
TPMT_HUMAN_Matreyek_2018,zs_mm_150M,13,99.01315789473684,100.0,0.0,89.76864035087718,99.01315789473684,100.0,0.0,94.39089912280703,99.80811403508773,100.0,0.0,97.07812500000001,99.9451754385965,100.0,100.0,98.78865131578947
TPMT_HUMAN_Matreyek_2018,zs_wt_150M,13,98.3826754385965,0.0,0.0,88.78782894736841,99.01315789473684,100.0,0.0,93.78700657894737,99.86293859649123,100.0,0.0,96.73081140350878,99.9451754385965,100.0,100.0,98.64610745614034
TPMT_HUMAN_Matreyek_2018,zs_wt_650M,13,98.90350877192982,0.0,0.0,93.80263157894734,99.86293859649123,100.0,0.0,96.7253289473684,99.86293859649123,100.0,0.0,98.29413377192981,99.86293859649123,100.0,0.0,99.23541666666665
TPMT_HUMAN_Matreyek_2018,zs_mm_8M,13,99.86293859649123,100.0,0.0,94.28728070175438,99.86293859649123,100.0,0.0,97.07510964912275,99.86293859649123,100.0,0.0,98.46902412280699,99.86293859649123,100.0,0.0,99.30537280701753
TPMT_HUMAN_Matreyek_2018,zs_wt_8M,13,99.86293859649123,100.0,0.0,94.21491228070175,99.86293859649123,100.0,0.0,97.03892543859645,99.86293859649123,100.0,0.0,98.45093201754385,99.89035087719299,100.0,0.0,99.30076754385964
TPMT_HUMAN_Matreyek_2018,random_search,14,99.34210526315789,100.0,0.0,98.19846491228068,99.34210526315789,100.0,0.0,98.77028508771932,99.86293859649123,100.0,0.0,99.2489035087719,100.0,100.0,100.0,99.67160087719297
TPMT_HUMAN_Matreyek_2018,random_walk,14,94.81907894736842,0.0,0.0,87.51480263157895,99.23245614035088,100.0,0.0,92.5389254385965,99.23245614035088,100.0,0.0,95.88569078947368,99.97258771929825,100.0,100.0,98.14106359649124
TPMT_HUMAN_Matreyek_2018,greedy_local,14,96.76535087719299,0.0,0.0,94.70449561403508,99.7532894736842,100.0,0.0,97.19901315789475,99.7532894736842,100.0,0.0,98.47615131578945,99.91776315789474,100.0,100.0,99.31310307017542
TPMT_HUMAN_Matreyek_2018,regevo,14,99.20504385964912,100.0,0.0,93.65241228070174,99.20504385964912,100.0,0.0,96.42872807017542,99.7532894736842,100.0,0.0,97.9128289473684,99.7532894736842,100.0,0.0,99.01710526315786
TPMT_HUMAN_Matreyek_2018,gpbo_ei,14,96.10745614035088,0.0,0.0,91.15953947368423,100.0,100.0,100.0,94.45093201754388,100.0,100.0,100.0,97.22546600877195,100.0,100.0,100.0,98.89018640350878
TPMT_HUMAN_Matreyek_2018,adalead_graph,14,99.97258771929825,100.0,100.0,94.7061403508772,99.97258771929825,100.0,100.0,97.33936403508767,99.97258771929825,100.0,100.0,98.65597587719296,99.97258771929825,100.0,100.0,99.44594298245612
TPMT_HUMAN_Matreyek_2018,fly,14,98.35526315789474,0.0,0.0,94.8700657894737,99.97258771929825,100.0,100.0,96.96600877192981,99.97258771929825,100.0,100.0,98.46929824561403,99.97258771929825,100.0,100.0,99.37127192982454
TPMT_HUMAN_Matreyek_2018,fly_memory,14,99.23245614035088,100.0,0.0,95.29934210526318,99.23245614035088,100.0,0.0,97.26589912280706,99.45175438596492,100.0,0.0,98.28097587719301,99.97258771929825,100.0,100.0,99.25740131578947
TPMT_HUMAN_Matreyek_2018,fly_best_tested,14,97.94407894736842,0.0,0.0,92.8114035087719,99.15021929824562,100.0,0.0,95.96875000000001,99.15021929824562,100.0,0.0,97.55948464912281,99.42434210526316,100.0,0.0,98.60548245614035
TPMT_HUMAN_Matreyek_2018,zs_mm_150M,14,99.01315789473684,100.0,0.0,89.76864035087718,99.01315789473684,100.0,0.0,94.39089912280703,99.80811403508773,100.0,0.0,97.07812500000001,99.9451754385965,100.0,100.0,98.78865131578947
TPMT_HUMAN_Matreyek_2018,zs_wt_150M,14,98.3826754385965,0.0,0.0,88.78782894736841,99.01315789473684,100.0,0.0,93.78700657894737,99.86293859649123,100.0,0.0,96.73081140350878,99.9451754385965,100.0,100.0,98.64610745614034
TPMT_HUMAN_Matreyek_2018,zs_wt_650M,14,98.90350877192982,0.0,0.0,93.80263157894734,99.86293859649123,100.0,0.0,96.7253289473684,99.86293859649123,100.0,0.0,98.29413377192981,99.86293859649123,100.0,0.0,99.23541666666665
TPMT_HUMAN_Matreyek_2018,zs_mm_8M,14,99.86293859649123,100.0,0.0,94.28728070175438,99.86293859649123,100.0,0.0,97.07510964912275,99.86293859649123,100.0,0.0,98.46902412280699,99.86293859649123,100.0,0.0,99.30537280701753
TPMT_HUMAN_Matreyek_2018,zs_wt_8M,14,99.86293859649123,100.0,0.0,94.21491228070175,99.86293859649123,100.0,0.0,97.03892543859645,99.86293859649123,100.0,0.0,98.45093201754385,99.89035087719299,100.0,0.0,99.30076754385964
TPMT_HUMAN_Matreyek_2018,random_search,15,98.30043859649123,0.0,0.0,92.0263157894737,99.34210526315789,100.0,0.0,95.62171052631582,99.34210526315789,100.0,0.0,97.48190789473685,99.97258771929825,100.0,100.0,98.85559210526317
TPMT_HUMAN_Matreyek_2018,random_walk,15,99.97258771929825,100.0,100.0,97.85416666666669,99.97258771929825,100.0,100.0,98.91337719298241,99.97258771929825,100.0,100.0,99.44298245614033,99.97258771929825,100.0,100.0,99.76074561403507
TPMT_HUMAN_Matreyek_2018,greedy_local,15,99.91776315789474,100.0,100.0,98.21655701754388,99.91776315789474,100.0,100.0,99.06716008771934,99.91776315789474,100.0,100.0,99.49246162280706,99.91776315789474,100.0,100.0,99.74764254385968
TPMT_HUMAN_Matreyek_2018,regevo,15,99.97258771929825,100.0,100.0,96.49945175438597,99.97258771929825,100.0,100.0,98.23601973684207,99.97258771929825,100.0,100.0,99.10430372807015,99.97258771929825,100.0,100.0,99.625274122807
TPMT_HUMAN_Matreyek_2018,gpbo_ei,15,97.06688596491227,0.0,0.0,96.63925438596492,98.98574561403508,0.0,0.0,96.891447368421,98.98574561403508,0.0,0.0,97.93859649122805,100.0,100.0,100.0,98.79424342105263
TPMT_HUMAN_Matreyek_2018,adalead_graph,15,98.95833333333333,0.0,0.0,97.58442982456137,98.95833333333333,0.0,0.0,98.2713815789474,99.78070175438596,100.0,0.0,98.96025219298247,99.78070175438596,100.0,0.0,99.45252192982456
TPMT_HUMAN_Matreyek_2018,fly,15,99.83552631578948,100.0,0.0,96.80811403508771,99.83552631578948,100.0,0.0,98.32182017543863,99.83552631578948,100.0,0.0,99.07867324561404,99.97258771929825,100.0,100.0,99.5870614035088
TPMT_HUMAN_Matreyek_2018,fly_memory,15,95.42214912280701,0.0,0.0,95.40241228070175,99.97258771929825,100.0,100.0,96.54989035087718,99.97258771929825,100.0,100.0,98.26123903508771,99.97258771929825,100.0,100.0,99.28804824561402
TPMT_HUMAN_Matreyek_2018,fly_best_tested,15,99.15021929824562,100.0,0.0,96.85087719298244,99.15021929824562,100.0,0.0,98.00054824561404,99.7532894736842,100.0,0.0,98.71408991228068,99.83552631578948,100.0,0.0,99.35422149122806
TPMT_HUMAN_Matreyek_2018,zs_mm_150M,15,99.01315789473684,100.0,0.0,89.76864035087718,99.01315789473684,100.0,0.0,94.39089912280703,99.80811403508773,100.0,0.0,97.07812500000001,99.9451754385965,100.0,100.0,98.78865131578947
TPMT_HUMAN_Matreyek_2018,zs_wt_150M,15,98.3826754385965,0.0,0.0,88.78782894736841,99.01315789473684,100.0,0.0,93.78700657894737,99.86293859649123,100.0,0.0,96.73081140350878,99.9451754385965,100.0,100.0,98.64610745614034
TPMT_HUMAN_Matreyek_2018,zs_wt_650M,15,98.90350877192982,0.0,0.0,93.80263157894734,99.86293859649123,100.0,0.0,96.7253289473684,99.86293859649123,100.0,0.0,98.29413377192981,99.86293859649123,100.0,0.0,99.23541666666665
TPMT_HUMAN_Matreyek_2018,zs_mm_8M,15,99.86293859649123,100.0,0.0,94.28728070175438,99.86293859649123,100.0,0.0,97.07510964912275,99.86293859649123,100.0,0.0,98.46902412280699,99.86293859649123,100.0,0.0,99.30537280701753
TPMT_HUMAN_Matreyek_2018,zs_wt_8M,15,99.86293859649123,100.0,0.0,94.21491228070175,99.86293859649123,100.0,0.0,97.03892543859645,99.86293859649123,100.0,0.0,98.45093201754385,99.89035087719299,100.0,0.0,99.30076754385964
TPMT_HUMAN_Matreyek_2018,random_search,16,94.7094298245614,0.0,0.0,93.89583333333331,98.93092105263158,0.0,0.0,95.35526315789475,98.93092105263158,0.0,0.0,97.14309210526316,99.53399122807018,100.0,0.0,98.32949561403511
TPMT_HUMAN_Matreyek_2018,random_walk,16,98.35526315789474,0.0,0.0,97.73300438596492,98.35526315789474,0.0,0.0,98.04413377192986,99.97258771929825,100.0,100.0,98.53193530701756,99.97258771929825,100.0,100.0,99.39632675438597
TPMT_HUMAN_Matreyek_2018,greedy_local,16,99.36951754385964,100.0,0.0,97.0032894736842,99.89035087719299,100.0,0.0,98.3270285087719,99.89035087719299,100.0,0.0,99.10868969298244,99.89035087719299,100.0,0.0,99.57768640350878
TPMT_HUMAN_Matreyek_2018,regevo,16,99.83552631578948,100.0,0.0,96.2938596491228,99.83552631578948,100.0,0.0,98.06469298245617,99.83552631578948,100.0,0.0,98.95010964912282,99.83552631578948,100.0,0.0,99.48135964912284
TPMT_HUMAN_Matreyek_2018,gpbo_ei,16,99.17763157894737,100.0,0.0,95.89364035087719,99.17763157894737,100.0,0.0,97.53563596491226,99.17763157894737,100.0,0.0,98.35663377192982,100.0,100.0,100.0,99.16929824561403
TPMT_HUMAN_Matreyek_2018,adalead_graph,16,96.13486842105263,0.0,0.0,95.11513157894734,98.60197368421052,0.0,0.0,95.90131578947364,98.62938596491227,0.0,0.0,97.2616502192982,99.64364035087719,100.0,0.0,98.61578947368419
TPMT_HUMAN_Matreyek_2018,fly,16,99.42434210526316,100.0,0.0,98.69407894736844,99.42434210526316,100.0,0.0,99.0592105263158,99.89035087719299,100.0,0.0,99.41954495614034,99.89035087719299,100.0,0.0,99.70202850877193
TPMT_HUMAN_Matreyek_2018,fly_memory,16,96.13486842105263,0.0,0.0,95.93092105263156,100.0,100.0,100.0,97.62691885964912,100.0,100.0,100.0,98.81345942982456,100.0,100.0,100.0,99.52538377192982
TPMT_HUMAN_Matreyek_2018,fly_best_tested,16,99.15021929824562,100.0,0.0,97.5614035087719,99.15021929824562,100.0,0.0,98.3558114035088,99.97258771929825,100.0,100.0,99.08319627192981,99.97258771929825,100.0,100.0,99.61683114035087
TPMT_HUMAN_Matreyek_2018,zs_mm_150M,16,99.01315789473684,100.0,0.0,89.76864035087718,99.01315789473684,100.0,0.0,94.39089912280703,99.80811403508773,100.0,0.0,97.07812500000001,99.9451754385965,100.0,100.0,98.78865131578947
TPMT_HUMAN_Matreyek_2018,zs_wt_150M,16,98.3826754385965,0.0,0.0,88.78782894736841,99.01315789473684,100.0,0.0,93.78700657894737,99.86293859649123,100.0,0.0,96.73081140350878,99.9451754385965,100.0,100.0,98.64610745614034
TPMT_HUMAN_Matreyek_2018,zs_wt_650M,16,98.90350877192982,0.0,0.0,93.80263157894734,99.86293859649123,100.0,0.0,96.7253289473684,99.86293859649123,100.0,0.0,98.29413377192981,99.86293859649123,100.0,0.0,99.23541666666665
TPMT_HUMAN_Matreyek_2018,zs_mm_8M,16,99.86293859649123,100.0,0.0,94.28728070175438,99.86293859649123,100.0,0.0,97.07510964912275,99.86293859649123,100.0,0.0,98.46902412280699,99.86293859649123,100.0,0.0,99.30537280701753
TPMT_HUMAN_Matreyek_2018,zs_wt_8M,16,99.86293859649123,100.0,0.0,94.21491228070175,99.86293859649123,100.0,0.0,97.03892543859645,99.86293859649123,100.0,0.0,98.45093201754385,99.89035087719299,100.0,0.0,99.30076754385964
TPMT_HUMAN_Matreyek_2018,random_search,17,99.42434210526316,100.0,0.0,94.65350877192985,99.42434210526316,100.0,0.0,97.0389254385965,99.42434210526316,100.0,0.0,98.23163377192981,99.42434210526316,100.0,0.0,98.9472587719298
TPMT_HUMAN_Matreyek_2018,random_walk,17,99.15021929824562,100.0,0.0,94.26864035087718,99.15021929824562,100.0,0.0,96.70942982456141,99.42434210526316,100.0,0.0,98.06003289473684,99.97258771929825,100.0,100.0,99.13081140350876
TPMT_HUMAN_Matreyek_2018,greedy_local,17,94.0515350877193,0.0,0.0,84.57072368421052,99.28728070175438,100.0,0.0,89.91474780701753,99.28728070175438,100.0,0.0,94.60101425438597,99.97258771929825,100.0,100.0,97.77872807017542
TPMT_HUMAN_Matreyek_2018,regevo,17,97.03947368421052,0.0,0.0,86.60635964912282,98.24561403508773,0.0,0.0,92.40186403508774,99.36951754385964,100.0,0.0,95.57099780701756,99.7532894736842,100.0,0.0,97.97368421052632
TPMT_HUMAN_Matreyek_2018,gpbo_ei,17,99.56140350877193,100.0,0.0,95.86622807017545,99.56140350877193,100.0,0.0,97.71381578947364,99.56140350877193,100.0,0.0,98.63760964912281,100.0,100.0,100.0,99.31359649122807
TPMT_HUMAN_Matreyek_2018,adalead_graph,17,99.83552631578948,100.0,0.0,95.66228070175437,99.83552631578948,100.0,0.0,97.74890350877195,99.83552631578948,100.0,0.0,98.79221491228071,99.83552631578948,100.0,0.0,99.41820175438599
TPMT_HUMAN_Matreyek_2018,fly,17,99.91776315789474,100.0,100.0,90.31030701754388,99.91776315789474,100.0,100.0,95.11403508771934,99.91776315789474,100.0,100.0,97.51589912280706,99.91776315789474,100.0,100.0,98.95701754385968
TPMT_HUMAN_Matreyek_2018,fly_memory,17,99.97258771929825,100.0,100.0,90.94407894736844,99.97258771929825,100.0,100.0,95.45833333333329,99.97258771929825,100.0,100.0,97.71546052631577,99.97258771929825,100.0,100.0,99.06973684210526
TPMT_HUMAN_Matreyek_2018,fly_best_tested,17,97.94407894736842,0.0,0.0,94.66008771929825,99.15021929824562,100.0,0.0,96.53125000000004,99.15021929824562,100.0,0.0,97.84073464912282,99.83552631578948,100.0,0.0,98.90959429824562
TPMT_HUMAN_Matreyek_2018,zs_mm_150M,17,99.01315789473684,100.0,0.0,89.76864035087718,99.01315789473684,100.0,0.0,94.39089912280703,99.80811403508773,100.0,0.0,97.07812500000001,99.9451754385965,100.0,100.0,98.78865131578947
TPMT_HUMAN_Matreyek_2018,zs_wt_150M,17,98.3826754385965,0.0,0.0,88.78782894736841,99.01315789473684,100.0,0.0,93.78700657894737,99.86293859649123,100.0,0.0,96.73081140350878,99.9451754385965,100.0,100.0,98.64610745614034
TPMT_HUMAN_Matreyek_2018,zs_wt_650M,17,98.90350877192982,0.0,0.0,93.80263157894734,99.86293859649123,100.0,0.0,96.7253289473684,99.86293859649123,100.0,0.0,98.29413377192981,99.86293859649123,100.0,0.0,99.23541666666665
TPMT_HUMAN_Matreyek_2018,zs_mm_8M,17,99.86293859649123,100.0,0.0,94.28728070175438,99.86293859649123,100.0,0.0,97.07510964912275,99.86293859649123,100.0,0.0,98.46902412280699,99.86293859649123,100.0,0.0,99.30537280701753
TPMT_HUMAN_Matreyek_2018,zs_wt_8M,17,99.86293859649123,100.0,0.0,94.21491228070175,99.86293859649123,100.0,0.0,97.03892543859645,99.86293859649123,100.0,0.0,98.45093201754385,99.89035087719299,100.0,0.0,99.30076754385964
TPMT_HUMAN_Matreyek_2018,random_search,18,99.31469298245614,100.0,0.0,96.80592105263156,99.89035087719299,100.0,0.0,98.31359649122805,99.89035087719299,100.0,0.0,99.10197368421053,99.89035087719299,100.0,0.0,99.575
TPMT_HUMAN_Matreyek_2018,random_walk,18,99.23245614035088,100.0,0.0,96.81853070175443,99.97258771929825,100.0,100.0,98.23273026315788,99.97258771929825,100.0,100.0,99.10265899122805,99.97258771929825,100.0,100.0,99.62461622807017
TPMT_HUMAN_Matreyek_2018,greedy_local,18,99.23245614035088,100.0,0.0,95.68037280701756,99.23245614035088,100.0,0.0,97.45641447368423,99.47916666666667,100.0,0.0,98.35923793859651,99.89035087719299,100.0,0.0,99.17264254385967
TPMT_HUMAN_Matreyek_2018,regevo,18,99.12280701754386,100.0,0.0,96.86019736842105,99.12280701754386,100.0,0.0,97.99150219298247,99.83552631578948,100.0,0.0,98.87075109649126,99.97258771929825,100.0,100.0,99.46387061403512
TPMT_HUMAN_Matreyek_2018,gpbo_ei,18,97.99890350877193,0.0,0.0,97.4561403508772,97.99890350877193,0.0,0.0,97.72752192982452,99.7532894736842,100.0,0.0,98.38075657894737,100.0,100.0,100.0,99.33996710526316
TPMT_HUMAN_Matreyek_2018,adalead_graph,18,98.27302631578948,0.0,0.0,96.93640350877193,98.27302631578948,0.0,0.0,97.60471491228074,99.17763157894737,100.0,0.0,98.25150767543859,99.56140350877193,100.0,0.0,98.95685307017546
TPMT_HUMAN_Matreyek_2018,fly,18,99.97258771929825,100.0,100.0,98.54605263157897,99.97258771929825,100.0,100.0,99.25932017543855,99.97258771929825,100.0,100.0,99.6159539473684,99.97258771929825,100.0,100.0,99.82993421052629
TPMT_HUMAN_Matreyek_2018,fly_memory,18,99.23245614035088,100.0,0.0,98.36074561403511,99.23245614035088,100.0,0.0,98.79660087719301,99.45175438596492,100.0,0.0,99.0967653508772,99.97258771929825,100.0,100.0,99.54725877192983
TPMT_HUMAN_Matreyek_2018,fly_best_tested,18,96.54605263157895,0.0,0.0,93.38760964912282,99.42434210526316,100.0,0.0,96.34841008771929,99.83552631578948,100.0,0.0,98.06729714912282,99.97258771929825,100.0,100.0,99.16770833333334
TPMT_HUMAN_Matreyek_2018,zs_mm_150M,18,99.01315789473684,100.0,0.0,89.76864035087718,99.01315789473684,100.0,0.0,94.39089912280703,99.80811403508773,100.0,0.0,97.07812500000001,99.9451754385965,100.0,100.0,98.78865131578947
TPMT_HUMAN_Matreyek_2018,zs_wt_150M,18,98.3826754385965,0.0,0.0,88.78782894736841,99.01315789473684,100.0,0.0,93.78700657894737,99.86293859649123,100.0,0.0,96.73081140350878,99.9451754385965,100.0,100.0,98.64610745614034
TPMT_HUMAN_Matreyek_2018,zs_wt_650M,18,98.90350877192982,0.0,0.0,93.80263157894734,99.86293859649123,100.0,0.0,96.7253289473684,99.86293859649123,100.0,0.0,98.29413377192981,99.86293859649123,100.0,0.0,99.23541666666665
TPMT_HUMAN_Matreyek_2018,zs_mm_8M,18,99.86293859649123,100.0,0.0,94.28728070175438,99.86293859649123,100.0,0.0,97.07510964912275,99.86293859649123,100.0,0.0,98.46902412280699,99.86293859649123,100.0,0.0,99.30537280701753
TPMT_HUMAN_Matreyek_2018,zs_wt_8M,18,99.86293859649123,100.0,0.0,94.21491228070175,99.86293859649123,100.0,0.0,97.03892543859645,99.86293859649123,100.0,0.0,98.45093201754385,99.89035087719299,100.0,0.0,99.30076754385964
TPMT_HUMAN_Matreyek_2018,random_search,19,99.53399122807018,100.0,0.0,95.84758771929826,100.0,100.0,100.0,97.8610197368421,100.0,100.0,100.0,98.93050986842105,100.0,100.0,100.0,99.57220394736842
TPMT_HUMAN_Matreyek_2018,random_walk,19,98.82127192982456,0.0,0.0,94.30537280701753,99.91776315789474,100.0,100.0,96.65104166666669,99.91776315789474,100.0,100.0,98.28440241228073,99.97258771929825,100.0,100.0,99.29632675438596
TPMT_HUMAN_Matreyek_2018,greedy_local,19,97.25877192982456,0.0,0.0,96.12719298245615,98.93092105263158,0.0,0.0,97.29632675438599,98.93092105263158,0.0,0.0,98.11362390350878,99.97258771929825,100.0,100.0,99.06348684210528
TPMT_HUMAN_Matreyek_2018,regevo,19,95.44956140350877,0.0,0.0,93.21600877192981,99.17763157894737,100.0,0.0,96.06524122807012,99.45175438596492,100.0,0.0,97.69202302631577,99.83552631578948,100.0,0.0,98.93974780701754
TPMT_HUMAN_Matreyek_2018,gpbo_ei,19,99.0405701754386,100.0,0.0,90.91940789473686,99.0405701754386,100.0,0.0,94.97998903508773,99.0405701754386,100.0,0.0,97.01027960526316,99.31469298245614,100.0,0.0,98.35180921052633
TPMT_HUMAN_Matreyek_2018,adalead_graph,19,99.28728070175438,100.0,0.0,98.8059210526316,99.28728070175438,100.0,0.0,99.04660087719297,99.28728070175438,100.0,0.0,99.1669407894737,99.78070175438596,100.0,0.0,99.46907894736842
TPMT_HUMAN_Matreyek_2018,fly,19,98.82127192982456,0.0,0.0,98.00438596491229,99.36951754385964,100.0,0.0,98.59512061403508,99.97258771929825,100.0,100.0,99.06976425438596,99.97258771929825,100.0,100.0,99.61145833333333
TPMT_HUMAN_Matreyek_2018,fly_memory,19,95.0109649122807,0.0,0.0,92.55098684210526,99.45175438596492,100.0,0.0,95.12527412280704,99.83552631578948,100.0,0.0,97.34032346491229,99.91776315789474,100.0,100.0,98.8496162280702
TPMT_HUMAN_Matreyek_2018,fly_best_tested,19,95.0109649122807,0.0,0.0,91.19901315789474,99.23245614035088,100.0,0.0,94.8780153508772,99.78070175438596,100.0,0.0,97.22341008771932,99.97258771929825,100.0,100.0,98.81957236842103
TPMT_HUMAN_Matreyek_2018,zs_mm_150M,19,99.01315789473684,100.0,0.0,89.76864035087718,99.01315789473684,100.0,0.0,94.39089912280703,99.80811403508773,100.0,0.0,97.07812500000001,99.9451754385965,100.0,100.0,98.78865131578947
TPMT_HUMAN_Matreyek_2018,zs_wt_150M,19,98.3826754385965,0.0,0.0,88.78782894736841,99.01315789473684,100.0,0.0,93.78700657894737,99.86293859649123,100.0,0.0,96.73081140350878,99.9451754385965,100.0,100.0,98.64610745614034
TPMT_HUMAN_Matreyek_2018,zs_wt_650M,19,98.90350877192982,0.0,0.0,93.80263157894734,99.86293859649123,100.0,0.0,96.7253289473684,99.86293859649123,100.0,0.0,98.29413377192981,99.86293859649123,100.0,0.0,99.23541666666665
TPMT_HUMAN_Matreyek_2018,zs_mm_8M,19,99.86293859649123,100.0,0.0,94.28728070175438,99.86293859649123,100.0,0.0,97.07510964912275,99.86293859649123,100.0,0.0,98.46902412280699,99.86293859649123,100.0,0.0,99.30537280701753
TPMT_HUMAN_Matreyek_2018,zs_wt_8M,19,99.86293859649123,100.0,0.0,94.21491228070175,99.86293859649123,100.0,0.0,97.03892543859645,99.86293859649123,100.0,0.0,98.45093201754385,99.89035087719299,100.0,0.0,99.30076754385964
RNC_ECOLI_Weeks_2023,random_search,0,99.41547813888239,100.0,0.0,91.94435351882161,99.41547813888239,100.0,0.0,95.67991582885199,99.41547813888239,100.0,0.0,97.54769698386718,99.9766191255553,100.0,100.0,98.8335281739537
RNC_ECOLI_Weeks_2023,random_walk,0,88.80056114098667,0.0,0.0,84.44189852700491,97.7554360533084,0.0,0.0,90.17699321954642,97.7554360533084,0.0,0.0,93.9662146364274,99.36871638999298,100.0,0.0,96.47668926817863
RNC_ECOLI_Weeks_2023,greedy_local,0,99.95323825111059,100.0,100.0,89.86205284077624,99.95323825111059,100.0,100.0,94.9076455459434,99.95323825111059,100.0,100.0,97.43044189852702,99.95323825111059,100.0,100.0,98.94411971007719
RNC_ECOLI_Weeks_2023,regevo,0,99.06476502221183,100.0,0.0,97.79845686228666,99.06476502221183,100.0,0.0,98.43161094224928,99.06476502221183,100.0,0.0,98.74818798223053,99.90647650222118,100.0,100.0,99.20462941314004
RNC_ECOLI_Weeks_2023,gpbo_ei,0,99.9766191255553,100.0,100.0,91.43558569090483,99.9766191255553,100.0,100.0,95.70610240823007,99.9766191255553,100.0,100.0,97.84136076689269,100.0,100.0,100.0,99.12303016132805
RNC_ECOLI_Weeks_2023,adalead_graph,0,98.50362403553893,0.0,0.0,89.4468085106383,98.50362403553893,0.0,0.0,93.97521627308859,99.81295300444236,100.0,0.0,96.5204582651391,99.81295300444236,100.0,0.0,98.49595510872106
RNC_ECOLI_Weeks_2023,fly,0,99.95323825111059,100.0,100.0,99.1947626841244,99.95323825111059,100.0,100.0,99.57400046761748,99.95323825111059,100.0,100.0,99.76361935936406,99.95323825111059,100.0,100.0,99.877390694412
RNC_ECOLI_Weeks_2023,fly_memory,0,90.76455459434183,0.0,0.0,88.61304652794013,90.76455459434183,0.0,0.0,89.68880056114097,97.7554360533084,0.0,0.0,92.25508534019171,99.36871638999298,100.0,0.0,96.52326397007249
RNC_ECOLI_Weeks_2023,fly_best_tested,0,93.47673602992752,0.0,0.0,87.37713350479308,95.5576338555062,0.0,0.0,91.09282207154546,98.03600654664484,0.0,0.0,94.30418517652559,99.36871638999298,100.0,0.0,97.09632920271217
RNC_ECOLI_Weeks_2023,zs_mm_150M,0,99.48562076221651,100.0,0.0,96.14075286415711,99.64928688332944,100.0,0.0,97.82955342529814,99.74281038110826,100.0,0.0,98.74596679915828,99.90647650222118,100.0,100.0,99.3483282674772
RNC_ECOLI_Weeks_2023,zs_wt_150M,0,99.48562076221651,100.0,0.0,96.6883329436521,99.64928688332944,100.0,0.0,98.12789338321258,99.74281038110826,100.0,0.0,98.90869768529345,99.74281038110826,100.0,0.0,99.40916530278231
RNC_ECOLI_Weeks_2023,zs_wt_650M,0,99.48562076221651,100.0,0.0,96.04769698386717,99.74281038110826,100.0,0.0,97.77951835398646,99.74281038110826,100.0,0.0,98.76116436754735,99.74281038110826,100.0,0.0,99.3501519756839
RNC_ECOLI_Weeks_2023,zs_mm_8M,0,95.019873743278,0.0,0.0,84.95300444236615,96.93710544774375,0.0,0.0,90.25087678279168,99.13490764554594,100.0,0.0,94.61596913724574,99.64928688332944,100.0,0.0,97.58643909282206
RNC_ECOLI_Weeks_2023,zs_wt_8M,0,95.019873743278,0.0,0.0,88.6967500584522,99.13490764554594,100.0,0.0,92.80476969838675,99.48562076221651,100.0,0.0,96.02069207388358,99.64928688332944,100.0,0.0,98.1346738368015
RNC_ECOLI_Weeks_2023,random_search,1,96.6331540799626,0.0,0.0,88.51671732522799,97.00724807107785,0.0,0.0,92.5824175824176,99.69604863221885,100.0,0.0,95.77788169277534,99.85971475333177,100.0,0.0,98.14351180734161
RNC_ECOLI_Weeks_2023,random_walk,1,98.05938742108955,0.0,0.0,93.81201776946462,99.34533551554829,100.0,0.0,96.02571896188921,99.34533551554829,100.0,0.0,97.68552723871873,99.74281038110826,100.0,0.0,98.9063829787234
RNC_ECOLI_Weeks_2023,greedy_local,1,98.80757540332009,0.0,0.0,89.73392564881924,99.27519289221416,100.0,0.0,94.30348375029226,99.48562076221651,100.0,0.0,96.89350011690438,99.57914425999532,100.0,0.0,98.48075754033201
RNC_ECOLI_Weeks_2023,regevo,1,99.48562076221651,100.0,0.0,96.93055880289921,99.57914425999532,100.0,0.0,98.25298106149168,99.88309562777648,100.0,0.0,99.03904606032265,99.88309562777648,100.0,0.0,99.54547580079496
RNC_ECOLI_Weeks_2023,gpbo_ei,1,96.93710544774375,0.0,0.0,95.47393032499414,99.20505026888006,100.0,0.0,96.71007715688567,99.20505026888006,100.0,0.0,97.95756371288287,100.0,100.0,100.0,99.02730886135143
RNC_ECOLI_Weeks_2023,adalead_graph,1,97.70867430441899,0.0,0.0,95.82183773673138,97.94248304886602,0.0,0.0,96.84007481879824,99.13490764554594,100.0,0.0,97.91594575637129,99.81295300444236,100.0,0.0,98.82497077390697
RNC_ECOLI_Weeks_2023,fly,1,97.42810381108254,0.0,0.0,86.48678980593873,97.42810381108254,0.0,0.0,91.95744680851062,98.97124152443301,0.0,0.0,95.0785597381342,99.34533551554829,100.0,0.0,97.49497311199438
RNC_ECOLI_Weeks_2023,fly_memory,1,97.42810381108254,0.0,0.0,84.77484217909749,97.42810381108254,0.0,0.0,91.10147299509,99.36871638999298,100.0,0.0,94.55588028992287,99.57914425999532,100.0,0.0,97.52480710778583
RNC_ECOLI_Weeks_2023,fly_best_tested,1,97.42810381108254,0.0,0.0,90.59293897591769,97.7554360533084,0.0,0.0,94.16109422492401,98.78419452887537,0.0,0.0,96.39034369885432,99.85971475333177,100.0,0.0,98.21641337386018
RNC_ECOLI_Weeks_2023,zs_mm_150M,1,99.48562076221651,100.0,0.0,96.14075286415711,99.64928688332944,100.0,0.0,97.82955342529814,99.74281038110826,100.0,0.0,98.74596679915828,99.90647650222118,100.0,100.0,99.3483282674772
RNC_ECOLI_Weeks_2023,zs_wt_150M,1,99.48562076221651,100.0,0.0,96.6883329436521,99.64928688332944,100.0,0.0,98.12789338321258,99.74281038110826,100.0,0.0,98.90869768529345,99.74281038110826,100.0,0.0,99.40916530278231
RNC_ECOLI_Weeks_2023,zs_wt_650M,1,99.48562076221651,100.0,0.0,96.04769698386717,99.74281038110826,100.0,0.0,97.77951835398646,99.74281038110826,100.0,0.0,98.76116436754735,99.74281038110826,100.0,0.0,99.3501519756839
RNC_ECOLI_Weeks_2023,zs_mm_8M,1,95.019873743278,0.0,0.0,84.95300444236615,96.93710544774375,0.0,0.0,90.25087678279168,99.13490764554594,100.0,0.0,94.61596913724574,99.64928688332944,100.0,0.0,97.58643909282206
RNC_ECOLI_Weeks_2023,zs_wt_8M,1,95.019873743278,0.0,0.0,88.6967500584522,99.13490764554594,100.0,0.0,92.80476969838675,99.48562076221651,100.0,0.0,96.02069207388358,99.64928688332944,100.0,0.0,98.1346738368015
RNC_ECOLI_Weeks_2023,random_search,2,96.39934533551555,0.0,0.0,86.5831190086509,98.50362403553893,0.0,0.0,92.50128594809445,98.97124152443301,0.0,0.0,95.71288286181904,99.48562076221651,100.0,0.0,97.90657002571896
RNC_ECOLI_Weeks_2023,random_walk,2,97.2410568155249,0.0,0.0,50.36895019873744,99.36871638999298,100.0,0.0,74.18798223053541,99.36871638999298,100.0,0.0,86.7783493102642,99.64928688332944,100.0,0.0,94.41561842412908
RNC_ECOLI_Weeks_2023,greedy_local,2,98.339957914426,0.0,0.0,83.21487023614682,98.339957914426,0.0,0.0,90.7774140752864,99.69604863221885,100.0,0.0,94.74725274725273,99.88309562777648,100.0,0.0,97.82698152910919
RNC_ECOLI_Weeks_2023,regevo,2,99.13490764554594,100.0,0.0,93.83960720130933,99.57914425999532,100.0,0.0,96.55389291559499,99.57914425999532,100.0,0.0,98.06651858779516,99.57914425999532,100.0,0.0,98.97409399111525
RNC_ECOLI_Weeks_2023,gpbo_ei,2,98.8777180266542,0.0,0.0,90.15431377133505,98.8777180266542,0.0,0.0,94.5160158989946,99.81295300444236,100.0,0.0,96.8942015431377,99.81295300444236,100.0,0.0,98.6454524199205
RNC_ECOLI_Weeks_2023,adalead_graph,2,94.50549450549451,0.0,0.0,93.14285714285714,98.3633387888707,0.0,0.0,94.36988543371523,99.9298573766659,100.0,100.0,97.12590600888474,99.9298573766659,100.0,100.0,98.80827682955345
RNC_ECOLI_Weeks_2023,fly,2,88.91746551321019,0.0,0.0,86.94037877016599,92.2609305588029,0.0,0.0,88.46387654898295,97.7554360533084,0.0,0.0,91.21405190554127,99.36871638999298,100.0,0.0,95.65489829319618
RNC_ECOLI_Weeks_2023,fly_memory,2,88.47322889876081,0.0,0.0,81.06663549216739,95.5576338555062,0.0,0.0,86.25765723638062,98.01262567220014,0.0,0.0,91.99684358194996,99.36871638999298,100.0,0.0,96.1867196633154
RNC_ECOLI_Weeks_2023,fly_best_tested,2,99.36871638999298,100.0,0.0,75.91208791208791,99.36871638999298,100.0,0.0,87.64040215104042,99.36871638999298,100.0,0.0,93.50455927051672,99.74281038110826,100.0,0.0,97.11339724105682
RNC_ECOLI_Weeks_2023,zs_mm_150M,2,99.48562076221651,100.0,0.0,96.14075286415711,99.64928688332944,100.0,0.0,97.82955342529814,99.74281038110826,100.0,0.0,98.74596679915828,99.90647650222118,100.0,100.0,99.3483282674772
RNC_ECOLI_Weeks_2023,zs_wt_150M,2,99.48562076221651,100.0,0.0,96.6883329436521,99.64928688332944,100.0,0.0,98.12789338321258,99.74281038110826,100.0,0.0,98.90869768529345,99.74281038110826,100.0,0.0,99.40916530278231
RNC_ECOLI_Weeks_2023,zs_wt_650M,2,99.48562076221651,100.0,0.0,96.04769698386717,99.74281038110826,100.0,0.0,97.77951835398646,99.74281038110826,100.0,0.0,98.76116436754735,99.74281038110826,100.0,0.0,99.3501519756839
RNC_ECOLI_Weeks_2023,zs_mm_8M,2,95.019873743278,0.0,0.0,84.95300444236615,96.93710544774375,0.0,0.0,90.25087678279168,99.13490764554594,100.0,0.0,94.61596913724574,99.64928688332944,100.0,0.0,97.58643909282206
RNC_ECOLI_Weeks_2023,zs_wt_8M,2,95.019873743278,0.0,0.0,88.6967500584522,99.13490764554594,100.0,0.0,92.80476969838675,99.48562076221651,100.0,0.0,96.02069207388358,99.64928688332944,100.0,0.0,98.1346738368015
RNC_ECOLI_Weeks_2023,random_search,3,95.37058685994856,0.0,0.0,92.36240355389289,95.5576338555062,0.0,0.0,93.90951601589899,98.339957914426,0.0,0.0,95.80839373392564,99.90647650222118,100.0,100.0,97.82375496843581
RNC_ECOLI_Weeks_2023,random_walk,3,84.96609773205518,0.0,0.0,69.11292962356791,95.5576338555062,0.0,0.0,81.38204348842648,97.7554360533084,0.0,0.0,89.45884966097732,99.36871638999298,100.0,0.0,95.05405658171614
RNC_ECOLI_Weeks_2023,greedy_local,3,98.05938742108955,0.0,0.0,71.46785129763853,98.05938742108955,0.0,0.0,84.76361935936407,99.4388590133271,100.0,0.0,91.94949731119945,99.9766191255553,100.0,100.0,96.75178863689503
RNC_ECOLI_Weeks_2023,regevo,3,96.75005845218611,0.0,0.0,86.5845218611176,98.15291091886837,0.0,0.0,92.09936871639002,99.83633387888707,100.0,0.0,95.66319850362405,99.88309562777648,100.0,0.0,98.18522328735095
RNC_ECOLI_Weeks_2023,gpbo_ei,3,97.66191255552958,0.0,0.0,91.8662613981763,97.66191255552958,0.0,0.0,94.76408697685297,99.57914425999532,100.0,0.0,97.09492635024552,100.0,100.0,100.0,98.68814589665652
RNC_ECOLI_Weeks_2023,adalead_graph,3,99.9298573766659,100.0,100.0,94.33855506195931,99.9298573766659,100.0,100.0,97.13420621931266,99.9298573766659,100.0,100.0,98.53203179798928,100.0,100.0,100.0,99.40467617488898
RNC_ECOLI_Weeks_2023,fly,3,95.34720598550386,0.0,0.0,70.12999766191257,95.34720598550386,0.0,0.0,82.7386018237082,98.99462239887772,0.0,0.0,90.81283610007014,99.36871638999298,100.0,0.0,95.84872574234276
RNC_ECOLI_Weeks_2023,fly_memory,3,95.5576338555062,0.0,0.0,83.2649053074585,95.5576338555062,0.0,0.0,89.41126958148234,99.57914425999532,100.0,0.0,93.48678980593876,99.76619125555295,100.0,0.0,97.18110825344868
RNC_ECOLI_Weeks_2023,fly_best_tested,3,95.5576338555062,0.0,0.0,67.89899462239887,95.5576338555062,0.0,0.0,81.72831423895255,97.7554360533084,0.0,0.0,89.43418283843818,99.60252513444003,100.0,0.0,95.34477437456161
RNC_ECOLI_Weeks_2023,zs_mm_150M,3,99.48562076221651,100.0,0.0,96.14075286415711,99.64928688332944,100.0,0.0,97.82955342529814,99.74281038110826,100.0,0.0,98.74596679915828,99.90647650222118,100.0,100.0,99.3483282674772
RNC_ECOLI_Weeks_2023,zs_wt_150M,3,99.48562076221651,100.0,0.0,96.6883329436521,99.64928688332944,100.0,0.0,98.12789338321258,99.74281038110826,100.0,0.0,98.90869768529345,99.74281038110826,100.0,0.0,99.40916530278231
RNC_ECOLI_Weeks_2023,zs_wt_650M,3,99.48562076221651,100.0,0.0,96.04769698386717,99.74281038110826,100.0,0.0,97.77951835398646,99.74281038110826,100.0,0.0,98.76116436754735,99.74281038110826,100.0,0.0,99.3501519756839
RNC_ECOLI_Weeks_2023,zs_mm_8M,3,95.019873743278,0.0,0.0,84.95300444236615,96.93710544774375,0.0,0.0,90.25087678279168,99.13490764554594,100.0,0.0,94.61596913724574,99.64928688332944,100.0,0.0,97.58643909282206
RNC_ECOLI_Weeks_2023,zs_wt_8M,3,95.019873743278,0.0,0.0,88.6967500584522,99.13490764554594,100.0,0.0,92.80476969838675,99.48562076221651,100.0,0.0,96.02069207388358,99.64928688332944,100.0,0.0,98.1346738368015
RNC_ECOLI_Weeks_2023,random_search,4,98.10614916997896,0.0,0.0,97.71241524433015,99.9766191255553,100.0,100.0,98.33949029693707,99.9766191255553,100.0,100.0,99.15805471124618,99.9766191255553,100.0,100.0,99.64919335983166
RNC_ECOLI_Weeks_2023,random_walk,4,96.07201309328968,0.0,0.0,91.62684124386251,97.7554360533084,0.0,0.0,94.46902034136077,97.7554360533084,0.0,0.0,96.11222819733457,99.57914425999532,100.0,0.0,97.65550619593172
RNC_ECOLI_Weeks_2023,greedy_local,4,97.03062894552257,0.0,0.0,83.30558802899228,98.03600654664484,0.0,0.0,90.66074351180733,98.03600654664484,0.0,0.0,94.34837502922608,99.90647650222118,100.0,100.0,97.35964461070843
RNC_ECOLI_Weeks_2023,regevo,4,99.74281038110826,100.0,0.0,98.34697217675941,99.74281038110826,100.0,0.0,99.04489127893386,99.9298573766659,100.0,100.0,99.42190787935469,99.9298573766659,100.0,100.0,99.72667757774141
RNC_ECOLI_Weeks_2023,gpbo_ei,4,98.57376665887304,0.0,0.0,94.63876548982931,98.57376665887304,0.0,0.0,96.60626607435123,99.62590600888473,100.0,0.0,98.07926116436755,99.81295300444236,100.0,0.0,99.0798223053542
RNC_ECOLI_Weeks_2023,adalead_graph,4,96.93710544774375,0.0,0.0,91.47205985503857,99.25181201776947,100.0,0.0,95.2230535422025,99.57914425999532,100.0,0.0,97.26736029927518,99.57914425999532,100.0,0.0,98.65443067570726
RNC_ECOLI_Weeks_2023,fly,4,93.47673602992752,0.0,0.0,92.0701426233341,93.47673602992752,0.0,0.0,92.77343932663086,97.42810381108254,0.0,0.0,94.77402384849196,99.36871638999298,100.0,0.0,97.31615618424132
RNC_ECOLI_Weeks_2023,fly_memory,4,95.5576338555062,0.0,0.0,84.51531447276129,95.5576338555062,0.0,0.0,90.03647416413372,97.7554360533084,0.0,0.0,93.56932429272857,99.83633387888707,100.0,0.0,96.98410100537758
RNC_ECOLI_Weeks_2023,fly_best_tested,4,94.08463876548983,0.0,0.0,90.3334112695815,94.08463876548983,0.0,0.0,92.20902501753561,97.7554360533084,0.0,0.0,94.13993453355152,99.36871638999298,100.0,0.0,97.15707271451953
RNC_ECOLI_Weeks_2023,zs_mm_150M,4,99.48562076221651,100.0,0.0,96.14075286415711,99.64928688332944,100.0,0.0,97.82955342529814,99.74281038110826,100.0,0.0,98.74596679915828,99.90647650222118,100.0,100.0,99.3483282674772
RNC_ECOLI_Weeks_2023,zs_wt_150M,4,99.48562076221651,100.0,0.0,96.6883329436521,99.64928688332944,100.0,0.0,98.12789338321258,99.74281038110826,100.0,0.0,98.90869768529345,99.74281038110826,100.0,0.0,99.40916530278231
RNC_ECOLI_Weeks_2023,zs_wt_650M,4,99.48562076221651,100.0,0.0,96.04769698386717,99.74281038110826,100.0,0.0,97.77951835398646,99.74281038110826,100.0,0.0,98.76116436754735,99.74281038110826,100.0,0.0,99.3501519756839
RNC_ECOLI_Weeks_2023,zs_mm_8M,4,95.019873743278,0.0,0.0,84.95300444236615,96.93710544774375,0.0,0.0,90.25087678279168,99.13490764554594,100.0,0.0,94.61596913724574,99.64928688332944,100.0,0.0,97.58643909282206
RNC_ECOLI_Weeks_2023,zs_wt_8M,4,95.019873743278,0.0,0.0,88.6967500584522,99.13490764554594,100.0,0.0,92.80476969838675,99.48562076221651,100.0,0.0,96.02069207388358,99.64928688332944,100.0,0.0,98.1346738368015
RNC_ECOLI_Weeks_2023,random_search,5,99.08814589665654,100.0,0.0,92.80664016834231,99.08814589665654,100.0,0.0,95.94739303249939,99.95323825111059,100.0,100.0,97.68599485620761,99.95323825111059,100.0,100.0,99.04634089314942
RNC_ECOLI_Weeks_2023,random_walk,5,97.42810381108254,0.0,0.0,89.70493336450781,97.7554360533084,0.0,0.0,93.66144493804069,97.7554360533084,0.0,0.0,95.70844049567454,99.20505026888006,100.0,0.0,97.33214870236147
RNC_ECOLI_Weeks_2023,greedy_local,5,97.94248304886602,0.0,0.0,94.8463876548983,98.05938742108955,0.0,0.0,96.428337619827,99.95323825111059,100.0,100.0,98.00432546177228,99.95323825111059,100.0,100.0,99.17367313537528
RNC_ECOLI_Weeks_2023,regevo,5,98.339957914426,0.0,0.0,92.92354454056581,99.15828851999065,100.0,0.0,95.66448445171851,99.88309562777648,100.0,0.0,97.68517652560206,99.88309562777648,100.0,0.0,99.00392798690673
RNC_ECOLI_Weeks_2023,gpbo_ei,5,98.08276829553425,0.0,0.0,95.20271218143556,98.08276829553425,0.0,0.0,96.64274023848495,100.0,100.0,100.0,98.11702127659575,100.0,100.0,100.0,99.2468085106383
RNC_ECOLI_Weeks_2023,adalead_graph,5,98.10614916997896,0.0,0.0,91.61935936404025,98.10614916997896,0.0,0.0,94.86275426700959,98.10614916997896,0.0,0.0,96.4844517184943,99.25181201776947,100.0,0.0,97.91059153612345
RNC_ECOLI_Weeks_2023,fly,5,97.7554360533084,0.0,0.0,94.93055880289926,97.7554360533084,0.0,0.0,96.34299742810381,97.7554360533084,0.0,0.0,97.04921674070609,99.36871638999298,100.0,0.0,98.37063362169744
RNC_ECOLI_Weeks_2023,fly_memory,5,97.7554360533084,0.0,0.0,96.56581716156187,97.7554360533084,0.0,0.0,97.16062660743512,99.36871638999298,100.0,0.0,97.98234743979425,99.36871638999298,100.0,0.0,98.81416880991351
RNC_ECOLI_Weeks_2023,fly_best_tested,5,95.16015898994623,0.0,0.0,94.59340659340661,97.7554360533084,0.0,0.0,96.12251578209025,97.7554360533084,0.0,0.0,96.93897591769932,99.4388590133271,100.0,0.0,98.14856207622165
RNC_ECOLI_Weeks_2023,zs_mm_150M,5,99.48562076221651,100.0,0.0,96.14075286415711,99.64928688332944,100.0,0.0,97.82955342529814,99.74281038110826,100.0,0.0,98.74596679915828,99.90647650222118,100.0,100.0,99.3483282674772
RNC_ECOLI_Weeks_2023,zs_wt_150M,5,99.48562076221651,100.0,0.0,96.6883329436521,99.64928688332944,100.0,0.0,98.12789338321258,99.74281038110826,100.0,0.0,98.90869768529345,99.74281038110826,100.0,0.0,99.40916530278231
RNC_ECOLI_Weeks_2023,zs_wt_650M,5,99.48562076221651,100.0,0.0,96.04769698386717,99.74281038110826,100.0,0.0,97.77951835398646,99.74281038110826,100.0,0.0,98.76116436754735,99.74281038110826,100.0,0.0,99.3501519756839
RNC_ECOLI_Weeks_2023,zs_mm_8M,5,95.019873743278,0.0,0.0,84.95300444236615,96.93710544774375,0.0,0.0,90.25087678279168,99.13490764554594,100.0,0.0,94.61596913724574,99.64928688332944,100.0,0.0,97.58643909282206
RNC_ECOLI_Weeks_2023,zs_wt_8M,5,95.019873743278,0.0,0.0,88.6967500584522,99.13490764554594,100.0,0.0,92.80476969838675,99.48562076221651,100.0,0.0,96.02069207388358,99.64928688332944,100.0,0.0,98.1346738368015
RNC_ECOLI_Weeks_2023,random_search,6,97.28781856441431,0.0,0.0,95.50385784428337,99.13490764554594,100.0,0.0,96.93266308159927,99.74281038110826,100.0,0.0,98.27998597147534,99.74281038110826,100.0,0.0,99.15768061725508
RNC_ECOLI_Weeks_2023,random_walk,6,92.2609305588029,0.0,0.0,84.42225859247137,95.5576338555062,0.0,0.0,89.36357259761513,98.339957914426,0.0,0.0,92.78173953705867,99.36871638999298,100.0,0.0,96.50441898527005
RNC_ECOLI_Weeks_2023,greedy_local,6,95.5576338555062,0.0,0.0,81.01379471592237,95.67453822772971,0.0,0.0,88.33481412204816,99.36871638999298,100.0,0.0,93.30348375029226,99.95323825111059,100.0,100.0,97.2613981762918
RNC_ECOLI_Weeks_2023,regevo,6,97.52162730886135,0.0,0.0,84.2310030395137,99.01800327332242,100.0,0.0,91.26677577741405,99.88309562777648,100.0,0.0,95.15536591068503,99.90647650222118,100.0,100.0,98.00294599018002
RNC_ECOLI_Weeks_2023,gpbo_ei,6,98.22305354220248,0.0,0.0,92.06780453588962,98.9244797755436,0.0,0.0,95.41898527004912,99.81295300444236,100.0,0.0,97.29611877484218,99.81295300444236,100.0,0.0,98.8062193126023
RNC_ECOLI_Weeks_2023,adalead_graph,6,99.32195464110357,100.0,0.0,93.07318213701194,99.57914425999532,100.0,0.0,96.22328735094692,99.57914425999532,100.0,0.0,97.90121580547113,99.57914425999532,100.0,0.0,98.90797287818565
RNC_ECOLI_Weeks_2023,fly,6,94.08463876548983,0.0,0.0,90.21837736731355,94.08463876548983,0.0,0.0,92.15150806640166,95.5576338555062,0.0,0.0,93.67781155015196,99.36871638999298,100.0,0.0,96.74079962590602
RNC_ECOLI_Weeks_2023,fly_memory,6,78.34931026420388,0.0,0.0,72.60556464811783,92.2609305588029,0.0,0.0,80.87000233808745,97.42810381108254,0.0,0.0,88.40273556231004,98.97124152443301,0.0,0.0,94.26944119710078
RNC_ECOLI_Weeks_2023,fly_best_tested,6,92.2609305588029,0.0,0.0,59.72550853401917,92.2609305588029,0.0,0.0,75.99321954641104,99.29857376665888,100.0,0.0,87.30921206453121,99.36871638999298,100.0,0.0,94.52190787935467
RNC_ECOLI_Weeks_2023,zs_mm_150M,6,99.48562076221651,100.0,0.0,96.14075286415711,99.64928688332944,100.0,0.0,97.82955342529814,99.74281038110826,100.0,0.0,98.74596679915828,99.90647650222118,100.0,100.0,99.3483282674772
RNC_ECOLI_Weeks_2023,zs_wt_150M,6,99.48562076221651,100.0,0.0,96.6883329436521,99.64928688332944,100.0,0.0,98.12789338321258,99.74281038110826,100.0,0.0,98.90869768529345,99.74281038110826,100.0,0.0,99.40916530278231
RNC_ECOLI_Weeks_2023,zs_wt_650M,6,99.48562076221651,100.0,0.0,96.04769698386717,99.74281038110826,100.0,0.0,97.77951835398646,99.74281038110826,100.0,0.0,98.76116436754735,99.74281038110826,100.0,0.0,99.3501519756839
RNC_ECOLI_Weeks_2023,zs_mm_8M,6,95.019873743278,0.0,0.0,84.95300444236615,96.93710544774375,0.0,0.0,90.25087678279168,99.13490764554594,100.0,0.0,94.61596913724574,99.64928688332944,100.0,0.0,97.58643909282206
RNC_ECOLI_Weeks_2023,zs_wt_8M,6,95.019873743278,0.0,0.0,88.6967500584522,99.13490764554594,100.0,0.0,92.80476969838675,99.48562076221651,100.0,0.0,96.02069207388358,99.64928688332944,100.0,0.0,98.1346738368015
RNC_ECOLI_Weeks_2023,random_search,7,94.55225625438392,0.0,0.0,93.49590834697217,99.3920972644377,100.0,0.0,95.4692541501052,99.3920972644377,100.0,0.0,97.43067570727146,99.81295300444236,100.0,0.0,98.72536824877251
RNC_ECOLI_Weeks_2023,random_walk,7,86.69628244096329,0.0,0.0,72.0079494973112,95.5576338555062,0.0,0.0,79.88379705400983,95.5576338555062,0.0,0.0,87.720715454758,99.74281038110826,100.0,0.0,94.33280336684591
RNC_ECOLI_Weeks_2023,greedy_local,7,93.9443535188216,0.0,0.0,77.249473930325,99.4388590133271,100.0,0.0,86.94786064998833,99.9298573766659,100.0,100.0,93.2400046761749,99.9298573766659,100.0,100.0,97.25391629646951
RNC_ECOLI_Weeks_2023,regevo,7,99.78957212999767,100.0,0.0,91.80640635959784,99.78957212999767,100.0,0.0,95.79798924479773,99.78957212999767,100.0,0.0,97.7937806873977,99.78957212999767,100.0,0.0,98.99125555295765
RNC_ECOLI_Weeks_2023,gpbo_ei,7,97.59176993219546,0.0,0.0,90.61024082300678,97.59176993219546,0.0,0.0,94.10100537760114,98.57376665887304,0.0,0.0,96.21463642740237,99.81295300444236,100.0,0.0,98.22034136076688
RNC_ECOLI_Weeks_2023,adalead_graph,7,99.36871638999298,100.0,0.0,93.45849894786065,99.62590600888473,100.0,0.0,96.46504559270517,100.0,100.0,100.0,98.22691138648584,100.0,100.0,100.0,99.29076455459433
RNC_ECOLI_Weeks_2023,fly,7,95.5576338555062,0.0,0.0,70.1108253448679,95.5576338555062,0.0,0.0,82.83422960018706,99.36871638999298,100.0,0.0,90.52981061491701,99.48562076221651,100.0,0.0,95.85747018938508
RNC_ECOLI_Weeks_2023,fly_memory,7,86.11176057984568,0.0,0.0,80.00374093991115,99.36871638999298,100.0,0.0,83.32288987608132,99.36871638999298,100.0,0.0,91.34580313303715,99.36871638999298,100.0,0.0,96.15955108721067
RNC_ECOLI_Weeks_2023,fly_best_tested,7,95.5576338555062,0.0,0.0,73.82511105915361,95.5576338555062,0.0,0.0,84.69137245732989,99.25181201776947,100.0,0.0,91.49134907645545,99.36871638999298,100.0,0.0,96.18152910918869
RNC_ECOLI_Weeks_2023,zs_mm_150M,7,99.48562076221651,100.0,0.0,96.14075286415711,99.64928688332944,100.0,0.0,97.82955342529814,99.74281038110826,100.0,0.0,98.74596679915828,99.90647650222118,100.0,100.0,99.3483282674772
RNC_ECOLI_Weeks_2023,zs_wt_150M,7,99.48562076221651,100.0,0.0,96.6883329436521,99.64928688332944,100.0,0.0,98.12789338321258,99.74281038110826,100.0,0.0,98.90869768529345,99.74281038110826,100.0,0.0,99.40916530278231
RNC_ECOLI_Weeks_2023,zs_wt_650M,7,99.48562076221651,100.0,0.0,96.04769698386717,99.74281038110826,100.0,0.0,97.77951835398646,99.74281038110826,100.0,0.0,98.76116436754735,99.74281038110826,100.0,0.0,99.3501519756839
RNC_ECOLI_Weeks_2023,zs_mm_8M,7,95.019873743278,0.0,0.0,84.95300444236615,96.93710544774375,0.0,0.0,90.25087678279168,99.13490764554594,100.0,0.0,94.61596913724574,99.64928688332944,100.0,0.0,97.58643909282206
RNC_ECOLI_Weeks_2023,zs_wt_8M,7,95.019873743278,0.0,0.0,88.6967500584522,99.13490764554594,100.0,0.0,92.80476969838675,99.48562076221651,100.0,0.0,96.02069207388358,99.64928688332944,100.0,0.0,98.1346738368015
RNC_ECOLI_Weeks_2023,random_search,8,98.78419452887537,0.0,0.0,92.95768061725511,99.62590600888473,100.0,0.0,96.0561140986673,99.69604863221885,100.0,0.0,97.84802431610942,99.95323825111059,100.0,100.0,99.06691606266075
RNC_ECOLI_Weeks_2023,random_walk,8,97.7554360533084,0.0,0.0,84.560673369184,97.7554360533084,0.0,0.0,91.15805471124618,97.7554360533084,0.0,0.0,94.45674538227728,99.9298573766659,100.0,100.0,97.40911854103341
RNC_ECOLI_Weeks_2023,greedy_local,8,98.59714753331775,0.0,0.0,92.1828384381576,99.36871638999298,100.0,0.0,95.52887537993918,99.36871638999298,100.0,0.0,97.44879588496609,99.81295300444236,100.0,0.0,98.86195931727846
RNC_ECOLI_Weeks_2023,regevo,8,99.85971475333177,100.0,0.0,88.4666822539163,99.85971475333177,100.0,0.0,94.163198503624,99.88309562777648,100.0,0.0,97.019873743278,99.95323825111059,100.0,100.0,98.74636427402386
RNC_ECOLI_Weeks_2023,gpbo_ei,8,97.82557867664251,0.0,0.0,95.93500116904372,97.82557867664251,0.0,0.0,96.88028992284309,98.57376665887304,0.0,0.0,97.52127659574468,99.81295300444236,100.0,0.0,98.61875146130464
RNC_ECOLI_Weeks_2023,adalead_graph,8,94.55225625438392,0.0,0.0,90.5372924947393,96.65653495440729,0.0,0.0,93.40542436287116,99.81295300444236,100.0,0.0,95.72036474164133,99.90647650222118,100.0,100.0,98.20939911152675
RNC_ECOLI_Weeks_2023,fly,8,97.7554360533084,0.0,0.0,89.55669862052841,97.7554360533084,0.0,0.0,93.65606733691838,99.90647650222118,100.0,100.0,96.38800561140987,99.90647650222118,100.0,100.0,98.49908814589665
RNC_ECOLI_Weeks_2023,fly_memory,8,97.42810381108254,0.0,0.0,89.17792845452418,99.13490764554594,100.0,0.0,93.84802431610944,99.36871638999298,100.0,0.0,96.52303016132802,99.36871638999298,100.0,0.0,98.23044189852702
RNC_ECOLI_Weeks_2023,fly_best_tested,8,99.06476502221183,100.0,0.0,94.73182137011923,99.06476502221183,100.0,0.0,96.89829319616558,99.36871638999298,100.0,0.0,98.03927986906712,99.81295300444236,100.0,0.0,98.97877016600422
RNC_ECOLI_Weeks_2023,zs_mm_150M,8,99.48562076221651,100.0,0.0,96.14075286415711,99.64928688332944,100.0,0.0,97.82955342529814,99.74281038110826,100.0,0.0,98.74596679915828,99.90647650222118,100.0,100.0,99.3483282674772
RNC_ECOLI_Weeks_2023,zs_wt_150M,8,99.48562076221651,100.0,0.0,96.6883329436521,99.64928688332944,100.0,0.0,98.12789338321258,99.74281038110826,100.0,0.0,98.90869768529345,99.74281038110826,100.0,0.0,99.40916530278231
RNC_ECOLI_Weeks_2023,zs_wt_650M,8,99.48562076221651,100.0,0.0,96.04769698386717,99.74281038110826,100.0,0.0,97.77951835398646,99.74281038110826,100.0,0.0,98.76116436754735,99.74281038110826,100.0,0.0,99.3501519756839
RNC_ECOLI_Weeks_2023,zs_mm_8M,8,95.019873743278,0.0,0.0,84.95300444236615,96.93710544774375,0.0,0.0,90.25087678279168,99.13490764554594,100.0,0.0,94.61596913724574,99.64928688332944,100.0,0.0,97.58643909282206
RNC_ECOLI_Weeks_2023,zs_wt_8M,8,95.019873743278,0.0,0.0,88.6967500584522,99.13490764554594,100.0,0.0,92.80476969838675,99.48562076221651,100.0,0.0,96.02069207388358,99.64928688332944,100.0,0.0,98.1346738368015
RNC_ECOLI_Weeks_2023,random_search,9,98.80757540332009,0.0,0.0,89.6918400748188,98.80757540332009,0.0,0.0,94.24970773906945,99.81295300444236,100.0,0.0,96.59270516717326,99.95323825111059,100.0,100.0,98.60790273556232
RNC_ECOLI_Weeks_2023,random_walk,9,88.80056114098667,0.0,0.0,83.98643909282205,97.7554360533084,0.0,0.0,90.668926817863,99.36871638999298,100.0,0.0,94.79296235679216,99.36871638999298,100.0,0.0,97.53841477671266
RNC_ECOLI_Weeks_2023,greedy_local,9,97.73205517886369,0.0,0.0,92.14589665653493,99.88309562777648,100.0,0.0,95.6595744680851,99.88309562777648,100.0,0.0,97.7713350479308,99.9298573766659,100.0,100.0,99.06411035772739
RNC_ECOLI_Weeks_2023,regevo,9,97.14753331774608,0.0,0.0,90.65887304185175,98.71405190554127,0.0,0.0,94.46714987140518,99.36871638999298,100.0,0.0,96.85901332709844,99.57914425999532,100.0,0.0,98.43638064063596
RNC_ECOLI_Weeks_2023,gpbo_ei,9,99.13490764554594,100.0,0.0,95.95791442599955,99.57914425999532,100.0,0.0,97.6130465279401,99.67266775777414,100.0,0.0,98.61246200607903,99.81295300444236,100.0,0.0,99.26345569324292
RNC_ECOLI_Weeks_2023,adalead_graph,9,96.02525134440027,0.0,0.0,93.65817161561841,99.15828851999065,100.0,0.0,96.25157820902504,99.85971475333177,100.0,0.0,97.89712415244328,100.0,100.0,100.0,99.10586859948562
RNC_ECOLI_Weeks_2023,fly,9,97.7554360533084,0.0,0.0,96.22819733458033,99.06476502221183,100.0,0.0,97.33224222585928,99.06476502221183,100.0,0.0,98.19850362403555,99.76619125555295,100.0,0.0,98.77820902501755
RNC_ECOLI_Weeks_2023,fly_memory,9,98.339957914426,0.0,0.0,87.85550619593174,98.97124152443301,0.0,0.0,93.26186579378066,98.97124152443301,0.0,0.0,96.11655365910684,99.76619125555295,100.0,0.0,98.04423661444939
RNC_ECOLI_Weeks_2023,fly_best_tested,9,97.7554360533084,0.0,0.0,77.79003974748657,98.9244797755436,0.0,0.0,88.01823708206688,98.9244797755436,0.0,0.0,93.47135842880525,98.9244797755436,0.0,0.0,96.74323123684829
RNC_ECOLI_Weeks_2023,zs_mm_150M,9,99.48562076221651,100.0,0.0,96.14075286415711,99.64928688332944,100.0,0.0,97.82955342529814,99.74281038110826,100.0,0.0,98.74596679915828,99.90647650222118,100.0,100.0,99.3483282674772
RNC_ECOLI_Weeks_2023,zs_wt_150M,9,99.48562076221651,100.0,0.0,96.6883329436521,99.64928688332944,100.0,0.0,98.12789338321258,99.74281038110826,100.0,0.0,98.90869768529345,99.74281038110826,100.0,0.0,99.40916530278231
RNC_ECOLI_Weeks_2023,zs_wt_650M,9,99.48562076221651,100.0,0.0,96.04769698386717,99.74281038110826,100.0,0.0,97.77951835398646,99.74281038110826,100.0,0.0,98.76116436754735,99.74281038110826,100.0,0.0,99.3501519756839
RNC_ECOLI_Weeks_2023,zs_mm_8M,9,95.019873743278,0.0,0.0,84.95300444236615,96.93710544774375,0.0,0.0,90.25087678279168,99.13490764554594,100.0,0.0,94.61596913724574,99.64928688332944,100.0,0.0,97.58643909282206
RNC_ECOLI_Weeks_2023,zs_wt_8M,9,95.019873743278,0.0,0.0,88.6967500584522,99.13490764554594,100.0,0.0,92.80476969838675,99.48562076221651,100.0,0.0,96.02069207388358,99.64928688332944,100.0,0.0,98.1346738368015
RNC_ECOLI_Weeks_2023,random_search,10,92.65840542436287,0.0,0.0,87.509936871639,98.8543371522095,0.0,0.0,92.31470657002573,99.95323825111059,100.0,100.0,95.88870703764321,99.95323825111059,100.0,100.0,98.32742576572366
RNC_ECOLI_Weeks_2023,random_walk,10,93.89759176993219,0.0,0.0,93.40378770166002,97.7554360533084,0.0,0.0,95.06172550853404,99.11152677110124,100.0,0.0,96.79506663549216,99.36871638999298,100.0,0.0,98.23329436520923
RNC_ECOLI_Weeks_2023,greedy_local,10,97.52162730886135,0.0,0.0,96.45078325929391,97.52162730886135,0.0,0.0,96.98620528407758,97.52162730886135,0.0,0.0,97.25391629646947,99.36871638999298,100.0,0.0,98.26420388122514
RNC_ECOLI_Weeks_2023,regevo,10,98.59714753331775,0.0,0.0,97.06242693476737,99.67266775777414,100.0,0.0,98.22772971709139,99.67266775777414,100.0,0.0,98.95019873743277,99.83633387888707,100.0,0.0,99.43605330839374
RNC_ECOLI_Weeks_2023,gpbo_ei,10,99.20505026888006,100.0,0.0,95.69417816226327,99.27519289221416,100.0,0.0,97.45312134673836,99.27519289221416,100.0,0.0,98.36415711947626,99.88309562777648,100.0,0.0,99.24620060790274
RNC_ECOLI_Weeks_2023,adalead_graph,10,97.59176993219546,0.0,0.0,94.95768061725508,98.05938742108955,0.0,0.0,96.36404021510405,99.50900163666121,100.0,0.0,97.559621229834,99.81295300444236,100.0,0.0,98.80369417816226
RNC_ECOLI_Weeks_2023,fly,10,97.52162730886135,0.0,0.0,96.9338321253215,97.52162730886135,0.0,0.0,97.22772971709139,99.83633387888707,100.0,0.0,98.39443535188215,99.83633387888707,100.0,0.0,99.2595744680851
RNC_ECOLI_Weeks_2023,fly_memory,10,98.05938742108955,0.0,0.0,95.57212999766195,98.05938742108955,0.0,0.0,96.81575870937577,98.83095627776478,0.0,0.0,97.62660743511809,99.36871638999298,100.0,0.0,98.48473228898762
RNC_ECOLI_Weeks_2023,fly_best_tested,10,93.14940378770166,0.0,0.0,92.76969838671968,93.47673602992752,0.0,0.0,93.0151975683891,97.42810381108254,0.0,0.0,94.73334112695815,99.36871638999298,100.0,0.0,97.20018704699557
RNC_ECOLI_Weeks_2023,zs_mm_150M,10,99.48562076221651,100.0,0.0,96.14075286415711,99.64928688332944,100.0,0.0,97.82955342529814,99.74281038110826,100.0,0.0,98.74596679915828,99.90647650222118,100.0,100.0,99.3483282674772
RNC_ECOLI_Weeks_2023,zs_wt_150M,10,99.48562076221651,100.0,0.0,96.6883329436521,99.64928688332944,100.0,0.0,98.12789338321258,99.74281038110826,100.0,0.0,98.90869768529345,99.74281038110826,100.0,0.0,99.40916530278231
RNC_ECOLI_Weeks_2023,zs_wt_650M,10,99.48562076221651,100.0,0.0,96.04769698386717,99.74281038110826,100.0,0.0,97.77951835398646,99.74281038110826,100.0,0.0,98.76116436754735,99.74281038110826,100.0,0.0,99.3501519756839
RNC_ECOLI_Weeks_2023,zs_mm_8M,10,95.019873743278,0.0,0.0,84.95300444236615,96.93710544774375,0.0,0.0,90.25087678279168,99.13490764554594,100.0,0.0,94.61596913724574,99.64928688332944,100.0,0.0,97.58643909282206
RNC_ECOLI_Weeks_2023,zs_wt_8M,10,95.019873743278,0.0,0.0,88.6967500584522,99.13490764554594,100.0,0.0,92.80476969838675,99.48562076221651,100.0,0.0,96.02069207388358,99.64928688332944,100.0,0.0,98.1346738368015
RNC_ECOLI_Weeks_2023,random_search,11,99.15828851999065,100.0,0.0,97.79144259995323,99.15828851999065,100.0,0.0,98.47486555997195,99.15828851999065,100.0,0.0,98.81657703998127,99.22843114332476,100.0,0.0,99.05948094458732
RNC_ECOLI_Weeks_2023,random_walk,11,99.04138414776713,100.0,0.0,96.33808744447043,99.04138414776713,100.0,0.0,97.68973579611877,99.29857376665888,100.0,0.0,98.39127893383211,100.0,100.0,100.0,98.97072714519521
RNC_ECOLI_Weeks_2023,greedy_local,11,99.57914425999532,100.0,0.0,93.89431844750995,99.57914425999532,100.0,0.0,96.7367313537526,99.57914425999532,100.0,0.0,98.15793780687396,99.88309562777648,100.0,0.0,99.07991582885198
RNC_ECOLI_Weeks_2023,regevo,11,95.39396773439327,0.0,0.0,85.82230535422025,96.96048632218844,0.0,0.0,91.06032265606733,99.88309562777648,100.0,0.0,95.0561140986673,99.88309562777648,100.0,0.0,97.95230301613282
RNC_ECOLI_Weeks_2023,gpbo_ei,11,99.90647650222118,100.0,100.0,91.19102174421322,99.90647650222118,100.0,100.0,95.5487491232172,99.90647650222118,100.0,100.0,97.7276128127192,99.9766191255553,100.0,100.0,99.05223287350948
RNC_ECOLI_Weeks_2023,adalead_graph,11,99.06476502221183,100.0,0.0,92.86883329436522,99.29857376665888,100.0,0.0,96.03927986906709,99.29857376665888,100.0,0.0,97.66892681786298,100.0,100.0,100.0,98.83516483516482
RNC_ECOLI_Weeks_2023,fly,11,99.57914425999532,100.0,0.0,97.64320785597381,99.57914425999532,100.0,0.0,98.61117605798455,99.57914425999532,100.0,0.0,99.09516015898994,99.57914425999532,100.0,0.0,99.38555061959316
RNC_ECOLI_Weeks_2023,fly_memory,11,98.69067103109656,0.0,0.0,94.48959551087209,98.69067103109656,0.0,0.0,96.59013327098431,98.69067103109656,0.0,0.0,97.64040215104048,99.34533551554829,100.0,0.0,98.51409866729014
RNC_ECOLI_Weeks_2023,fly_best_tested,11,98.69067103109656,0.0,0.0,96.25438391395839,98.69067103109656,0.0,0.0,97.47252747252747,98.69067103109656,0.0,0.0,98.08159925181204,99.36871638999298,100.0,0.0,98.81725508534021
RNC_ECOLI_Weeks_2023,zs_mm_150M,11,99.48562076221651,100.0,0.0,96.14075286415711,99.64928688332944,100.0,0.0,97.82955342529814,99.74281038110826,100.0,0.0,98.74596679915828,99.90647650222118,100.0,100.0,99.3483282674772
RNC_ECOLI_Weeks_2023,zs_wt_150M,11,99.48562076221651,100.0,0.0,96.6883329436521,99.64928688332944,100.0,0.0,98.12789338321258,99.74281038110826,100.0,0.0,98.90869768529345,99.74281038110826,100.0,0.0,99.40916530278231
RNC_ECOLI_Weeks_2023,zs_wt_650M,11,99.48562076221651,100.0,0.0,96.04769698386717,99.74281038110826,100.0,0.0,97.77951835398646,99.74281038110826,100.0,0.0,98.76116436754735,99.74281038110826,100.0,0.0,99.3501519756839
RNC_ECOLI_Weeks_2023,zs_mm_8M,11,95.019873743278,0.0,0.0,84.95300444236615,96.93710544774375,0.0,0.0,90.25087678279168,99.13490764554594,100.0,0.0,94.61596913724574,99.64928688332944,100.0,0.0,97.58643909282206
RNC_ECOLI_Weeks_2023,zs_wt_8M,11,95.019873743278,0.0,0.0,88.6967500584522,99.13490764554594,100.0,0.0,92.80476969838675,99.48562076221651,100.0,0.0,96.02069207388358,99.64928688332944,100.0,0.0,98.1346738368015
RNC_ECOLI_Weeks_2023,random_search,12,95.81482347439794,0.0,0.0,90.86135141454288,97.26443768996961,0.0,0.0,93.85550619593174,99.71942950666354,100.0,0.0,96.28910451250879,99.90647650222118,100.0,100.0,98.40939911152677
RNC_ECOLI_Weeks_2023,random_walk,12,99.53238251110592,100.0,0.0,98.9656301145663,99.53238251110592,100.0,0.0,99.2490063128361,99.53238251110592,100.0,0.0,99.39069441197098,99.53238251110592,100.0,0.0,99.47570727145192
RNC_ECOLI_Weeks_2023,greedy_local,12,99.53238251110592,100.0,0.0,97.4561608604162,99.53238251110592,100.0,0.0,98.49427168576105,99.53238251110592,100.0,0.0,99.01332709843348,99.64928688332944,100.0,0.0,99.32990413841476
RNC_ECOLI_Weeks_2023,regevo,12,97.7554360533084,0.0,0.0,83.9050736497545,97.7554360533084,0.0,0.0,90.83025485153145,99.13490764554594,100.0,0.0,94.91828384381577,99.90647650222118,100.0,100.0,97.88805237315876
RNC_ECOLI_Weeks_2023,gpbo_ei,12,98.57376665887304,0.0,0.0,92.6331540799626,98.57376665887304,0.0,0.0,95.60346036941785,99.81295300444236,100.0,0.0,97.31482347439793,99.85971475333177,100.0,0.0,98.81903203179796
RNC_ECOLI_Weeks_2023,adalead_graph,12,98.73743277998597,0.0,0.0,97.87000233808745,98.73743277998597,0.0,0.0,98.3037175590367,99.32195464110357,100.0,0.0,98.58487257423425,99.53238251110592,100.0,0.0,99.03595978489595
RNC_ECOLI_Weeks_2023,fly,12,80.54711246200608,0.0,0.0,79.22375496843583,98.339957914426,0.0,0.0,87.97778816927753,99.74281038110826,100.0,0.0,93.72702829085807,99.74281038110826,100.0,0.0,97.33649754500817
RNC_ECOLI_Weeks_2023,fly_memory,12,99.67266775777414,100.0,0.0,98.72293663783026,99.67266775777414,100.0,0.0,99.19780219780216,99.67266775777414,100.0,0.0,99.43523497778817,99.67266775777414,100.0,0.0,99.57769464577976
RNC_ECOLI_Weeks_2023,fly_best_tested,12,97.42810381108254,0.0,0.0,84.08370353051203,97.7554360533084,0.0,0.0,90.90974982464344,99.36871638999298,100.0,0.0,94.55845218611175,99.36871638999298,100.0,0.0,97.4446107084405
RNC_ECOLI_Weeks_2023,zs_mm_150M,12,99.48562076221651,100.0,0.0,96.14075286415711,99.64928688332944,100.0,0.0,97.82955342529814,99.74281038110826,100.0,0.0,98.74596679915828,99.90647650222118,100.0,100.0,99.3483282674772
RNC_ECOLI_Weeks_2023,zs_wt_150M,12,99.48562076221651,100.0,0.0,96.6883329436521,99.64928688332944,100.0,0.0,98.12789338321258,99.74281038110826,100.0,0.0,98.90869768529345,99.74281038110826,100.0,0.0,99.40916530278231
RNC_ECOLI_Weeks_2023,zs_wt_650M,12,99.48562076221651,100.0,0.0,96.04769698386717,99.74281038110826,100.0,0.0,97.77951835398646,99.74281038110826,100.0,0.0,98.76116436754735,99.74281038110826,100.0,0.0,99.3501519756839
RNC_ECOLI_Weeks_2023,zs_mm_8M,12,95.019873743278,0.0,0.0,84.95300444236615,96.93710544774375,0.0,0.0,90.25087678279168,99.13490764554594,100.0,0.0,94.61596913724574,99.64928688332944,100.0,0.0,97.58643909282206
RNC_ECOLI_Weeks_2023,zs_wt_8M,12,95.019873743278,0.0,0.0,88.6967500584522,99.13490764554594,100.0,0.0,92.80476969838675,99.48562076221651,100.0,0.0,96.02069207388358,99.64928688332944,100.0,0.0,98.1346738368015
RNC_ECOLI_Weeks_2023,random_search,13,99.81295300444236,100.0,0.0,93.01940612578912,99.81295300444236,100.0,0.0,96.41617956511571,99.81295300444236,100.0,0.0,98.11456628477903,99.85971475333177,100.0,0.0,99.14687865326161
RNC_ECOLI_Weeks_2023,random_walk,13,92.8454524199205,0.0,0.0,90.21790974982464,99.36871638999298,100.0,0.0,92.90156651858779,99.36871638999298,100.0,0.0,96.1351414542904,99.95323825111059,100.0,100.0,98.3418283843816
RNC_ECOLI_Weeks_2023,greedy_local,13,96.60977320551788,0.0,0.0,82.52513444002805,98.43348141220481,0.0,0.0,89.76806172550852,98.43348141220481,0.0,0.0,94.10077156885669,99.95323825111059,100.0,100.0,97.24858545709611
RNC_ECOLI_Weeks_2023,regevo,13,96.72667757774141,0.0,0.0,93.23310731821371,99.06476502221183,100.0,0.0,95.91465980827685,99.06476502221183,100.0,0.0,97.48971241524433,99.76619125555295,100.0,0.0,98.7447743745616
RNC_ECOLI_Weeks_2023,gpbo_ei,13,99.81295300444236,100.0,0.0,97.02127659574468,99.81295300444236,100.0,0.0,98.4171148000935,99.81295300444236,100.0,0.0,99.11503390226791,99.81295300444236,100.0,0.0,99.53378536357258
RNC_ECOLI_Weeks_2023,adalead_graph,13,98.80757540332009,0.0,0.0,92.16787467851296,99.13490764554594,100.0,0.0,95.50409165302786,100.0,100.0,100.0,97.58767827916765,100.0,100.0,100.0,99.03507131166707
RNC_ECOLI_Weeks_2023,fly,13,98.3165770399813,0.0,0.0,93.94341828384383,98.3165770399813,0.0,0.0,96.12999766191255,98.3165770399813,0.0,0.0,97.22328735094692,99.81295300444236,100.0,0.0,98.73518821603928
RNC_ECOLI_Weeks_2023,fly_memory,13,78.34931026420388,0.0,0.0,70.86555997194294,94.08463876548983,0.0,0.0,77.03670797287819,97.42810381108254,0.0,0.0,86.10427870002339,99.83633387888707,100.0,0.0,94.0326397007248
RNC_ECOLI_Weeks_2023,fly_best_tested,13,86.2052840776245,0.0,0.0,81.21253214870235,88.21603927986907,0.0,0.0,84.23170446574699,95.5576338555062,0.0,0.0,89.40717792845452,99.36871638999298,100.0,0.0,94.81688099134908
RNC_ECOLI_Weeks_2023,zs_mm_150M,13,99.48562076221651,100.0,0.0,96.14075286415711,99.64928688332944,100.0,0.0,97.82955342529814,99.74281038110826,100.0,0.0,98.74596679915828,99.90647650222118,100.0,100.0,99.3483282674772
RNC_ECOLI_Weeks_2023,zs_wt_150M,13,99.48562076221651,100.0,0.0,96.6883329436521,99.64928688332944,100.0,0.0,98.12789338321258,99.74281038110826,100.0,0.0,98.90869768529345,99.74281038110826,100.0,0.0,99.40916530278231
RNC_ECOLI_Weeks_2023,zs_wt_650M,13,99.48562076221651,100.0,0.0,96.04769698386717,99.74281038110826,100.0,0.0,97.77951835398646,99.74281038110826,100.0,0.0,98.76116436754735,99.74281038110826,100.0,0.0,99.3501519756839
RNC_ECOLI_Weeks_2023,zs_mm_8M,13,95.019873743278,0.0,0.0,84.95300444236615,96.93710544774375,0.0,0.0,90.25087678279168,99.13490764554594,100.0,0.0,94.61596913724574,99.64928688332944,100.0,0.0,97.58643909282206
RNC_ECOLI_Weeks_2023,zs_wt_8M,13,95.019873743278,0.0,0.0,88.6967500584522,99.13490764554594,100.0,0.0,92.80476969838675,99.48562076221651,100.0,0.0,96.02069207388358,99.64928688332944,100.0,0.0,98.1346738368015
RNC_ECOLI_Weeks_2023,random_search,14,97.61515080664017,0.0,0.0,97.61515080664017,99.15828851999065,100.0,0.0,98.01636661211131,99.15828851999065,100.0,0.0,98.58732756605096,99.71942950666354,100.0,0.0,99.00706102408232
RNC_ECOLI_Weeks_2023,random_walk,14,98.8777180266542,0.0,0.0,95.36824877250409,98.8777180266542,0.0,0.0,97.12298339957911,98.8777180266542,0.0,0.0,98.00035071311667,99.36871638999298,100.0,0.0,98.56506897357963
RNC_ECOLI_Weeks_2023,greedy_local,14,97.35796118774842,0.0,0.0,96.2534486789806,99.29857376665888,100.0,0.0,96.88332943652091,99.29857376665888,100.0,0.0,98.09095160158988,99.64928688332944,100.0,0.0,98.99270516717323
RNC_ECOLI_Weeks_2023,regevo,14,99.95323825111059,100.0,100.0,92.65232639700726,99.95323825111059,100.0,100.0,96.3027823240589,99.95323825111059,100.0,100.0,98.12801028758477,99.95323825111059,100.0,100.0,99.22314706570027
RNC_ECOLI_Weeks_2023,gpbo_ei,14,99.4388590133271,100.0,0.0,96.26326864624734,99.4388590133271,100.0,0.0,97.85106382978728,99.4388590133271,100.0,0.0,98.6449614215572,99.81295300444236,100.0,0.0,99.27168576104746
RNC_ECOLI_Weeks_2023,adalead_graph,14,98.99462239887772,0.0,0.0,97.249473930325,99.60252513444003,100.0,0.0,98.2983399579144,99.60252513444003,100.0,0.0,98.95043254617721,99.60252513444003,100.0,0.0,99.34168809913488
RNC_ECOLI_Weeks_2023,fly,14,99.06476502221183,100.0,0.0,96.41571194762685,99.34533551554829,100.0,0.0,97.82721533785367,99.34533551554829,100.0,0.0,98.58627542670096,99.81295300444236,100.0,0.0,99.06228664952067
RNC_ECOLI_Weeks_2023,fly_memory,14,98.80757540332009,0.0,0.0,96.40261865793781,98.97124152443301,0.0,0.0,97.64601356090716,99.36871638999298,100.0,0.0,98.4676174888941,99.57914425999532,100.0,0.0,99.09623567921442
RNC_ECOLI_Weeks_2023,fly_best_tested,14,97.7554360533084,0.0,0.0,90.92868833294368,98.69067103109656,0.0,0.0,94.52910918868362,99.06476502221183,100.0,0.0,96.69406125789105,99.36871638999298,100.0,0.0,98.25083002104279
RNC_ECOLI_Weeks_2023,zs_mm_150M,14,99.48562076221651,100.0,0.0,96.14075286415711,99.64928688332944,100.0,0.0,97.82955342529814,99.74281038110826,100.0,0.0,98.74596679915828,99.90647650222118,100.0,100.0,99.3483282674772
RNC_ECOLI_Weeks_2023,zs_wt_150M,14,99.48562076221651,100.0,0.0,96.6883329436521,99.64928688332944,100.0,0.0,98.12789338321258,99.74281038110826,100.0,0.0,98.90869768529345,99.74281038110826,100.0,0.0,99.40916530278231
RNC_ECOLI_Weeks_2023,zs_wt_650M,14,99.48562076221651,100.0,0.0,96.04769698386717,99.74281038110826,100.0,0.0,97.77951835398646,99.74281038110826,100.0,0.0,98.76116436754735,99.74281038110826,100.0,0.0,99.3501519756839
RNC_ECOLI_Weeks_2023,zs_mm_8M,14,95.019873743278,0.0,0.0,84.95300444236615,96.93710544774375,0.0,0.0,90.25087678279168,99.13490764554594,100.0,0.0,94.61596913724574,99.64928688332944,100.0,0.0,97.58643909282206
RNC_ECOLI_Weeks_2023,zs_wt_8M,14,95.019873743278,0.0,0.0,88.6967500584522,99.13490764554594,100.0,0.0,92.80476969838675,99.48562076221651,100.0,0.0,96.02069207388358,99.64928688332944,100.0,0.0,98.1346738368015
RNC_ECOLI_Weeks_2023,random_search,15,97.311199438859,0.0,0.0,88.78138882394204,98.52700490998363,0.0,0.0,93.5690904839841,99.78957212999767,100.0,0.0,96.55938742108953,99.78957212999767,100.0,0.0,98.4974982464344
RNC_ECOLI_Weeks_2023,random_walk,15,95.5576338555062,0.0,0.0,92.02618657937808,95.5576338555062,0.0,0.0,93.7919102174421,99.57914425999532,100.0,0.0,95.97463175122748,99.69604863221885,100.0,0.0,98.1682020107552
RNC_ECOLI_Weeks_2023,greedy_local,15,95.86158522328735,0.0,0.0,86.67617488894082,98.69067103109656,0.0,0.0,92.42880523731584,99.36871638999298,100.0,0.0,95.8445171849427,99.48562076221651,100.0,0.0,98.01491699789572
RNC_ECOLI_Weeks_2023,regevo,15,97.03062894552257,0.0,0.0,91.42155716623803,99.06476502221183,100.0,0.0,94.42950666354926,99.88309562777648,100.0,0.0,97.07131166705636,99.9298573766659,100.0,100.0,98.77895721299979
RNC_ECOLI_Weeks_2023,gpbo_ei,15,99.81295300444236,100.0,0.0,96.61725508534019,99.81295300444236,100.0,0.0,98.21510404489125,99.81295300444236,100.0,0.0,99.0140285246668,99.81295300444236,100.0,0.0,99.49338321253212
RNC_ECOLI_Weeks_2023,adalead_graph,15,95.019873743278,0.0,0.0,83.93546878653262,98.59714753331775,0.0,0.0,90.28127191956978,98.73743277998597,0.0,0.0,94.44061257891045,99.57914425999532,100.0,0.0,97.44517184942717
RNC_ECOLI_Weeks_2023,fly,15,98.3165770399813,0.0,0.0,93.4697217675941,98.3165770399813,0.0,0.0,95.89314940378769,98.3165770399813,0.0,0.0,97.1048632218845,98.99462239887772,0.0,0.0,97.90918868365677
RNC_ECOLI_Weeks_2023,fly_memory,15,95.5576338555062,0.0,0.0,84.6962824409633,95.5576338555062,0.0,0.0,90.12695814823473,97.42810381108254,0.0,0.0,93.4501987374328,99.83633387888707,100.0,0.0,97.25835866261397
RNC_ECOLI_Weeks_2023,fly_best_tested,15,95.5576338555062,0.0,0.0,79.01052139350011,99.36871638999298,100.0,0.0,88.08440495674535,99.36871638999298,100.0,0.0,93.72656067336919,99.36871638999298,100.0,0.0,97.11185410334348
RNC_ECOLI_Weeks_2023,zs_mm_150M,15,99.48562076221651,100.0,0.0,96.14075286415711,99.64928688332944,100.0,0.0,97.82955342529814,99.74281038110826,100.0,0.0,98.74596679915828,99.90647650222118,100.0,100.0,99.3483282674772
RNC_ECOLI_Weeks_2023,zs_wt_150M,15,99.48562076221651,100.0,0.0,96.6883329436521,99.64928688332944,100.0,0.0,98.12789338321258,99.74281038110826,100.0,0.0,98.90869768529345,99.74281038110826,100.0,0.0,99.40916530278231
RNC_ECOLI_Weeks_2023,zs_wt_650M,15,99.48562076221651,100.0,0.0,96.04769698386717,99.74281038110826,100.0,0.0,97.77951835398646,99.74281038110826,100.0,0.0,98.76116436754735,99.74281038110826,100.0,0.0,99.3501519756839
RNC_ECOLI_Weeks_2023,zs_mm_8M,15,95.019873743278,0.0,0.0,84.95300444236615,96.93710544774375,0.0,0.0,90.25087678279168,99.13490764554594,100.0,0.0,94.61596913724574,99.64928688332944,100.0,0.0,97.58643909282206
RNC_ECOLI_Weeks_2023,zs_wt_8M,15,95.019873743278,0.0,0.0,88.6967500584522,99.13490764554594,100.0,0.0,92.80476969838675,99.48562076221651,100.0,0.0,96.02069207388358,99.64928688332944,100.0,0.0,98.1346738368015
RNC_ECOLI_Weeks_2023,random_search,16,98.83095627776478,0.0,0.0,93.03109656301145,98.83095627776478,0.0,0.0,95.93102642038814,99.57914425999532,100.0,0.0,97.68026654196866,99.57914425999532,100.0,0.0,98.81959317278466
RNC_ECOLI_Weeks_2023,random_walk,16,88.26280102875847,0.0,0.0,83.39864390928221,97.7554360533084,0.0,0.0,90.3871872808043,98.339957914426,0.0,0.0,94.26712649053074,99.57914425999532,100.0,0.0,97.28141220481645
RNC_ECOLI_Weeks_2023,greedy_local,16,95.0666354921674,0.0,0.0,82.84779050736498,99.57914425999532,100.0,0.0,90.49146598082767,99.95323825111059,100.0,100.0,95.1793313069909,99.95323825111059,100.0,100.0,98.04367547346273
RNC_ECOLI_Weeks_2023,regevo,16,99.76619125555295,100.0,0.0,98.3390226794482,99.76619125555295,100.0,0.0,99.05260696750054,99.76619125555295,100.0,0.0,99.40939911152677,99.88309562777648,100.0,0.0,99.6622866495207
RNC_ECOLI_Weeks_2023,gpbo_ei,16,98.94786064998831,0.0,0.0,89.2882861819032,98.94786064998831,0.0,0.0,94.1180734159458,99.06476502221183,100.0,0.0,96.53705868599486,99.90647650222118,100.0,100.0,98.55197568389059
RNC_ECOLI_Weeks_2023,adalead_graph,16,99.71942950666354,100.0,0.0,81.53518821603927,99.83633387888707,100.0,0.0,90.66822539162968,99.88309562777648,100.0,0.0,95.26958148234746,99.88309562777648,100.0,0.0,98.03768996960487
RNC_ECOLI_Weeks_2023,fly,16,97.7554360533084,0.0,0.0,86.4442366144494,97.7554360533084,0.0,0.0,92.09983633387888,98.99462239887772,0.0,0.0,95.5348375029226,100.0,100.0,100.0,98.07921440261866
RNC_ECOLI_Weeks_2023,fly_memory,16,97.42810381108254,0.0,0.0,93.40191723170446,97.7554360533084,0.0,0.0,95.57867664250644,97.7554360533084,0.0,0.0,96.6670563479074,99.29857376665888,100.0,0.0,97.89974281038111
RNC_ECOLI_Weeks_2023,fly_best_tested,16,95.65115735328502,0.0,0.0,91.06429740472296,97.7554360533084,0.0,0.0,93.9258826280103,97.7554360533084,0.0,0.0,95.84065934065933,99.3920972644377,100.0,0.0,97.61267243394902
RNC_ECOLI_Weeks_2023,zs_mm_150M,16,99.48562076221651,100.0,0.0,96.14075286415711,99.64928688332944,100.0,0.0,97.82955342529814,99.74281038110826,100.0,0.0,98.74596679915828,99.90647650222118,100.0,100.0,99.3483282674772
RNC_ECOLI_Weeks_2023,zs_wt_150M,16,99.48562076221651,100.0,0.0,96.6883329436521,99.64928688332944,100.0,0.0,98.12789338321258,99.74281038110826,100.0,0.0,98.90869768529345,99.74281038110826,100.0,0.0,99.40916530278231
RNC_ECOLI_Weeks_2023,zs_wt_650M,16,99.48562076221651,100.0,0.0,96.04769698386717,99.74281038110826,100.0,0.0,97.77951835398646,99.74281038110826,100.0,0.0,98.76116436754735,99.74281038110826,100.0,0.0,99.3501519756839
RNC_ECOLI_Weeks_2023,zs_mm_8M,16,95.019873743278,0.0,0.0,84.95300444236615,96.93710544774375,0.0,0.0,90.25087678279168,99.13490764554594,100.0,0.0,94.61596913724574,99.64928688332944,100.0,0.0,97.58643909282206
RNC_ECOLI_Weeks_2023,zs_wt_8M,16,95.019873743278,0.0,0.0,88.6967500584522,99.13490764554594,100.0,0.0,92.80476969838675,99.48562076221651,100.0,0.0,96.02069207388358,99.64928688332944,100.0,0.0,98.1346738368015
RNC_ECOLI_Weeks_2023,random_search,17,98.73743277998597,0.0,0.0,93.51882160392799,98.73743277998597,0.0,0.0,96.12812719195699,98.73743277998597,0.0,0.0,97.43277998597146,99.85971475333177,100.0,0.0,98.5241056815525
RNC_ECOLI_Weeks_2023,random_walk,17,97.42810381108254,0.0,0.0,92.89876081365442,98.03600654664484,0.0,0.0,95.25976151508068,98.52700490998363,0.0,0.0,96.878653261632,99.36871638999298,100.0,0.0,98.00907177928454
RNC_ECOLI_Weeks_2023,greedy_local,17,93.9443535188216,0.0,0.0,82.41524433013794,98.57376665887304,0.0,0.0,90.36497545008187,99.48562076221651,100.0,0.0,94.7951835398644,99.88309562777648,100.0,0.0,97.7072246902034
RNC_ECOLI_Weeks_2023,regevo,17,96.82020107552023,0.0,0.0,90.7598784194529,99.57914425999532,100.0,0.0,94.7004909983633,99.9298573766659,100.0,100.0,97.27414075286416,99.9298573766659,100.0,100.0,98.8675707271452
RNC_ECOLI_Weeks_2023,gpbo_ei,17,98.57376665887304,0.0,0.0,91.00631283610007,98.57376665887304,0.0,0.0,94.79003974748659,98.8777180266542,0.0,0.0,96.68494271685762,99.9766191255553,100.0,100.0,98.49198036006547
RNC_ECOLI_Weeks_2023,adalead_graph,17,99.4622398877718,100.0,0.0,96.45499181669395,99.4622398877718,100.0,0.0,97.95861585223284,99.4622398877718,100.0,0.0,98.71042787000235,100.0,100.0,100.0,99.38961889174657
RNC_ECOLI_Weeks_2023,fly,17,97.42810381108254,0.0,0.0,87.50759878419453,97.42810381108254,0.0,0.0,92.46785129763852,99.36871638999298,100.0,0.0,95.39431844750996,99.57914425999532,100.0,0.0,97.8989010989011
RNC_ECOLI_Weeks_2023,fly_memory,17,99.36871638999298,100.0,0.0,89.24526537292495,99.36871638999298,100.0,0.0,94.30699088145893,99.36871638999298,100.0,0.0,96.83785363572599,99.36871638999298,100.0,0.0,98.3563712882862
RNC_ECOLI_Weeks_2023,fly_best_tested,17,97.7554360533084,0.0,0.0,84.12391863455694,99.36871638999298,100.0,0.0,91.05260696750054,99.36871638999298,100.0,0.0,95.21066167874679,99.36871638999298,100.0,0.0,97.70549450549451
RNC_ECOLI_Weeks_2023,zs_mm_150M,17,99.48562076221651,100.0,0.0,96.14075286415711,99.64928688332944,100.0,0.0,97.82955342529814,99.74281038110826,100.0,0.0,98.74596679915828,99.90647650222118,100.0,100.0,99.3483282674772
RNC_ECOLI_Weeks_2023,zs_wt_150M,17,99.48562076221651,100.0,0.0,96.6883329436521,99.64928688332944,100.0,0.0,98.12789338321258,99.74281038110826,100.0,0.0,98.90869768529345,99.74281038110826,100.0,0.0,99.40916530278231
RNC_ECOLI_Weeks_2023,zs_wt_650M,17,99.48562076221651,100.0,0.0,96.04769698386717,99.74281038110826,100.0,0.0,97.77951835398646,99.74281038110826,100.0,0.0,98.76116436754735,99.74281038110826,100.0,0.0,99.3501519756839
RNC_ECOLI_Weeks_2023,zs_mm_8M,17,95.019873743278,0.0,0.0,84.95300444236615,96.93710544774375,0.0,0.0,90.25087678279168,99.13490764554594,100.0,0.0,94.61596913724574,99.64928688332944,100.0,0.0,97.58643909282206
RNC_ECOLI_Weeks_2023,zs_wt_8M,17,95.019873743278,0.0,0.0,88.6967500584522,99.13490764554594,100.0,0.0,92.80476969838675,99.48562076221651,100.0,0.0,96.02069207388358,99.64928688332944,100.0,0.0,98.1346738368015
RNC_ECOLI_Weeks_2023,random_search,18,99.08814589665654,100.0,0.0,87.47346270750528,99.08814589665654,100.0,0.0,93.28080430208088,99.74281038110826,100.0,0.0,96.39724105681555,99.81295300444236,100.0,0.0,98.42366144493805
RNC_ECOLI_Weeks_2023,random_walk,18,99.11152677110124,100.0,0.0,97.09375730652326,99.11152677110124,100.0,0.0,98.10264203881225,99.11152677110124,100.0,0.0,98.60708440495674,99.81295300444236,100.0,0.0,99.03853168108486
RNC_ECOLI_Weeks_2023,greedy_local,18,99.57914425999532,100.0,0.0,91.83680149637597,99.57914425999532,100.0,0.0,95.70797287818561,99.57914425999532,100.0,0.0,97.64355856909047,99.57914425999532,100.0,0.0,98.80490998363338
RNC_ECOLI_Weeks_2023,regevo,18,97.7554360533084,0.0,0.0,95.98316577039982,99.4388590133271,100.0,0.0,97.21978021978022,99.4388590133271,100.0,0.0,98.32931961655366,99.71942950666354,100.0,0.0,99.15665185877954
RNC_ECOLI_Weeks_2023,gpbo_ei,18,96.51624970773906,0.0,0.0,94.60369417816226,96.51624970773906,0.0,0.0,95.55997194295067,99.53238251110592,100.0,0.0,97.24164133738599,100.0,100.0,100.0,98.77647884030861
RNC_ECOLI_Weeks_2023,adalead_graph,18,99.13490764554594,100.0,0.0,97.19055412672435,99.13490764554594,100.0,0.0,98.16273088613514,99.13490764554594,100.0,0.0,98.64881926584054,99.57914425999532,100.0,0.0,99.20346036941783
RNC_ECOLI_Weeks_2023,fly,18,94.78606499883095,0.0,0.0,90.16132803366845,98.15291091886837,0.0,0.0,92.81248538695347,98.15291091886837,0.0,0.0,95.48269815291093,99.06476502221183,100.0,0.0,97.35655833528176
RNC_ECOLI_Weeks_2023,fly_memory,18,98.43348141220481,0.0,0.0,96.0935234977788,98.43348141220481,0.0,0.0,97.26350245499184,98.43348141220481,0.0,0.0,97.84849193359834,99.88309562777648,100.0,0.0,98.82281973345805
RNC_ECOLI_Weeks_2023,fly_best_tested,18,94.55225625438392,0.0,0.0,93.61515080664016,99.36871638999298,100.0,0.0,94.18003273322421,99.36871638999298,100.0,0.0,96.7743745616086,99.4622398877718,100.0,0.0,98.37830254851534
RNC_ECOLI_Weeks_2023,zs_mm_150M,18,99.48562076221651,100.0,0.0,96.14075286415711,99.64928688332944,100.0,0.0,97.82955342529814,99.74281038110826,100.0,0.0,98.74596679915828,99.90647650222118,100.0,100.0,99.3483282674772
RNC_ECOLI_Weeks_2023,zs_wt_150M,18,99.48562076221651,100.0,0.0,96.6883329436521,99.64928688332944,100.0,0.0,98.12789338321258,99.74281038110826,100.0,0.0,98.90869768529345,99.74281038110826,100.0,0.0,99.40916530278231
RNC_ECOLI_Weeks_2023,zs_wt_650M,18,99.48562076221651,100.0,0.0,96.04769698386717,99.74281038110826,100.0,0.0,97.77951835398646,99.74281038110826,100.0,0.0,98.76116436754735,99.74281038110826,100.0,0.0,99.3501519756839
RNC_ECOLI_Weeks_2023,zs_mm_8M,18,95.019873743278,0.0,0.0,84.95300444236615,96.93710544774375,0.0,0.0,90.25087678279168,99.13490764554594,100.0,0.0,94.61596913724574,99.64928688332944,100.0,0.0,97.58643909282206
RNC_ECOLI_Weeks_2023,zs_wt_8M,18,95.019873743278,0.0,0.0,88.6967500584522,99.13490764554594,100.0,0.0,92.80476969838675,99.48562076221651,100.0,0.0,96.02069207388358,99.64928688332944,100.0,0.0,98.1346738368015
RNC_ECOLI_Weeks_2023,random_search,19,98.57376665887304,0.0,0.0,93.90694411971006,98.59714753331775,0.0,0.0,96.24643441664718,99.81295300444236,100.0,0.0,97.69534720598551,99.81295300444236,100.0,0.0,98.96591068505961
RNC_ECOLI_Weeks_2023,random_walk,19,97.7554360533084,0.0,0.0,88.77905073649755,98.76081365443068,0.0,0.0,93.37783493102644,98.76081365443068,0.0,0.0,96.06932429272854,99.36871638999298,100.0,0.0,97.87753097965864
RNC_ECOLI_Weeks_2023,greedy_local,19,99.48562076221651,100.0,0.0,83.72597615150808,99.57914425999532,100.0,0.0,91.6432078559738,100.0,100.0,100.0,95.80897825578676,100.0,100.0,100.0,98.3235913023147
RNC_ECOLI_Weeks_2023,regevo,19,97.87234042553192,0.0,0.0,87.16015898994621,99.06476502221183,100.0,0.0,92.98129530044427,99.06476502221183,100.0,0.0,96.02303016132802,99.81295300444236,100.0,0.0,98.10890811316341
RNC_ECOLI_Weeks_2023,gpbo_ei,19,99.88309562777648,100.0,0.0,95.97241056815524,99.9766191255553,100.0,100.0,97.95674538227728,100.0,100.0,100.0,98.97521627308862,100.0,100.0,100.0,99.59008650923545
RNC_ECOLI_Weeks_2023,adalead_graph,19,96.93710544774375,0.0,0.0,86.06499883095627,98.03600654664484,0.0,0.0,91.56698620528408,98.57376665887304,0.0,0.0,94.9562777647884,99.81295300444236,100.0,0.0,97.79176993219545
RNC_ECOLI_Weeks_2023,fly,19,94.78606499883095,0.0,0.0,87.74140752864156,97.7554360533084,0.0,0.0,92.15805471124622,97.7554360533084,0.0,0.0,94.95674538227729,99.74281038110826,100.0,0.0,97.13149403787699
RNC_ECOLI_Weeks_2023,fly_memory,19,94.71592237549685,0.0,0.0,85.65115735328502,99.36871638999298,100.0,0.0,91.95113397241053,99.36871638999298,100.0,0.0,95.65992518120179,99.36871638999298,100.0,0.0,97.88519990647652
RNC_ECOLI_Weeks_2023,fly_best_tested,19,97.7554360533084,0.0,0.0,85.94108019639935,97.7554360533084,0.0,0.0,91.84825812485387,97.7554360533084,0.0,0.0,94.80184708908114,99.81295300444236,100.0,0.0,97.0087444470423
RNC_ECOLI_Weeks_2023,zs_mm_150M,19,99.48562076221651,100.0,0.0,96.14075286415711,99.64928688332944,100.0,0.0,97.82955342529814,99.74281038110826,100.0,0.0,98.74596679915828,99.90647650222118,100.0,100.0,99.3483282674772
RNC_ECOLI_Weeks_2023,zs_wt_150M,19,99.48562076221651,100.0,0.0,96.6883329436521,99.64928688332944,100.0,0.0,98.12789338321258,99.74281038110826,100.0,0.0,98.90869768529345,99.74281038110826,100.0,0.0,99.40916530278231
RNC_ECOLI_Weeks_2023,zs_wt_650M,19,99.48562076221651,100.0,0.0,96.04769698386717,99.74281038110826,100.0,0.0,97.77951835398646,99.74281038110826,100.0,0.0,98.76116436754735,99.74281038110826,100.0,0.0,99.3501519756839
RNC_ECOLI_Weeks_2023,zs_mm_8M,19,95.019873743278,0.0,0.0,84.95300444236615,96.93710544774375,0.0,0.0,90.25087678279168,99.13490764554594,100.0,0.0,94.61596913724574,99.64928688332944,100.0,0.0,97.58643909282206
RNC_ECOLI_Weeks_2023,zs_wt_8M,19,95.019873743278,0.0,0.0,88.6967500584522,99.13490764554594,100.0,0.0,92.80476969838675,99.48562076221651,100.0,0.0,96.02069207388358,99.64928688332944,100.0,0.0,98.1346738368015
